G4BL_DIR=/home/cr67/Software/install/
G4ABLADATA=/home/cr67/Geant4Data/G4ABLA3.1
G4LEDATA=/home/cr67/Geant4Data/G4EMLOW8.2
G4ENSDFSTATEDATA=/home/cr67/Geant4Data/G4ENSDFSTATE2.3
G4INCLDATA=/home/cr67/Geant4Data/G4INCL1.0
G4PARTICLEXSDATA=/home/cr67/Geant4Data/G4PARTICLEXS4.0
G4PIIDATA=/home/cr67/Geant4Data/G4PII1.3
G4LEVELGAMMADATA=/home/cr67/Geant4Data/PhotonEvaporation5.7
G4RADIOACTIVEDATA=/home/cr67/Geant4Data/RadioactiveDecay5.6
G4REALSURFACEDATA=/home/cr67/Geant4Data/RealSurface2.2
G4SAIDXSDATA=/home/cr67/Geant4Data/G4SAIDDATA2.0
G4TENDLDATA=/home/cr67/Geant4Data/G4TENDL1.4
Starting Geant4Data handling
BLMPI
G4beamline Process ID 52967

*************************************************************
 g4beamline version: 3.08                        (Sep 19 2025)
                      Copyright : Tom Roberts, Muons, Inc.
                        License : Gnu Public License
                            WWW : http://g4beamline.muonsinc.comStarting BLManager

**************************************************************
 Geant4 version Name: geant4-11-01-patch-01 [MT]   (10-February-2023)
                       Copyright : Geant4 Collaboration
                      References : NIM A 506 (2003), 250-303
                                 : IEEE-TNS 53 (2006), 270-278
                                 : NIM A 835 (2016), 186-225
                             WWW : http://geant4.org/
**************************************************************

geometry                   nPoints=100 printGeometry=0 visual=0
                           tolerance=0.002
param        cell_length   2000.0
param        n_cells       60
param        n_precells    10
param        output_planes_per_cell 1
param        output_cells  50
param        stochastics   1
param        disable       Decay
param        do_cooling    1
param        write_field_map_1d 1
param        pipe_radius   81.6
param        last_event    10000
param        c_light       299.792458
param        bessel_0      2.404825557695772
param        pi            3.141592653589793
param        epsMax        0.01
param        maxStep       100.0  (already defined)
param        eventTimeLimit 30  (already defined)
param        beamX         -6.7756345
param        beamY         -0.51321662
param        kinetic_energy 120.53575
param        ref_p         200
param        refBeamX      -7.0914947
param        refBeamY      -0.54795627
param        refBeamXp     0.0
param        refBeamYp     0.0
param        do_derivatives_solenoid 0
param        ds_b0         6.8517
param        ds_b1         1.0276
param        ds_b2         0.2165
param        ds_b3         0.0
param        ds_max_deriv  5
param        do_pancake_solenoid 0
param        sp1           1
param        sp2           -1
param        sp3           1
param        sp4           -1
param        n_sheets      5
param        max_z         1000
param        exact_computation 0
param        coil_tolerance 0.1
param        inner_radius_1 285
param        outer_radius_1 355
param        pancake_length_1 12
param        spacer_length_1 4
param        sol_z_1       77
param        n_pancakes_1  17
param        current_1     328.43
param        inner_radius_2 185
param        outer_radius_2 245
param        pancake_length_2 12
param        spacer_length_2 3
param        sol_z_2       45
param        n_pancakes_2  5
param        current_2     300.0
param        do_field_map_solenoid 1
param        field_map_solenoid_filename solenoid_field_map.txt
param        field_map_solenoid_current 1.0
param        write_field_map_2d 0
param        field_map_2d_filename fieldmap_2d
param        fieldmap_2d_z_spacing 5
param        fieldmap_2d_r_spacing 5
param        fieldmap_2d_r_max 250.0
param        cooling_dipole_field 0.1
param        dp_pos        0.025
param        dp_length     100
param        dp1           1
param        dp2           -1
param        dp3           -1
param        dp4           1
param        refNoEloss    1
param        refNoEfield   1
param        frequency     0.704
param        rf_phase      18.840516165747395
param        efield        30.0
param        iris_radius   81.493273
param        rf_length     188.56
param        window_thickness 1e-09
param        window_material Be
param        wall_thickness 0.4
param        n_rf_cells    3
param        rf_separation 5
param        wedge_alignment_angle1 -90
param        wedge_alignment_angle2 90
param        wedge_angle   10.0
param        wedge_thickness 20.0
param        wedge_offset_z 0.0
param        wedge_offset_trans 0
param        wedge_material LITHIUM_HYDRIDE
**************************************************************************
*** G4Exception: un-named arguments ignored
***    severity: Warning
***   issued by: param command
**************************************************************************

PARAMETERS:
            Zcl=0.0
          beamX=-6.7756345
          beamY=-0.51321662
       bessel_0=2.404825557695772
        c_light=299.792458
    cell_length=2000.0
 coil_tolerance=0.1
cooling_dipole_field=0.1
      current_1=328.43
      current_2=300.0
     deltaChord=3.0
deltaIntersection=0.1
   deltaOneStep=0.01
        disable=Decay
     do_cooling=1
do_derivatives_solenoid=0
do_field_map_solenoid=1
do_pancake_solenoid=0
            dp1=1
            dp2=-1
            dp3=-1
            dp4=1
      dp_length=100
         dp_pos=0.025
          ds_b0=6.8517
          ds_b1=1.0276
          ds_b2=0.2165
          ds_b3=0.0
   ds_max_deriv=5
         efield=30.0
         epsMax=0.01
         epsMin=2.5e-7
 eventTimeLimit=30
exact_computation=0
    fieldVoxels=200,200,200
field_map_2d_filename=fieldmap_2d
field_map_solenoid_current=1.0
field_map_solenoid_filename=solenoid_field_map.txt
fieldmap_2d_r_max=250.0
fieldmap_2d_r_spacing=5
fieldmap_2d_z_spacing=5
      frequency=0.704
      histoFile=g4beamline
    histoUpdate=0
 inner_radius_1=285
 inner_radius_2=185
    iris_radius=81.493273
 kinetic_energy=120.53575
     last_event=10000
        maxStep=100.0
          max_z=1000
        minStep=0.01
        n_cells=60
   n_pancakes_1=17
   n_pancakes_2=5
     n_precells=10
     n_rf_cells=3
       n_sheets=5
 outer_radius_1=355
 outer_radius_2=245
   output_cells=50
output_planes_per_cell=1
pancake_length_1=12
pancake_length_2=12
             pi=3.141592653589793
    pipe_radius=81.6
       refBeamX=-7.0914947
      refBeamXp=0.0
       refBeamY=-0.54795627
      refBeamYp=0.0
    refNoEfield=1
     refNoEloss=1
          ref_p=200
      rf_length=188.56
       rf_phase=18.840516165747395
  rf_separation=5
        sol_z_1=77
        sol_z_2=45
            sp1=1
            sp2=-1
            sp3=1
            sp4=-1
spacer_length_1=4
spacer_length_2=3
 steppingFormat=N GLOBAL CL KE STEP VOL PROCESS
steppingVerbose=0
    stochastics=1
         viewer=none
 wallClockLimit=-1
 wall_thickness=0.4
wedge_alignment_angle1=-90
wedge_alignment_angle2=90
    wedge_angle=10.0
 wedge_material=LITHIUM_HYDRIDE
wedge_offset_trans=0
 wedge_offset_z=0.0
wedge_thickness=20.0
window_material=Be
window_thickness=1e-09
  worldMaterial=Vacuum
write_field_map_1d=1
write_field_map_2d=0
     zTolerance=2.0
param        wedge_r       80.6
param        do_wedge      1
param        wedge_dh      114.30052
param        wedge_h       194.90052
param        wedge_t1      34.103173
param        wedge_t0      0.005
param        wedge_rot     90
param        wedge_z       16.85026
param        output_z_max  100000
param        output_z_step 2000
G4PhysListFactory::GetReferencePhysList <QGSP_BIC>  EMoption= 0
<<< Geant4 Physics List simulation engine: QGSP_BIC


physics      QGSP_BIC      disable=Decay inactivate=Decay deactivate=Decay
                           doStochastics=1 fluct=1 minRangeCut=1 list=0
                           gammaToMuPair=0 spinTracking=0
                           synchrotronRadiation=0 synchrotronRadiationMuon=0
                           maxTime=1e+06
BLFieldMap: reading file 'solenoid_field_map.txt'
* Field map generated from # field_out_2d
fieldmap     solenoid_field_map filename=solenoid_field_map.txt
                           file=solenoid_field_map.txt current=1 gradient=1
                           timeOffset=0
trap         wedge_trap    height=194.9 upperWidth=0.005 lowerWidth=34.1 Xul=0
                           Xur=0 Xll=0 Xlr=0 length=161.2 maxStep=100
                           material=LITHIUM_HYDRIDE color=1,0,0 kill=0
tubs         wedge_beampipeinner innerRadius=0 outerRadius=80.6 initialPhi=0
                           finalPhi=360 length=450 maxStep=100 material=
                           color=1,1,1 kill=0 radius=80.6
boolean      wedge         maxStep=100 material=LITHIUM_HYDRIDE color=1,1,1
                           kill=0 op=intersection x=0 y=16.85 z=0 rotation=Y90
tubs         wedge_marker  innerRadius=81.6 outerRadius=90.6 initialPhi=0
                           finalPhi=360 length=1 maxStep=100 material=
                           color=0.6,0.5,0.0 kill=0 radius=90.6
tubs         minus         innerRadius=0 outerRadius=10 initialPhi=0
                           finalPhi=360 length=10 maxStep=100 material=
                           color=0,0,1 kill=1 radius=10
tubs         plus          innerRadius=0 outerRadius=10 initialPhi=0
                           finalPhi=360 length=10 maxStep=100 material=
                           color=1,0,0 kill=1 radius=10
genericbend  solbend       fieldWidth=1000 fieldHeight=1000 fieldLength=100
                           ironWidth=-1 ironHeight=-1 ironLength=-1 By=0.1
                           maxStep=100 fieldMaterial=Vacuum fieldColor=
                           ironMaterial=Fe ironColor=1,1,1 kill=1 fringe=0
                           fringeFactor=1 openAperture=1
param        rf_spacing    194.36
pillbox      rf            maxGradient=30 color=1.0,0.0,0.0 frequency=0.704
                           innerLength=188.6 innerRadius=163 pipeThick=0.4
                           wallThick=0.4 irisRadius=81.49 collarRadialThick=0
                           collarThick=0 win1Thick=0 win1OuterRadius=81.49
                           win2Thick=0 winMat=Be phaseAcc=18.84
                           skinDepth=0.002 timingTolerance=0.001 maxStep=100
                           cavityMaterial=Vacuum timeOffset=-4.7e+21
                           timeIncrement=0 fieldMapFile= kill=1
tubs         rf_window     innerRadius=0 outerRadius=81.49 initialPhi=0
                           finalPhi=360 length=1e-09 maxStep=100 material=Be
                           color=1,1,1 kill=0 radius=81.49
do cell_index=-10,60,1
(do cell_index=-10)
place   solbend copies=1 x=0.0 y=0.0 z=-19950.0 rename='solbend_-10.1'
                By=0.1*1
place   solbend copies=1 x=0.0 y=0.0 z=-19050.0 rename='solbend_-10.2'
                By=0.1*-1
place   solbend copies=1 x=0.0 y=0.0 z=-18950.0 rename='solbend_-10.3'
                By=0.1*-1
place   solbend copies=1 x=0.0 y=0.0 z=-18050.0 rename='solbend_-10.4'
                By=0.1*1
place   solenoid_field_map copies=1 x=0.0 y=0.0 z=-18000.0 rename='field_map_-10'
place   minus   copies=1 x=-500.0 y=0.0 z=-20000.0 
place   plus    copies=1 x=500.0 y=0.0 z=-20000.0 
(do cell_index=-9)
place   solbend copies=1 x=0.0 y=0.0 z=-17950.0 rename='solbend_-9.1'
                By=0.1*1
place   solbend copies=1 x=0.0 y=0.0 z=-17050.0 rename='solbend_-9.2'
                By=0.1*-1
place   solbend copies=1 x=0.0 y=0.0 z=-16950.0 rename='solbend_-9.3'
                By=0.1*-1
place   solbend copies=1 x=0.0 y=0.0 z=-16050.0 rename='solbend_-9.4'
                By=0.1*1
place   solenoid_field_map copies=1 x=0.0 y=0.0 z=-16000.0 rename='field_map_-9'
place   minus   copies=1 x=-500.0 y=0.0 z=-18000.0 
place   plus    copies=1 x=500.0 y=0.0 z=-18000.0 
(do cell_index=-8)
place   solbend copies=1 x=0.0 y=0.0 z=-15950.0 rename='solbend_-8.1'
                By=0.1*1
place   solbend copies=1 x=0.0 y=0.0 z=-15050.0 rename='solbend_-8.2'
                By=0.1*-1
place   solbend copies=1 x=0.0 y=0.0 z=-14950.0 rename='solbend_-8.3'
                By=0.1*-1
place   solbend copies=1 x=0.0 y=0.0 z=-14050.0 rename='solbend_-8.4'
                By=0.1*1
place   solenoid_field_map copies=1 x=0.0 y=0.0 z=-14000.0 rename='field_map_-8'
place   minus   copies=1 x=-500.0 y=0.0 z=-16000.0 
place   plus    copies=1 x=500.0 y=0.0 z=-16000.0 
(do cell_index=-7)
place   solbend copies=1 x=0.0 y=0.0 z=-13950.0 rename='solbend_-7.1'
                By=0.1*1
place   solbend copies=1 x=0.0 y=0.0 z=-13050.0 rename='solbend_-7.2'
                By=0.1*-1
place   solbend copies=1 x=0.0 y=0.0 z=-12950.0 rename='solbend_-7.3'
                By=0.1*-1
place   solbend copies=1 x=0.0 y=0.0 z=-12050.0 rename='solbend_-7.4'
                By=0.1*1
place   solenoid_field_map copies=1 x=0.0 y=0.0 z=-12000.0 rename='field_map_-7'
place   minus   copies=1 x=-500.0 y=0.0 z=-14000.0 
place   plus    copies=1 x=500.0 y=0.0 z=-14000.0 
(do cell_index=-6)
place   solbend copies=1 x=0.0 y=0.0 z=-11950.0 rename='solbend_-6.1'
                By=0.1*1
place   solbend copies=1 x=0.0 y=0.0 z=-11050.0 rename='solbend_-6.2'
                By=0.1*-1
place   solbend copies=1 x=0.0 y=0.0 z=-10950.0 rename='solbend_-6.3'
                By=0.1*-1
place   solbend copies=1 x=0.0 y=0.0 z=-10050.0 rename='solbend_-6.4'
                By=0.1*1
place   solenoid_field_map copies=1 x=0.0 y=0.0 z=-10000.0 rename='field_map_-6'
place   minus   copies=1 x=-500.0 y=0.0 z=-12000.0 
place   plus    copies=1 x=500.0 y=0.0 z=-12000.0 
(do cell_index=-5)
place   solbend copies=1 x=0.0 y=0.0 z=-9950.0 rename='solbend_-5.1'
                By=0.1*1
place   solbend copies=1 x=0.0 y=0.0 z=-9050.0 rename='solbend_-5.2'
                By=0.1*-1
place   solbend copies=1 x=0.0 y=0.0 z=-8950.0 rename='solbend_-5.3'
                By=0.1*-1
place   solbend copies=1 x=0.0 y=0.0 z=-8050.0 rename='solbend_-5.4'
                By=0.1*1
place   solenoid_field_map copies=1 x=0.0 y=0.0 z=-8000.0 rename='field_map_-5'
place   minus   copies=1 x=-500.0 y=0.0 z=-10000.0 
place   plus    copies=1 x=500.0 y=0.0 z=-10000.0 
(do cell_index=-4)
place   solbend copies=1 x=0.0 y=0.0 z=-7950.0 rename='solbend_-4.1'
                By=0.1*1
place   solbend copies=1 x=0.0 y=0.0 z=-7050.0 rename='solbend_-4.2'
                By=0.1*-1
place   solbend copies=1 x=0.0 y=0.0 z=-6950.0 rename='solbend_-4.3'
                By=0.1*-1
place   solbend copies=1 x=0.0 y=0.0 z=-6050.0 rename='solbend_-4.4'
                By=0.1*1
place   solenoid_field_map copies=1 x=0.0 y=0.0 z=-6000.0 rename='field_map_-4'
place   minus   copies=1 x=-500.0 y=0.0 z=-8000.0 
place   plus    copies=1 x=500.0 y=0.0 z=-8000.0 
(do cell_index=-3)
place   solbend copies=1 x=0.0 y=0.0 z=-5950.0 rename='solbend_-3.1'
                By=0.1*1
place   solbend copies=1 x=0.0 y=0.0 z=-5050.0 rename='solbend_-3.2'
                By=0.1*-1
place   solbend copies=1 x=0.0 y=0.0 z=-4950.0 rename='solbend_-3.3'
                By=0.1*-1
place   solbend copies=1 x=0.0 y=0.0 z=-4050.0 rename='solbend_-3.4'
                By=0.1*1
place   solenoid_field_map copies=1 x=0.0 y=0.0 z=-4000.0 rename='field_map_-3'
place   minus   copies=1 x=-500.0 y=0.0 z=-6000.0 
place   plus    copies=1 x=500.0 y=0.0 z=-6000.0 
(do cell_index=-2)
place   solbend copies=1 x=0.0 y=0.0 z=-3950.0 rename='solbend_-2.1'
                By=0.1*1
place   solbend copies=1 x=0.0 y=0.0 z=-3050.0 rename='solbend_-2.2'
                By=0.1*-1
place   solbend copies=1 x=0.0 y=0.0 z=-2950.0 rename='solbend_-2.3'
                By=0.1*-1
place   solbend copies=1 x=0.0 y=0.0 z=-2050.0 rename='solbend_-2.4'
                By=0.1*1
place   solenoid_field_map copies=1 x=0.0 y=0.0 z=-2000.0 rename='field_map_-2'
place   minus   copies=1 x=-500.0 y=0.0 z=-4000.0 
place   plus    copies=1 x=500.0 y=0.0 z=-4000.0 
(do cell_index=-1)
place   solbend copies=1 x=0.0 y=0.0 z=-1950.0 rename='solbend_-1.1'
                By=0.1*1
place   solbend copies=1 x=0.0 y=0.0 z=-1050.0 rename='solbend_-1.2'
                By=0.1*-1
place   solbend copies=1 x=0.0 y=0.0 z=-950.0 rename='solbend_-1.3'
                By=0.1*-1
place   solbend copies=1 x=0.0 y=0.0 z=-50.0 rename='solbend_-1.4'
                By=0.1*1
place   solenoid_field_map copies=1 x=0.0 y=0.0 z=0.0 rename='field_map_-1'
place   minus   copies=1 x=-500.0 y=0.0 z=-2000.0 
place   plus    copies=1 x=500.0 y=0.0 z=-2000.0 
(do cell_index=0)
place   solbend copies=1 x=0.0 y=0.0 z=50.0 rename='solbend_0.1'
                By=0.1*1
place   solbend copies=1 x=0.0 y=0.0 z=950.0 rename='solbend_0.2'
                By=0.1*-1
place   solbend copies=1 x=0.0 y=0.0 z=1050.0 rename='solbend_0.3'
                By=0.1*-1
place   solbend copies=1 x=0.0 y=0.0 z=1950.0 rename='solbend_0.4'
                By=0.1*1
place   solenoid_field_map copies=1 x=0.0 y=0.0 z=2000.0 rename='field_map_0'
place   minus   copies=1 x=-500.0 y=0.0 z=0.0 
place   plus    copies=1 x=500.0 y=0.0 z=0.0 
(do cell_index=1)
place   solbend copies=1 x=0.0 y=0.0 z=2050.0 rename='solbend_1.1'
                By=0.1*1
place   solbend copies=1 x=0.0 y=0.0 z=2950.0 rename='solbend_1.2'
                By=0.1*-1
place   solbend copies=1 x=0.0 y=0.0 z=3050.0 rename='solbend_1.3'
                By=0.1*-1
place   solbend copies=1 x=0.0 y=0.0 z=3950.0 rename='solbend_1.4'
                By=0.1*1
place   solenoid_field_map copies=1 x=0.0 y=0.0 z=4000.0 rename='field_map_1'
place   minus   copies=1 x=-500.0 y=0.0 z=2000.0 
place   plus    copies=1 x=500.0 y=0.0 z=2000.0 
(do cell_index=2)
place   solbend copies=1 x=0.0 y=0.0 z=4050.0 rename='solbend_2.1'
                By=0.1*1
place   solbend copies=1 x=0.0 y=0.0 z=4950.0 rename='solbend_2.2'
                By=0.1*-1
place   solbend copies=1 x=0.0 y=0.0 z=5050.0 rename='solbend_2.3'
                By=0.1*-1
place   solbend copies=1 x=0.0 y=0.0 z=5950.0 rename='solbend_2.4'
                By=0.1*1
place   solenoid_field_map copies=1 x=0.0 y=0.0 z=6000.0 rename='field_map_2'
place   minus   copies=1 x=-500.0 y=0.0 z=4000.0 
place   plus    copies=1 x=500.0 y=0.0 z=4000.0 
(do cell_index=3)
place   solbend copies=1 x=0.0 y=0.0 z=6050.0 rename='solbend_3.1'
                By=0.1*1
place   solbend copies=1 x=0.0 y=0.0 z=6950.0 rename='solbend_3.2'
                By=0.1*-1
place   solbend copies=1 x=0.0 y=0.0 z=7050.0 rename='solbend_3.3'
                By=0.1*-1
place   solbend copies=1 x=0.0 y=0.0 z=7950.0 rename='solbend_3.4'
                By=0.1*1
place   solenoid_field_map copies=1 x=0.0 y=0.0 z=8000.0 rename='field_map_3'
place   minus   copies=1 x=-500.0 y=0.0 z=6000.0 
place   plus    copies=1 x=500.0 y=0.0 z=6000.0 
(do cell_index=4)
place   solbend copies=1 x=0.0 y=0.0 z=8050.0 rename='solbend_4.1'
                By=0.1*1
place   solbend copies=1 x=0.0 y=0.0 z=8950.0 rename='solbend_4.2'
                By=0.1*-1
place   solbend copies=1 x=0.0 y=0.0 z=9050.0 rename='solbend_4.3'
                By=0.1*-1
place   solbend copies=1 x=0.0 y=0.0 z=9950.0 rename='solbend_4.4'
                By=0.1*1
place   solenoid_field_map copies=1 x=0.0 y=0.0 z=10000.0 rename='field_map_4'
place   minus   copies=1 x=-500.0 y=0.0 z=8000.0 
place   plus    copies=1 x=500.0 y=0.0 z=8000.0 
(do cell_index=5)
place   solbend copies=1 x=0.0 y=0.0 z=10050.0 rename='solbend_5.1'
                By=0.1*1
place   solbend copies=1 x=0.0 y=0.0 z=10950.0 rename='solbend_5.2'
                By=0.1*-1
place   solbend copies=1 x=0.0 y=0.0 z=11050.0 rename='solbend_5.3'
                By=0.1*-1
place   solbend copies=1 x=0.0 y=0.0 z=11950.0 rename='solbend_5.4'
                By=0.1*1
place   solenoid_field_map copies=1 x=0.0 y=0.0 z=12000.0 rename='field_map_5'
place   minus   copies=1 x=-500.0 y=0.0 z=10000.0 
place   plus    copies=1 x=500.0 y=0.0 z=10000.0 
(do cell_index=6)
place   solbend copies=1 x=0.0 y=0.0 z=12050.0 rename='solbend_6.1'
                By=0.1*1
place   solbend copies=1 x=0.0 y=0.0 z=12950.0 rename='solbend_6.2'
                By=0.1*-1
place   solbend copies=1 x=0.0 y=0.0 z=13050.0 rename='solbend_6.3'
                By=0.1*-1
place   solbend copies=1 x=0.0 y=0.0 z=13950.0 rename='solbend_6.4'
                By=0.1*1
place   solenoid_field_map copies=1 x=0.0 y=0.0 z=14000.0 rename='field_map_6'
place   minus   copies=1 x=-500.0 y=0.0 z=12000.0 
place   plus    copies=1 x=500.0 y=0.0 z=12000.0 
(do cell_index=7)
place   solbend copies=1 x=0.0 y=0.0 z=14050.0 rename='solbend_7.1'
                By=0.1*1
place   solbend copies=1 x=0.0 y=0.0 z=14950.0 rename='solbend_7.2'
                By=0.1*-1
place   solbend copies=1 x=0.0 y=0.0 z=15050.0 rename='solbend_7.3'
                By=0.1*-1
place   solbend copies=1 x=0.0 y=0.0 z=15950.0 rename='solbend_7.4'
                By=0.1*1
place   solenoid_field_map copies=1 x=0.0 y=0.0 z=16000.0 rename='field_map_7'
place   minus   copies=1 x=-500.0 y=0.0 z=14000.0 
place   plus    copies=1 x=500.0 y=0.0 z=14000.0 
(do cell_index=8)
place   solbend copies=1 x=0.0 y=0.0 z=16050.0 rename='solbend_8.1'
                By=0.1*1
place   solbend copies=1 x=0.0 y=0.0 z=16950.0 rename='solbend_8.2'
                By=0.1*-1
place   solbend copies=1 x=0.0 y=0.0 z=17050.0 rename='solbend_8.3'
                By=0.1*-1
place   solbend copies=1 x=0.0 y=0.0 z=17950.0 rename='solbend_8.4'
                By=0.1*1
place   solenoid_field_map copies=1 x=0.0 y=0.0 z=18000.0 rename='field_map_8'
place   minus   copies=1 x=-500.0 y=0.0 z=16000.0 
place   plus    copies=1 x=500.0 y=0.0 z=16000.0 
(do cell_index=9)
place   solbend copies=1 x=0.0 y=0.0 z=18050.0 rename='solbend_9.1'
                By=0.1*1
place   solbend copies=1 x=0.0 y=0.0 z=18950.0 rename='solbend_9.2'
                By=0.1*-1
place   solbend copies=1 x=0.0 y=0.0 z=19050.0 rename='solbend_9.3'
                By=0.1*-1
place   solbend copies=1 x=0.0 y=0.0 z=19950.0 rename='solbend_9.4'
                By=0.1*1
place   solenoid_field_map copies=1 x=0.0 y=0.0 z=20000.0 rename='field_map_9'
place   minus   copies=1 x=-500.0 y=0.0 z=18000.0 
place   plus    copies=1 x=500.0 y=0.0 z=18000.0 
(do cell_index=10)
place   solbend copies=1 x=0.0 y=0.0 z=20050.0 rename='solbend_10.1'
                By=0.1*1
place   solbend copies=1 x=0.0 y=0.0 z=20950.0 rename='solbend_10.2'
                By=0.1*-1
place   solbend copies=1 x=0.0 y=0.0 z=21050.0 rename='solbend_10.3'
                By=0.1*-1
place   solbend copies=1 x=0.0 y=0.0 z=21950.0 rename='solbend_10.4'
                By=0.1*1
place   solenoid_field_map copies=1 x=0.0 y=0.0 z=22000.0 rename='field_map_10'
place   minus   copies=1 x=-500.0 y=0.0 z=20000.0 
place   plus    copies=1 x=500.0 y=0.0 z=20000.0 
(do cell_index=11)
place   solbend copies=1 x=0.0 y=0.0 z=22050.0 rename='solbend_11.1'
                By=0.1*1
place   solbend copies=1 x=0.0 y=0.0 z=22950.0 rename='solbend_11.2'
                By=0.1*-1
place   solbend copies=1 x=0.0 y=0.0 z=23050.0 rename='solbend_11.3'
                By=0.1*-1
place   solbend copies=1 x=0.0 y=0.0 z=23950.0 rename='solbend_11.4'
                By=0.1*1
place   solenoid_field_map copies=1 x=0.0 y=0.0 z=24000.0 rename='field_map_11'
place   minus   copies=1 x=-500.0 y=0.0 z=22000.0 
place   plus    copies=1 x=500.0 y=0.0 z=22000.0 
(do cell_index=12)
place   solbend copies=1 x=0.0 y=0.0 z=24050.0 rename='solbend_12.1'
                By=0.1*1
place   solbend copies=1 x=0.0 y=0.0 z=24950.0 rename='solbend_12.2'
                By=0.1*-1
place   solbend copies=1 x=0.0 y=0.0 z=25050.0 rename='solbend_12.3'
                By=0.1*-1
place   solbend copies=1 x=0.0 y=0.0 z=25950.0 rename='solbend_12.4'
                By=0.1*1
place   solenoid_field_map copies=1 x=0.0 y=0.0 z=26000.0 rename='field_map_12'
place   minus   copies=1 x=-500.0 y=0.0 z=24000.0 
place   plus    copies=1 x=500.0 y=0.0 z=24000.0 
(do cell_index=13)
place   solbend copies=1 x=0.0 y=0.0 z=26050.0 rename='solbend_13.1'
                By=0.1*1
place   solbend copies=1 x=0.0 y=0.0 z=26950.0 rename='solbend_13.2'
                By=0.1*-1
place   solbend copies=1 x=0.0 y=0.0 z=27050.0 rename='solbend_13.3'
                By=0.1*-1
place   solbend copies=1 x=0.0 y=0.0 z=27950.0 rename='solbend_13.4'
                By=0.1*1
place   solenoid_field_map copies=1 x=0.0 y=0.0 z=28000.0 rename='field_map_13'
place   minus   copies=1 x=-500.0 y=0.0 z=26000.0 
place   plus    copies=1 x=500.0 y=0.0 z=26000.0 
(do cell_index=14)
place   solbend copies=1 x=0.0 y=0.0 z=28050.0 rename='solbend_14.1'
                By=0.1*1
place   solbend copies=1 x=0.0 y=0.0 z=28950.0 rename='solbend_14.2'
                By=0.1*-1
place   solbend copies=1 x=0.0 y=0.0 z=29050.0 rename='solbend_14.3'
                By=0.1*-1
place   solbend copies=1 x=0.0 y=0.0 z=29950.0 rename='solbend_14.4'
                By=0.1*1
place   solenoid_field_map copies=1 x=0.0 y=0.0 z=30000.0 rename='field_map_14'
place   minus   copies=1 x=-500.0 y=0.0 z=28000.0 
place   plus    copies=1 x=500.0 y=0.0 z=28000.0 
(do cell_index=15)
place   solbend copies=1 x=0.0 y=0.0 z=30050.0 rename='solbend_15.1'
                By=0.1*1
place   solbend copies=1 x=0.0 y=0.0 z=30950.0 rename='solbend_15.2'
                By=0.1*-1
place   solbend copies=1 x=0.0 y=0.0 z=31050.0 rename='solbend_15.3'
                By=0.1*-1
place   solbend copies=1 x=0.0 y=0.0 z=31950.0 rename='solbend_15.4'
                By=0.1*1
place   solenoid_field_map copies=1 x=0.0 y=0.0 z=32000.0 rename='field_map_15'
place   minus   copies=1 x=-500.0 y=0.0 z=30000.0 
place   plus    copies=1 x=500.0 y=0.0 z=30000.0 
(do cell_index=16)
place   solbend copies=1 x=0.0 y=0.0 z=32050.0 rename='solbend_16.1'
                By=0.1*1
place   solbend copies=1 x=0.0 y=0.0 z=32950.0 rename='solbend_16.2'
                By=0.1*-1
place   solbend copies=1 x=0.0 y=0.0 z=33050.0 rename='solbend_16.3'
                By=0.1*-1
place   solbend copies=1 x=0.0 y=0.0 z=33950.0 rename='solbend_16.4'
                By=0.1*1
place   solenoid_field_map copies=1 x=0.0 y=0.0 z=34000.0 rename='field_map_16'
place   minus   copies=1 x=-500.0 y=0.0 z=32000.0 
place   plus    copies=1 x=500.0 y=0.0 z=32000.0 
(do cell_index=17)
place   solbend copies=1 x=0.0 y=0.0 z=34050.0 rename='solbend_17.1'
                By=0.1*1
place   solbend copies=1 x=0.0 y=0.0 z=34950.0 rename='solbend_17.2'
                By=0.1*-1
place   solbend copies=1 x=0.0 y=0.0 z=35050.0 rename='solbend_17.3'
                By=0.1*-1
place   solbend copies=1 x=0.0 y=0.0 z=35950.0 rename='solbend_17.4'
                By=0.1*1
place   solenoid_field_map copies=1 x=0.0 y=0.0 z=36000.0 rename='field_map_17'
place   minus   copies=1 x=-500.0 y=0.0 z=34000.0 
place   plus    copies=1 x=500.0 y=0.0 z=34000.0 
(do cell_index=18)
place   solbend copies=1 x=0.0 y=0.0 z=36050.0 rename='solbend_18.1'
                By=0.1*1
place   solbend copies=1 x=0.0 y=0.0 z=36950.0 rename='solbend_18.2'
                By=0.1*-1
place   solbend copies=1 x=0.0 y=0.0 z=37050.0 rename='solbend_18.3'
                By=0.1*-1
place   solbend copies=1 x=0.0 y=0.0 z=37950.0 rename='solbend_18.4'
                By=0.1*1
place   solenoid_field_map copies=1 x=0.0 y=0.0 z=38000.0 rename='field_map_18'
place   minus   copies=1 x=-500.0 y=0.0 z=36000.0 
place   plus    copies=1 x=500.0 y=0.0 z=36000.0 
(do cell_index=19)
place   solbend copies=1 x=0.0 y=0.0 z=38050.0 rename='solbend_19.1'
                By=0.1*1
place   solbend copies=1 x=0.0 y=0.0 z=38950.0 rename='solbend_19.2'
                By=0.1*-1
place   solbend copies=1 x=0.0 y=0.0 z=39050.0 rename='solbend_19.3'
                By=0.1*-1
place   solbend copies=1 x=0.0 y=0.0 z=39950.0 rename='solbend_19.4'
                By=0.1*1
place   solenoid_field_map copies=1 x=0.0 y=0.0 z=40000.0 rename='field_map_19'
place   minus   copies=1 x=-500.0 y=0.0 z=38000.0 
place   plus    copies=1 x=500.0 y=0.0 z=38000.0 
(do cell_index=20)
place   solbend copies=1 x=0.0 y=0.0 z=40050.0 rename='solbend_20.1'
                By=0.1*1
place   solbend copies=1 x=0.0 y=0.0 z=40950.0 rename='solbend_20.2'
                By=0.1*-1
place   solbend copies=1 x=0.0 y=0.0 z=41050.0 rename='solbend_20.3'
                By=0.1*-1
place   solbend copies=1 x=0.0 y=0.0 z=41950.0 rename='solbend_20.4'
                By=0.1*1
place   solenoid_field_map copies=1 x=0.0 y=0.0 z=42000.0 rename='field_map_20'
place   minus   copies=1 x=-500.0 y=0.0 z=40000.0 
place   plus    copies=1 x=500.0 y=0.0 z=40000.0 
(do cell_index=21)
place   solbend copies=1 x=0.0 y=0.0 z=42050.0 rename='solbend_21.1'
                By=0.1*1
place   solbend copies=1 x=0.0 y=0.0 z=42950.0 rename='solbend_21.2'
                By=0.1*-1
place   solbend copies=1 x=0.0 y=0.0 z=43050.0 rename='solbend_21.3'
                By=0.1*-1
place   solbend copies=1 x=0.0 y=0.0 z=43950.0 rename='solbend_21.4'
                By=0.1*1
place   solenoid_field_map copies=1 x=0.0 y=0.0 z=44000.0 rename='field_map_21'
place   minus   copies=1 x=-500.0 y=0.0 z=42000.0 
place   plus    copies=1 x=500.0 y=0.0 z=42000.0 
(do cell_index=22)
place   solbend copies=1 x=0.0 y=0.0 z=44050.0 rename='solbend_22.1'
                By=0.1*1
place   solbend copies=1 x=0.0 y=0.0 z=44950.0 rename='solbend_22.2'
                By=0.1*-1
place   solbend copies=1 x=0.0 y=0.0 z=45050.0 rename='solbend_22.3'
                By=0.1*-1
place   solbend copies=1 x=0.0 y=0.0 z=45950.0 rename='solbend_22.4'
                By=0.1*1
place   solenoid_field_map copies=1 x=0.0 y=0.0 z=46000.0 rename='field_map_22'
place   minus   copies=1 x=-500.0 y=0.0 z=44000.0 
place   plus    copies=1 x=500.0 y=0.0 z=44000.0 
(do cell_index=23)
place   solbend copies=1 x=0.0 y=0.0 z=46050.0 rename='solbend_23.1'
                By=0.1*1
place   solbend copies=1 x=0.0 y=0.0 z=46950.0 rename='solbend_23.2'
                By=0.1*-1
place   solbend copies=1 x=0.0 y=0.0 z=47050.0 rename='solbend_23.3'
                By=0.1*-1
place   solbend copies=1 x=0.0 y=0.0 z=47950.0 rename='solbend_23.4'
                By=0.1*1
place   solenoid_field_map copies=1 x=0.0 y=0.0 z=48000.0 rename='field_map_23'
place   minus   copies=1 x=-500.0 y=0.0 z=46000.0 
place   plus    copies=1 x=500.0 y=0.0 z=46000.0 
(do cell_index=24)
place   solbend copies=1 x=0.0 y=0.0 z=48050.0 rename='solbend_24.1'
                By=0.1*1
place   solbend copies=1 x=0.0 y=0.0 z=48950.0 rename='solbend_24.2'
                By=0.1*-1
place   solbend copies=1 x=0.0 y=0.0 z=49050.0 rename='solbend_24.3'
                By=0.1*-1
place   solbend copies=1 x=0.0 y=0.0 z=49950.0 rename='solbend_24.4'
                By=0.1*1
place   solenoid_field_map copies=1 x=0.0 y=0.0 z=50000.0 rename='field_map_24'
place   minus   copies=1 x=-500.0 y=0.0 z=48000.0 
place   plus    copies=1 x=500.0 y=0.0 z=48000.0 
(do cell_index=25)
place   solbend copies=1 x=0.0 y=0.0 z=50050.0 rename='solbend_25.1'
                By=0.1*1
place   solbend copies=1 x=0.0 y=0.0 z=50950.0 rename='solbend_25.2'
                By=0.1*-1
place   solbend copies=1 x=0.0 y=0.0 z=51050.0 rename='solbend_25.3'
                By=0.1*-1
place   solbend copies=1 x=0.0 y=0.0 z=51950.0 rename='solbend_25.4'
                By=0.1*1
place   solenoid_field_map copies=1 x=0.0 y=0.0 z=52000.0 rename='field_map_25'
place   minus   copies=1 x=-500.0 y=0.0 z=50000.0 
place   plus    copies=1 x=500.0 y=0.0 z=50000.0 
(do cell_index=26)
place   solbend copies=1 x=0.0 y=0.0 z=52050.0 rename='solbend_26.1'
                By=0.1*1
place   solbend copies=1 x=0.0 y=0.0 z=52950.0 rename='solbend_26.2'
                By=0.1*-1
place   solbend copies=1 x=0.0 y=0.0 z=53050.0 rename='solbend_26.3'
                By=0.1*-1
place   solbend copies=1 x=0.0 y=0.0 z=53950.0 rename='solbend_26.4'
                By=0.1*1
place   solenoid_field_map copies=1 x=0.0 y=0.0 z=54000.0 rename='field_map_26'
place   minus   copies=1 x=-500.0 y=0.0 z=52000.0 
place   plus    copies=1 x=500.0 y=0.0 z=52000.0 
(do cell_index=27)
place   solbend copies=1 x=0.0 y=0.0 z=54050.0 rename='solbend_27.1'
                By=0.1*1
place   solbend copies=1 x=0.0 y=0.0 z=54950.0 rename='solbend_27.2'
                By=0.1*-1
place   solbend copies=1 x=0.0 y=0.0 z=55050.0 rename='solbend_27.3'
                By=0.1*-1
place   solbend copies=1 x=0.0 y=0.0 z=55950.0 rename='solbend_27.4'
                By=0.1*1
place   solenoid_field_map copies=1 x=0.0 y=0.0 z=56000.0 rename='field_map_27'
place   minus   copies=1 x=-500.0 y=0.0 z=54000.0 
place   plus    copies=1 x=500.0 y=0.0 z=54000.0 
(do cell_index=28)
place   solbend copies=1 x=0.0 y=0.0 z=56050.0 rename='solbend_28.1'
                By=0.1*1
place   solbend copies=1 x=0.0 y=0.0 z=56950.0 rename='solbend_28.2'
                By=0.1*-1
place   solbend copies=1 x=0.0 y=0.0 z=57050.0 rename='solbend_28.3'
                By=0.1*-1
place   solbend copies=1 x=0.0 y=0.0 z=57950.0 rename='solbend_28.4'
                By=0.1*1
place   solenoid_field_map copies=1 x=0.0 y=0.0 z=58000.0 rename='field_map_28'
place   minus   copies=1 x=-500.0 y=0.0 z=56000.0 
place   plus    copies=1 x=500.0 y=0.0 z=56000.0 
(do cell_index=29)
place   solbend copies=1 x=0.0 y=0.0 z=58050.0 rename='solbend_29.1'
                By=0.1*1
place   solbend copies=1 x=0.0 y=0.0 z=58950.0 rename='solbend_29.2'
                By=0.1*-1
place   solbend copies=1 x=0.0 y=0.0 z=59050.0 rename='solbend_29.3'
                By=0.1*-1
place   solbend copies=1 x=0.0 y=0.0 z=59950.0 rename='solbend_29.4'
                By=0.1*1
place   solenoid_field_map copies=1 x=0.0 y=0.0 z=60000.0 rename='field_map_29'
place   minus   copies=1 x=-500.0 y=0.0 z=58000.0 
place   plus    copies=1 x=500.0 y=0.0 z=58000.0 
(do cell_index=30)
place   solbend copies=1 x=0.0 y=0.0 z=60050.0 rename='solbend_30.1'
                By=0.1*1
place   solbend copies=1 x=0.0 y=0.0 z=60950.0 rename='solbend_30.2'
                By=0.1*-1
place   solbend copies=1 x=0.0 y=0.0 z=61050.0 rename='solbend_30.3'
                By=0.1*-1
place   solbend copies=1 x=0.0 y=0.0 z=61950.0 rename='solbend_30.4'
                By=0.1*1
place   solenoid_field_map copies=1 x=0.0 y=0.0 z=62000.0 rename='field_map_30'
place   minus   copies=1 x=-500.0 y=0.0 z=60000.0 
place   plus    copies=1 x=500.0 y=0.0 z=60000.0 
(do cell_index=31)
place   solbend copies=1 x=0.0 y=0.0 z=62050.0 rename='solbend_31.1'
                By=0.1*1
place   solbend copies=1 x=0.0 y=0.0 z=62950.0 rename='solbend_31.2'
                By=0.1*-1
place   solbend copies=1 x=0.0 y=0.0 z=63050.0 rename='solbend_31.3'
                By=0.1*-1
place   solbend copies=1 x=0.0 y=0.0 z=63950.0 rename='solbend_31.4'
                By=0.1*1
place   solenoid_field_map copies=1 x=0.0 y=0.0 z=64000.0 rename='field_map_31'
place   minus   copies=1 x=-500.0 y=0.0 z=62000.0 
place   plus    copies=1 x=500.0 y=0.0 z=62000.0 
(do cell_index=32)
place   solbend copies=1 x=0.0 y=0.0 z=64050.0 rename='solbend_32.1'
                By=0.1*1
place   solbend copies=1 x=0.0 y=0.0 z=64950.0 rename='solbend_32.2'
                By=0.1*-1
place   solbend copies=1 x=0.0 y=0.0 z=65050.0 rename='solbend_32.3'
                By=0.1*-1
place   solbend copies=1 x=0.0 y=0.0 z=65950.0 rename='solbend_32.4'
                By=0.1*1
place   solenoid_field_map copies=1 x=0.0 y=0.0 z=66000.0 rename='field_map_32'
place   minus   copies=1 x=-500.0 y=0.0 z=64000.0 
place   plus    copies=1 x=500.0 y=0.0 z=64000.0 
(do cell_index=33)
place   solbend copies=1 x=0.0 y=0.0 z=66050.0 rename='solbend_33.1'
                By=0.1*1
place   solbend copies=1 x=0.0 y=0.0 z=66950.0 rename='solbend_33.2'
                By=0.1*-1
place   solbend copies=1 x=0.0 y=0.0 z=67050.0 rename='solbend_33.3'
                By=0.1*-1
place   solbend copies=1 x=0.0 y=0.0 z=67950.0 rename='solbend_33.4'
                By=0.1*1
place   solenoid_field_map copies=1 x=0.0 y=0.0 z=68000.0 rename='field_map_33'
place   minus   copies=1 x=-500.0 y=0.0 z=66000.0 
place   plus    copies=1 x=500.0 y=0.0 z=66000.0 
(do cell_index=34)
place   solbend copies=1 x=0.0 y=0.0 z=68050.0 rename='solbend_34.1'
                By=0.1*1
place   solbend copies=1 x=0.0 y=0.0 z=68950.0 rename='solbend_34.2'
                By=0.1*-1
place   solbend copies=1 x=0.0 y=0.0 z=69050.0 rename='solbend_34.3'
                By=0.1*-1
place   solbend copies=1 x=0.0 y=0.0 z=69950.0 rename='solbend_34.4'
                By=0.1*1
place   solenoid_field_map copies=1 x=0.0 y=0.0 z=70000.0 rename='field_map_34'
place   minus   copies=1 x=-500.0 y=0.0 z=68000.0 
place   plus    copies=1 x=500.0 y=0.0 z=68000.0 
(do cell_index=35)
place   solbend copies=1 x=0.0 y=0.0 z=70050.0 rename='solbend_35.1'
                By=0.1*1
place   solbend copies=1 x=0.0 y=0.0 z=70950.0 rename='solbend_35.2'
                By=0.1*-1
place   solbend copies=1 x=0.0 y=0.0 z=71050.0 rename='solbend_35.3'
                By=0.1*-1
place   solbend copies=1 x=0.0 y=0.0 z=71950.0 rename='solbend_35.4'
                By=0.1*1
place   solenoid_field_map copies=1 x=0.0 y=0.0 z=72000.0 rename='field_map_35'
place   minus   copies=1 x=-500.0 y=0.0 z=70000.0 
place   plus    copies=1 x=500.0 y=0.0 z=70000.0 
(do cell_index=36)
place   solbend copies=1 x=0.0 y=0.0 z=72050.0 rename='solbend_36.1'
                By=0.1*1
place   solbend copies=1 x=0.0 y=0.0 z=72950.0 rename='solbend_36.2'
                By=0.1*-1
place   solbend copies=1 x=0.0 y=0.0 z=73050.0 rename='solbend_36.3'
                By=0.1*-1
place   solbend copies=1 x=0.0 y=0.0 z=73950.0 rename='solbend_36.4'
                By=0.1*1
place   solenoid_field_map copies=1 x=0.0 y=0.0 z=74000.0 rename='field_map_36'
place   minus   copies=1 x=-500.0 y=0.0 z=72000.0 
place   plus    copies=1 x=500.0 y=0.0 z=72000.0 
(do cell_index=37)
place   solbend copies=1 x=0.0 y=0.0 z=74050.0 rename='solbend_37.1'
                By=0.1*1
place   solbend copies=1 x=0.0 y=0.0 z=74950.0 rename='solbend_37.2'
                By=0.1*-1
place   solbend copies=1 x=0.0 y=0.0 z=75050.0 rename='solbend_37.3'
                By=0.1*-1
place   solbend copies=1 x=0.0 y=0.0 z=75950.0 rename='solbend_37.4'
                By=0.1*1
place   solenoid_field_map copies=1 x=0.0 y=0.0 z=76000.0 rename='field_map_37'
place   minus   copies=1 x=-500.0 y=0.0 z=74000.0 
place   plus    copies=1 x=500.0 y=0.0 z=74000.0 
(do cell_index=38)
place   solbend copies=1 x=0.0 y=0.0 z=76050.0 rename='solbend_38.1'
                By=0.1*1
place   solbend copies=1 x=0.0 y=0.0 z=76950.0 rename='solbend_38.2'
                By=0.1*-1
place   solbend copies=1 x=0.0 y=0.0 z=77050.0 rename='solbend_38.3'
                By=0.1*-1
place   solbend copies=1 x=0.0 y=0.0 z=77950.0 rename='solbend_38.4'
                By=0.1*1
place   solenoid_field_map copies=1 x=0.0 y=0.0 z=78000.0 rename='field_map_38'
place   minus   copies=1 x=-500.0 y=0.0 z=76000.0 
place   plus    copies=1 x=500.0 y=0.0 z=76000.0 
(do cell_index=39)
place   solbend copies=1 x=0.0 y=0.0 z=78050.0 rename='solbend_39.1'
                By=0.1*1
place   solbend copies=1 x=0.0 y=0.0 z=78950.0 rename='solbend_39.2'
                By=0.1*-1
place   solbend copies=1 x=0.0 y=0.0 z=79050.0 rename='solbend_39.3'
                By=0.1*-1
place   solbend copies=1 x=0.0 y=0.0 z=79950.0 rename='solbend_39.4'
                By=0.1*1
place   solenoid_field_map copies=1 x=0.0 y=0.0 z=80000.0 rename='field_map_39'
place   minus   copies=1 x=-500.0 y=0.0 z=78000.0 
place   plus    copies=1 x=500.0 y=0.0 z=78000.0 
(do cell_index=40)
place   solbend copies=1 x=0.0 y=0.0 z=80050.0 rename='solbend_40.1'
                By=0.1*1
place   solbend copies=1 x=0.0 y=0.0 z=80950.0 rename='solbend_40.2'
                By=0.1*-1
place   solbend copies=1 x=0.0 y=0.0 z=81050.0 rename='solbend_40.3'
                By=0.1*-1
place   solbend copies=1 x=0.0 y=0.0 z=81950.0 rename='solbend_40.4'
                By=0.1*1
place   solenoid_field_map copies=1 x=0.0 y=0.0 z=82000.0 rename='field_map_40'
place   minus   copies=1 x=-500.0 y=0.0 z=80000.0 
place   plus    copies=1 x=500.0 y=0.0 z=80000.0 
(do cell_index=41)
place   solbend copies=1 x=0.0 y=0.0 z=82050.0 rename='solbend_41.1'
                By=0.1*1
place   solbend copies=1 x=0.0 y=0.0 z=82950.0 rename='solbend_41.2'
                By=0.1*-1
place   solbend copies=1 x=0.0 y=0.0 z=83050.0 rename='solbend_41.3'
                By=0.1*-1
place   solbend copies=1 x=0.0 y=0.0 z=83950.0 rename='solbend_41.4'
                By=0.1*1
place   solenoid_field_map copies=1 x=0.0 y=0.0 z=84000.0 rename='field_map_41'
place   minus   copies=1 x=-500.0 y=0.0 z=82000.0 
place   plus    copies=1 x=500.0 y=0.0 z=82000.0 
(do cell_index=42)
place   solbend copies=1 x=0.0 y=0.0 z=84050.0 rename='solbend_42.1'
                By=0.1*1
place   solbend copies=1 x=0.0 y=0.0 z=84950.0 rename='solbend_42.2'
                By=0.1*-1
place   solbend copies=1 x=0.0 y=0.0 z=85050.0 rename='solbend_42.3'
                By=0.1*-1
place   solbend copies=1 x=0.0 y=0.0 z=85950.0 rename='solbend_42.4'
                By=0.1*1
place   solenoid_field_map copies=1 x=0.0 y=0.0 z=86000.0 rename='field_map_42'
place   minus   copies=1 x=-500.0 y=0.0 z=84000.0 
place   plus    copies=1 x=500.0 y=0.0 z=84000.0 
(do cell_index=43)
place   solbend copies=1 x=0.0 y=0.0 z=86050.0 rename='solbend_43.1'
                By=0.1*1
place   solbend copies=1 x=0.0 y=0.0 z=86950.0 rename='solbend_43.2'
                By=0.1*-1
place   solbend copies=1 x=0.0 y=0.0 z=87050.0 rename='solbend_43.3'
                By=0.1*-1
place   solbend copies=1 x=0.0 y=0.0 z=87950.0 rename='solbend_43.4'
                By=0.1*1
place   solenoid_field_map copies=1 x=0.0 y=0.0 z=88000.0 rename='field_map_43'
place   minus   copies=1 x=-500.0 y=0.0 z=86000.0 
place   plus    copies=1 x=500.0 y=0.0 z=86000.0 
(do cell_index=44)
place   solbend copies=1 x=0.0 y=0.0 z=88050.0 rename='solbend_44.1'
                By=0.1*1
place   solbend copies=1 x=0.0 y=0.0 z=88950.0 rename='solbend_44.2'
                By=0.1*-1
place   solbend copies=1 x=0.0 y=0.0 z=89050.0 rename='solbend_44.3'
                By=0.1*-1
place   solbend copies=1 x=0.0 y=0.0 z=89950.0 rename='solbend_44.4'
                By=0.1*1
place   solenoid_field_map copies=1 x=0.0 y=0.0 z=90000.0 rename='field_map_44'
place   minus   copies=1 x=-500.0 y=0.0 z=88000.0 
place   plus    copies=1 x=500.0 y=0.0 z=88000.0 
(do cell_index=45)
place   solbend copies=1 x=0.0 y=0.0 z=90050.0 rename='solbend_45.1'
                By=0.1*1
place   solbend copies=1 x=0.0 y=0.0 z=90950.0 rename='solbend_45.2'
                By=0.1*-1
place   solbend copies=1 x=0.0 y=0.0 z=91050.0 rename='solbend_45.3'
                By=0.1*-1
place   solbend copies=1 x=0.0 y=0.0 z=91950.0 rename='solbend_45.4'
                By=0.1*1
place   solenoid_field_map copies=1 x=0.0 y=0.0 z=92000.0 rename='field_map_45'
place   minus   copies=1 x=-500.0 y=0.0 z=90000.0 
place   plus    copies=1 x=500.0 y=0.0 z=90000.0 
(do cell_index=46)
place   solbend copies=1 x=0.0 y=0.0 z=92050.0 rename='solbend_46.1'
                By=0.1*1
place   solbend copies=1 x=0.0 y=0.0 z=92950.0 rename='solbend_46.2'
                By=0.1*-1
place   solbend copies=1 x=0.0 y=0.0 z=93050.0 rename='solbend_46.3'
                By=0.1*-1
place   solbend copies=1 x=0.0 y=0.0 z=93950.0 rename='solbend_46.4'
                By=0.1*1
place   solenoid_field_map copies=1 x=0.0 y=0.0 z=94000.0 rename='field_map_46'
place   minus   copies=1 x=-500.0 y=0.0 z=92000.0 
place   plus    copies=1 x=500.0 y=0.0 z=92000.0 
(do cell_index=47)
place   solbend copies=1 x=0.0 y=0.0 z=94050.0 rename='solbend_47.1'
                By=0.1*1
place   solbend copies=1 x=0.0 y=0.0 z=94950.0 rename='solbend_47.2'
                By=0.1*-1
place   solbend copies=1 x=0.0 y=0.0 z=95050.0 rename='solbend_47.3'
                By=0.1*-1
place   solbend copies=1 x=0.0 y=0.0 z=95950.0 rename='solbend_47.4'
                By=0.1*1
place   solenoid_field_map copies=1 x=0.0 y=0.0 z=96000.0 rename='field_map_47'
place   minus   copies=1 x=-500.0 y=0.0 z=94000.0 
place   plus    copies=1 x=500.0 y=0.0 z=94000.0 
(do cell_index=48)
place   solbend copies=1 x=0.0 y=0.0 z=96050.0 rename='solbend_48.1'
                By=0.1*1
place   solbend copies=1 x=0.0 y=0.0 z=96950.0 rename='solbend_48.2'
                By=0.1*-1
place   solbend copies=1 x=0.0 y=0.0 z=97050.0 rename='solbend_48.3'
                By=0.1*-1
place   solbend copies=1 x=0.0 y=0.0 z=97950.0 rename='solbend_48.4'
                By=0.1*1
place   solenoid_field_map copies=1 x=0.0 y=0.0 z=98000.0 rename='field_map_48'
place   minus   copies=1 x=-500.0 y=0.0 z=96000.0 
place   plus    copies=1 x=500.0 y=0.0 z=96000.0 
(do cell_index=49)
place   solbend copies=1 x=0.0 y=0.0 z=98050.0 rename='solbend_49.1'
                By=0.1*1
place   solbend copies=1 x=0.0 y=0.0 z=98950.0 rename='solbend_49.2'
                By=0.1*-1
place   solbend copies=1 x=0.0 y=0.0 z=99050.0 rename='solbend_49.3'
                By=0.1*-1
place   solbend copies=1 x=0.0 y=0.0 z=99950.0 rename='solbend_49.4'
                By=0.1*1
place   solenoid_field_map copies=1 x=0.0 y=0.0 z=100000.0 rename='field_map_49'
place   minus   copies=1 x=-500.0 y=0.0 z=98000.0 
place   plus    copies=1 x=500.0 y=0.0 z=98000.0 
(do cell_index=50)
place   solbend copies=1 x=0.0 y=0.0 z=100050.0 rename='solbend_50.1'
                By=0.1*1
place   solbend copies=1 x=0.0 y=0.0 z=100950.0 rename='solbend_50.2'
                By=0.1*-1
place   solbend copies=1 x=0.0 y=0.0 z=101050.0 rename='solbend_50.3'
                By=0.1*-1
place   solbend copies=1 x=0.0 y=0.0 z=101950.0 rename='solbend_50.4'
                By=0.1*1
place   solenoid_field_map copies=1 x=0.0 y=0.0 z=102000.0 rename='field_map_50'
place   minus   copies=1 x=-500.0 y=0.0 z=100000.0 
place   plus    copies=1 x=500.0 y=0.0 z=100000.0 
(do cell_index=51)
place   solbend copies=1 x=0.0 y=0.0 z=102050.0 rename='solbend_51.1'
                By=0.1*1
place   solbend copies=1 x=0.0 y=0.0 z=102950.0 rename='solbend_51.2'
                By=0.1*-1
place   solbend copies=1 x=0.0 y=0.0 z=103050.0 rename='solbend_51.3'
                By=0.1*-1
place   solbend copies=1 x=0.0 y=0.0 z=103950.0 rename='solbend_51.4'
                By=0.1*1
place   solenoid_field_map copies=1 x=0.0 y=0.0 z=104000.0 rename='field_map_51'
place   minus   copies=1 x=-500.0 y=0.0 z=102000.0 
place   plus    copies=1 x=500.0 y=0.0 z=102000.0 
(do cell_index=52)
place   solbend copies=1 x=0.0 y=0.0 z=104050.0 rename='solbend_52.1'
                By=0.1*1
place   solbend copies=1 x=0.0 y=0.0 z=104950.0 rename='solbend_52.2'
                By=0.1*-1
place   solbend copies=1 x=0.0 y=0.0 z=105050.0 rename='solbend_52.3'
                By=0.1*-1
place   solbend copies=1 x=0.0 y=0.0 z=105950.0 rename='solbend_52.4'
                By=0.1*1
place   solenoid_field_map copies=1 x=0.0 y=0.0 z=106000.0 rename='field_map_52'
place   minus   copies=1 x=-500.0 y=0.0 z=104000.0 
place   plus    copies=1 x=500.0 y=0.0 z=104000.0 
(do cell_index=53)
place   solbend copies=1 x=0.0 y=0.0 z=106050.0 rename='solbend_53.1'
                By=0.1*1
place   solbend copies=1 x=0.0 y=0.0 z=106950.0 rename='solbend_53.2'
                By=0.1*-1
place   solbend copies=1 x=0.0 y=0.0 z=107050.0 rename='solbend_53.3'
                By=0.1*-1
place   solbend copies=1 x=0.0 y=0.0 z=107950.0 rename='solbend_53.4'
                By=0.1*1
place   solenoid_field_map copies=1 x=0.0 y=0.0 z=108000.0 rename='field_map_53'
place   minus   copies=1 x=-500.0 y=0.0 z=106000.0 
place   plus    copies=1 x=500.0 y=0.0 z=106000.0 
(do cell_index=54)
place   solbend copies=1 x=0.0 y=0.0 z=108050.0 rename='solbend_54.1'
                By=0.1*1
place   solbend copies=1 x=0.0 y=0.0 z=108950.0 rename='solbend_54.2'
                By=0.1*-1
place   solbend copies=1 x=0.0 y=0.0 z=109050.0 rename='solbend_54.3'
                By=0.1*-1
place   solbend copies=1 x=0.0 y=0.0 z=109950.0 rename='solbend_54.4'
                By=0.1*1
place   solenoid_field_map copies=1 x=0.0 y=0.0 z=110000.0 rename='field_map_54'
place   minus   copies=1 x=-500.0 y=0.0 z=108000.0 
place   plus    copies=1 x=500.0 y=0.0 z=108000.0 
(do cell_index=55)
place   solbend copies=1 x=0.0 y=0.0 z=110050.0 rename='solbend_55.1'
                By=0.1*1
place   solbend copies=1 x=0.0 y=0.0 z=110950.0 rename='solbend_55.2'
                By=0.1*-1
place   solbend copies=1 x=0.0 y=0.0 z=111050.0 rename='solbend_55.3'
                By=0.1*-1
place   solbend copies=1 x=0.0 y=0.0 z=111950.0 rename='solbend_55.4'
                By=0.1*1
place   solenoid_field_map copies=1 x=0.0 y=0.0 z=112000.0 rename='field_map_55'
place   minus   copies=1 x=-500.0 y=0.0 z=110000.0 
place   plus    copies=1 x=500.0 y=0.0 z=110000.0 
(do cell_index=56)
place   solbend copies=1 x=0.0 y=0.0 z=112050.0 rename='solbend_56.1'
                By=0.1*1
place   solbend copies=1 x=0.0 y=0.0 z=112950.0 rename='solbend_56.2'
                By=0.1*-1
place   solbend copies=1 x=0.0 y=0.0 z=113050.0 rename='solbend_56.3'
                By=0.1*-1
place   solbend copies=1 x=0.0 y=0.0 z=113950.0 rename='solbend_56.4'
                By=0.1*1
place   solenoid_field_map copies=1 x=0.0 y=0.0 z=114000.0 rename='field_map_56'
place   minus   copies=1 x=-500.0 y=0.0 z=112000.0 
place   plus    copies=1 x=500.0 y=0.0 z=112000.0 
(do cell_index=57)
place   solbend copies=1 x=0.0 y=0.0 z=114050.0 rename='solbend_57.1'
                By=0.1*1
place   solbend copies=1 x=0.0 y=0.0 z=114950.0 rename='solbend_57.2'
                By=0.1*-1
place   solbend copies=1 x=0.0 y=0.0 z=115050.0 rename='solbend_57.3'
                By=0.1*-1
place   solbend copies=1 x=0.0 y=0.0 z=115950.0 rename='solbend_57.4'
                By=0.1*1
place   solenoid_field_map copies=1 x=0.0 y=0.0 z=116000.0 rename='field_map_57'
place   minus   copies=1 x=-500.0 y=0.0 z=114000.0 
place   plus    copies=1 x=500.0 y=0.0 z=114000.0 
(do cell_index=58)
place   solbend copies=1 x=0.0 y=0.0 z=116050.0 rename='solbend_58.1'
                By=0.1*1
place   solbend copies=1 x=0.0 y=0.0 z=116950.0 rename='solbend_58.2'
                By=0.1*-1
place   solbend copies=1 x=0.0 y=0.0 z=117050.0 rename='solbend_58.3'
                By=0.1*-1
place   solbend copies=1 x=0.0 y=0.0 z=117950.0 rename='solbend_58.4'
                By=0.1*1
place   solenoid_field_map copies=1 x=0.0 y=0.0 z=118000.0 rename='field_map_58'
place   minus   copies=1 x=-500.0 y=0.0 z=116000.0 
place   plus    copies=1 x=500.0 y=0.0 z=116000.0 
(do cell_index=59)
place   solbend copies=1 x=0.0 y=0.0 z=118050.0 rename='solbend_59.1'
                By=0.1*1
place   solbend copies=1 x=0.0 y=0.0 z=118950.0 rename='solbend_59.2'
                By=0.1*-1
place   solbend copies=1 x=0.0 y=0.0 z=119050.0 rename='solbend_59.3'
                By=0.1*-1
place   solbend copies=1 x=0.0 y=0.0 z=119950.0 rename='solbend_59.4'
                By=0.1*1
place   solenoid_field_map copies=1 x=0.0 y=0.0 z=120000.0 rename='field_map_59'
place   minus   copies=1 x=-500.0 y=0.0 z=118000.0 
place   plus    copies=1 x=500.0 y=0.0 z=118000.0 
(do cell_index=60)
place   solbend copies=1 x=0.0 y=0.0 z=120050.0 rename='solbend_60.1'
                By=0.1*1
place   solbend copies=1 x=0.0 y=0.0 z=120950.0 rename='solbend_60.2'
                By=0.1*-1
place   solbend copies=1 x=0.0 y=0.0 z=121050.0 rename='solbend_60.3'
                By=0.1*-1
place   solbend copies=1 x=0.0 y=0.0 z=121950.0 rename='solbend_60.4'
                By=0.1*1
place   solenoid_field_map copies=1 x=0.0 y=0.0 z=122000.0 rename='field_map_60'
place   minus   copies=1 x=-500.0 y=0.0 z=120000.0 
place   plus    copies=1 x=500.0 y=0.0 z=120000.0 
enddo
do cell_index=0,60,1
(do cell_index=0)
param        cell_z        0
place   wedge_marker copies=1 x=0.0 y=0.0 z=-10.0 rename='wedge_marker_a_0'
place   wedge_marker copies=1 x=0.0 y=0.0 z=10.0 rename='wedge_marker_b_0'
place   wedge   copies=1 x=0.0 y=0.0 z=0.0 rename='wedge0'rotation='Z-90'
do rf_index=1,3,1
(do rf_index=1)
place   rf      copies=1 x=0.0 y=0.0 z=305.6 rename='rf_0.1'
place   rf_window copies=1 x=0.0 y=0.0 z=208.5 rename='rf_window_0.1'
(do rf_index=2)
place   rf      copies=1 x=0.0 y=0.0 z=500.0 rename='rf_0.2'
place   rf_window copies=1 x=0.0 y=0.0 z=402.8 rename='rf_window_0.2'
(do rf_index=3)
place   rf      copies=1 x=0.0 y=0.0 z=694.4 rename='rf_0.3'
place   rf_window copies=1 x=0.0 y=0.0 z=597.2 rename='rf_window_0.3'
enddo
place   rf_window copies=1 x=0.0 y=0.0 z=791.5 rename='rf_window_0.3'
param        cell_z        1000
place   wedge_marker copies=1 x=0.0 y=0.0 z=990.0 rename='wedge_marker_c_0'
place   wedge_marker copies=1 x=0.0 y=0.0 z=1010.0 rename='wedge_marker_d_0'
place   wedge   copies=1 x=0.0 y=0.0 z=1000.0 rename='wedge0'rotation='Z90'
do rf_index=1,3,1
(do rf_index=1)
place   rf      copies=1 x=0.0 y=0.0 z=1305.6 rename='rf_b_0.1'
place   rf_window copies=1 x=0.0 y=0.0 z=1208.5 rename='rf_window_b_0.1'
(do rf_index=2)
place   rf      copies=1 x=0.0 y=0.0 z=1500.0 rename='rf_b_0.2'
place   rf_window copies=1 x=0.0 y=0.0 z=1402.8 rename='rf_window_b_0.2'
(do rf_index=3)
place   rf      copies=1 x=0.0 y=0.0 z=1694.4 rename='rf_b_0.3'
place   rf_window copies=1 x=0.0 y=0.0 z=1597.2 rename='rf_window_b_0.3'
enddo
place   rf_window copies=1 x=0.0 y=0.0 z=1791.5 rename='rf_window_b_0.3'
(do cell_index=1)
param        cell_z        2000
place   wedge_marker copies=1 x=0.0 y=0.0 z=1990.0 rename='wedge_marker_a_1'
place   wedge_marker copies=1 x=0.0 y=0.0 z=2010.0 rename='wedge_marker_b_1'
place   wedge   copies=1 x=0.0 y=0.0 z=2000.0 rename='wedge1'rotation='Z-90'
do rf_index=1,3,1
(do rf_index=1)
place   rf      copies=1 x=0.0 y=0.0 z=2305.6 rename='rf_1.1'
place   rf_window copies=1 x=0.0 y=0.0 z=2208.5 rename='rf_window_1.1'
(do rf_index=2)
place   rf      copies=1 x=0.0 y=0.0 z=2500.0 rename='rf_1.2'
place   rf_window copies=1 x=0.0 y=0.0 z=2402.8 rename='rf_window_1.2'
(do rf_index=3)
place   rf      copies=1 x=0.0 y=0.0 z=2694.4 rename='rf_1.3'
place   rf_window copies=1 x=0.0 y=0.0 z=2597.2 rename='rf_window_1.3'
enddo
place   rf_window copies=1 x=0.0 y=0.0 z=2791.5 rename='rf_window_1.3'
param        cell_z        3000
place   wedge_marker copies=1 x=0.0 y=0.0 z=2990.0 rename='wedge_marker_c_1'
place   wedge_marker copies=1 x=0.0 y=0.0 z=3010.0 rename='wedge_marker_d_1'
place   wedge   copies=1 x=0.0 y=0.0 z=3000.0 rename='wedge1'rotation='Z90'
do rf_index=1,3,1
(do rf_index=1)
place   rf      copies=1 x=0.0 y=0.0 z=3305.6 rename='rf_b_1.1'
place   rf_window copies=1 x=0.0 y=0.0 z=3208.5 rename='rf_window_b_1.1'
(do rf_index=2)
place   rf      copies=1 x=0.0 y=0.0 z=3500.0 rename='rf_b_1.2'
place   rf_window copies=1 x=0.0 y=0.0 z=3402.8 rename='rf_window_b_1.2'
(do rf_index=3)
place   rf      copies=1 x=0.0 y=0.0 z=3694.4 rename='rf_b_1.3'
place   rf_window copies=1 x=0.0 y=0.0 z=3597.2 rename='rf_window_b_1.3'
enddo
place   rf_window copies=1 x=0.0 y=0.0 z=3791.5 rename='rf_window_b_1.3'
(do cell_index=2)
param        cell_z        4000
place   wedge_marker copies=1 x=0.0 y=0.0 z=3990.0 rename='wedge_marker_a_2'
place   wedge_marker copies=1 x=0.0 y=0.0 z=4010.0 rename='wedge_marker_b_2'
place   wedge   copies=1 x=0.0 y=0.0 z=4000.0 rename='wedge2'rotation='Z-90'
do rf_index=1,3,1
(do rf_index=1)
place   rf      copies=1 x=0.0 y=0.0 z=4305.6 rename='rf_2.1'
place   rf_window copies=1 x=0.0 y=0.0 z=4208.5 rename='rf_window_2.1'
(do rf_index=2)
place   rf      copies=1 x=0.0 y=0.0 z=4500.0 rename='rf_2.2'
place   rf_window copies=1 x=0.0 y=0.0 z=4402.8 rename='rf_window_2.2'
(do rf_index=3)
place   rf      copies=1 x=0.0 y=0.0 z=4694.4 rename='rf_2.3'
place   rf_window copies=1 x=0.0 y=0.0 z=4597.2 rename='rf_window_2.3'
enddo
place   rf_window copies=1 x=0.0 y=0.0 z=4791.5 rename='rf_window_2.3'
param        cell_z        5000
place   wedge_marker copies=1 x=0.0 y=0.0 z=4990.0 rename='wedge_marker_c_2'
place   wedge_marker copies=1 x=0.0 y=0.0 z=5010.0 rename='wedge_marker_d_2'
place   wedge   copies=1 x=0.0 y=0.0 z=5000.0 rename='wedge2'rotation='Z90'
do rf_index=1,3,1
(do rf_index=1)
place   rf      copies=1 x=0.0 y=0.0 z=5305.6 rename='rf_b_2.1'
place   rf_window copies=1 x=0.0 y=0.0 z=5208.5 rename='rf_window_b_2.1'
(do rf_index=2)
place   rf      copies=1 x=0.0 y=0.0 z=5500.0 rename='rf_b_2.2'
place   rf_window copies=1 x=0.0 y=0.0 z=5402.8 rename='rf_window_b_2.2'
(do rf_index=3)
place   rf      copies=1 x=0.0 y=0.0 z=5694.4 rename='rf_b_2.3'
place   rf_window copies=1 x=0.0 y=0.0 z=5597.2 rename='rf_window_b_2.3'
enddo
place   rf_window copies=1 x=0.0 y=0.0 z=5791.5 rename='rf_window_b_2.3'
(do cell_index=3)
param        cell_z        6000
place   wedge_marker copies=1 x=0.0 y=0.0 z=5990.0 rename='wedge_marker_a_3'
place   wedge_marker copies=1 x=0.0 y=0.0 z=6010.0 rename='wedge_marker_b_3'
place   wedge   copies=1 x=0.0 y=0.0 z=6000.0 rename='wedge3'rotation='Z-90'
do rf_index=1,3,1
(do rf_index=1)
place   rf      copies=1 x=0.0 y=0.0 z=6305.6 rename='rf_3.1'
place   rf_window copies=1 x=0.0 y=0.0 z=6208.5 rename='rf_window_3.1'
(do rf_index=2)
place   rf      copies=1 x=0.0 y=0.0 z=6500.0 rename='rf_3.2'
place   rf_window copies=1 x=0.0 y=0.0 z=6402.8 rename='rf_window_3.2'
(do rf_index=3)
place   rf      copies=1 x=0.0 y=0.0 z=6694.4 rename='rf_3.3'
place   rf_window copies=1 x=0.0 y=0.0 z=6597.2 rename='rf_window_3.3'
enddo
place   rf_window copies=1 x=0.0 y=0.0 z=6791.5 rename='rf_window_3.3'
param        cell_z        7000
place   wedge_marker copies=1 x=0.0 y=0.0 z=6990.0 rename='wedge_marker_c_3'
place   wedge_marker copies=1 x=0.0 y=0.0 z=7010.0 rename='wedge_marker_d_3'
place   wedge   copies=1 x=0.0 y=0.0 z=7000.0 rename='wedge3'rotation='Z90'
do rf_index=1,3,1
(do rf_index=1)
place   rf      copies=1 x=0.0 y=0.0 z=7305.6 rename='rf_b_3.1'
place   rf_window copies=1 x=0.0 y=0.0 z=7208.5 rename='rf_window_b_3.1'
(do rf_index=2)
place   rf      copies=1 x=0.0 y=0.0 z=7500.0 rename='rf_b_3.2'
place   rf_window copies=1 x=0.0 y=0.0 z=7402.8 rename='rf_window_b_3.2'
(do rf_index=3)
place   rf      copies=1 x=0.0 y=0.0 z=7694.4 rename='rf_b_3.3'
place   rf_window copies=1 x=0.0 y=0.0 z=7597.2 rename='rf_window_b_3.3'
enddo
place   rf_window copies=1 x=0.0 y=0.0 z=7791.5 rename='rf_window_b_3.3'
(do cell_index=4)
param        cell_z        8000
place   wedge_marker copies=1 x=0.0 y=0.0 z=7990.0 rename='wedge_marker_a_4'
place   wedge_marker copies=1 x=0.0 y=0.0 z=8010.0 rename='wedge_marker_b_4'
place   wedge   copies=1 x=0.0 y=0.0 z=8000.0 rename='wedge4'rotation='Z-90'
do rf_index=1,3,1
(do rf_index=1)
place   rf      copies=1 x=0.0 y=0.0 z=8305.6 rename='rf_4.1'
place   rf_window copies=1 x=0.0 y=0.0 z=8208.5 rename='rf_window_4.1'
(do rf_index=2)
place   rf      copies=1 x=0.0 y=0.0 z=8500.0 rename='rf_4.2'
place   rf_window copies=1 x=0.0 y=0.0 z=8402.8 rename='rf_window_4.2'
(do rf_index=3)
place   rf      copies=1 x=0.0 y=0.0 z=8694.4 rename='rf_4.3'
place   rf_window copies=1 x=0.0 y=0.0 z=8597.2 rename='rf_window_4.3'
enddo
place   rf_window copies=1 x=0.0 y=0.0 z=8791.5 rename='rf_window_4.3'
param        cell_z        9000
place   wedge_marker copies=1 x=0.0 y=0.0 z=8990.0 rename='wedge_marker_c_4'
place   wedge_marker copies=1 x=0.0 y=0.0 z=9010.0 rename='wedge_marker_d_4'
place   wedge   copies=1 x=0.0 y=0.0 z=9000.0 rename='wedge4'rotation='Z90'
do rf_index=1,3,1
(do rf_index=1)
place   rf      copies=1 x=0.0 y=0.0 z=9305.6 rename='rf_b_4.1'
place   rf_window copies=1 x=0.0 y=0.0 z=9208.5 rename='rf_window_b_4.1'
(do rf_index=2)
place   rf      copies=1 x=0.0 y=0.0 z=9500.0 rename='rf_b_4.2'
place   rf_window copies=1 x=0.0 y=0.0 z=9402.8 rename='rf_window_b_4.2'
(do rf_index=3)
place   rf      copies=1 x=0.0 y=0.0 z=9694.4 rename='rf_b_4.3'
place   rf_window copies=1 x=0.0 y=0.0 z=9597.2 rename='rf_window_b_4.3'
enddo
place   rf_window copies=1 x=0.0 y=0.0 z=9791.5 rename='rf_window_b_4.3'
(do cell_index=5)
param        cell_z        10000
place   wedge_marker copies=1 x=0.0 y=0.0 z=9990.0 rename='wedge_marker_a_5'
place   wedge_marker copies=1 x=0.0 y=0.0 z=10010.0 rename='wedge_marker_b_5'
place   wedge   copies=1 x=0.0 y=0.0 z=10000.0 rename='wedge5'rotation='Z-90'
do rf_index=1,3,1
(do rf_index=1)
place   rf      copies=1 x=0.0 y=0.0 z=10305.6 rename='rf_5.1'
place   rf_window copies=1 x=0.0 y=0.0 z=10208.5 rename='rf_window_5.1'
(do rf_index=2)
place   rf      copies=1 x=0.0 y=0.0 z=10500.0 rename='rf_5.2'
place   rf_window copies=1 x=0.0 y=0.0 z=10402.8 rename='rf_window_5.2'
(do rf_index=3)
place   rf      copies=1 x=0.0 y=0.0 z=10694.4 rename='rf_5.3'
place   rf_window copies=1 x=0.0 y=0.0 z=10597.2 rename='rf_window_5.3'
enddo
place   rf_window copies=1 x=0.0 y=0.0 z=10791.5 rename='rf_window_5.3'
param        cell_z        11000
place   wedge_marker copies=1 x=0.0 y=0.0 z=10990.0 rename='wedge_marker_c_5'
place   wedge_marker copies=1 x=0.0 y=0.0 z=11010.0 rename='wedge_marker_d_5'
place   wedge   copies=1 x=0.0 y=0.0 z=11000.0 rename='wedge5'rotation='Z90'
do rf_index=1,3,1
(do rf_index=1)
place   rf      copies=1 x=0.0 y=0.0 z=11305.6 rename='rf_b_5.1'
place   rf_window copies=1 x=0.0 y=0.0 z=11208.5 rename='rf_window_b_5.1'
(do rf_index=2)
place   rf      copies=1 x=0.0 y=0.0 z=11500.0 rename='rf_b_5.2'
place   rf_window copies=1 x=0.0 y=0.0 z=11402.8 rename='rf_window_b_5.2'
(do rf_index=3)
place   rf      copies=1 x=0.0 y=0.0 z=11694.4 rename='rf_b_5.3'
place   rf_window copies=1 x=0.0 y=0.0 z=11597.2 rename='rf_window_b_5.3'
enddo
place   rf_window copies=1 x=0.0 y=0.0 z=11791.5 rename='rf_window_b_5.3'
(do cell_index=6)
param        cell_z        12000
place   wedge_marker copies=1 x=0.0 y=0.0 z=11990.0 rename='wedge_marker_a_6'
place   wedge_marker copies=1 x=0.0 y=0.0 z=12010.0 rename='wedge_marker_b_6'
place   wedge   copies=1 x=0.0 y=0.0 z=12000.0 rename='wedge6'rotation='Z-90'
do rf_index=1,3,1
(do rf_index=1)
place   rf      copies=1 x=0.0 y=0.0 z=12305.6 rename='rf_6.1'
place   rf_window copies=1 x=0.0 y=0.0 z=12208.5 rename='rf_window_6.1'
(do rf_index=2)
place   rf      copies=1 x=0.0 y=0.0 z=12500.0 rename='rf_6.2'
place   rf_window copies=1 x=0.0 y=0.0 z=12402.8 rename='rf_window_6.2'
(do rf_index=3)
place   rf      copies=1 x=0.0 y=0.0 z=12694.4 rename='rf_6.3'
place   rf_window copies=1 x=0.0 y=0.0 z=12597.2 rename='rf_window_6.3'
enddo
place   rf_window copies=1 x=0.0 y=0.0 z=12791.5 rename='rf_window_6.3'
param        cell_z        13000
place   wedge_marker copies=1 x=0.0 y=0.0 z=12990.0 rename='wedge_marker_c_6'
place   wedge_marker copies=1 x=0.0 y=0.0 z=13010.0 rename='wedge_marker_d_6'
place   wedge   copies=1 x=0.0 y=0.0 z=13000.0 rename='wedge6'rotation='Z90'
do rf_index=1,3,1
(do rf_index=1)
place   rf      copies=1 x=0.0 y=0.0 z=13305.6 rename='rf_b_6.1'
place   rf_window copies=1 x=0.0 y=0.0 z=13208.5 rename='rf_window_b_6.1'
(do rf_index=2)
place   rf      copies=1 x=0.0 y=0.0 z=13500.0 rename='rf_b_6.2'
place   rf_window copies=1 x=0.0 y=0.0 z=13402.8 rename='rf_window_b_6.2'
(do rf_index=3)
place   rf      copies=1 x=0.0 y=0.0 z=13694.4 rename='rf_b_6.3'
place   rf_window copies=1 x=0.0 y=0.0 z=13597.2 rename='rf_window_b_6.3'
enddo
place   rf_window copies=1 x=0.0 y=0.0 z=13791.5 rename='rf_window_b_6.3'
(do cell_index=7)
param        cell_z        14000
place   wedge_marker copies=1 x=0.0 y=0.0 z=13990.0 rename='wedge_marker_a_7'
place   wedge_marker copies=1 x=0.0 y=0.0 z=14010.0 rename='wedge_marker_b_7'
place   wedge   copies=1 x=0.0 y=0.0 z=14000.0 rename='wedge7'rotation='Z-90'
do rf_index=1,3,1
(do rf_index=1)
place   rf      copies=1 x=0.0 y=0.0 z=14305.6 rename='rf_7.1'
place   rf_window copies=1 x=0.0 y=0.0 z=14208.5 rename='rf_window_7.1'
(do rf_index=2)
place   rf      copies=1 x=0.0 y=0.0 z=14500.0 rename='rf_7.2'
place   rf_window copies=1 x=0.0 y=0.0 z=14402.8 rename='rf_window_7.2'
(do rf_index=3)
place   rf      copies=1 x=0.0 y=0.0 z=14694.4 rename='rf_7.3'
place   rf_window copies=1 x=0.0 y=0.0 z=14597.2 rename='rf_window_7.3'
enddo
place   rf_window copies=1 x=0.0 y=0.0 z=14791.5 rename='rf_window_7.3'
param        cell_z        15000
place   wedge_marker copies=1 x=0.0 y=0.0 z=14990.0 rename='wedge_marker_c_7'
place   wedge_marker copies=1 x=0.0 y=0.0 z=15010.0 rename='wedge_marker_d_7'
place   wedge   copies=1 x=0.0 y=0.0 z=15000.0 rename='wedge7'rotation='Z90'
do rf_index=1,3,1
(do rf_index=1)
place   rf      copies=1 x=0.0 y=0.0 z=15305.6 rename='rf_b_7.1'
place   rf_window copies=1 x=0.0 y=0.0 z=15208.5 rename='rf_window_b_7.1'
(do rf_index=2)
place   rf      copies=1 x=0.0 y=0.0 z=15500.0 rename='rf_b_7.2'
place   rf_window copies=1 x=0.0 y=0.0 z=15402.8 rename='rf_window_b_7.2'
(do rf_index=3)
place   rf      copies=1 x=0.0 y=0.0 z=15694.4 rename='rf_b_7.3'
place   rf_window copies=1 x=0.0 y=0.0 z=15597.2 rename='rf_window_b_7.3'
enddo
place   rf_window copies=1 x=0.0 y=0.0 z=15791.5 rename='rf_window_b_7.3'
(do cell_index=8)
param        cell_z        16000
place   wedge_marker copies=1 x=0.0 y=0.0 z=15990.0 rename='wedge_marker_a_8'
place   wedge_marker copies=1 x=0.0 y=0.0 z=16010.0 rename='wedge_marker_b_8'
place   wedge   copies=1 x=0.0 y=0.0 z=16000.0 rename='wedge8'rotation='Z-90'
do rf_index=1,3,1
(do rf_index=1)
place   rf      copies=1 x=0.0 y=0.0 z=16305.6 rename='rf_8.1'
place   rf_window copies=1 x=0.0 y=0.0 z=16208.5 rename='rf_window_8.1'
(do rf_index=2)
place   rf      copies=1 x=0.0 y=0.0 z=16500.0 rename='rf_8.2'
place   rf_window copies=1 x=0.0 y=0.0 z=16402.8 rename='rf_window_8.2'
(do rf_index=3)
place   rf      copies=1 x=0.0 y=0.0 z=16694.4 rename='rf_8.3'
place   rf_window copies=1 x=0.0 y=0.0 z=16597.2 rename='rf_window_8.3'
enddo
place   rf_window copies=1 x=0.0 y=0.0 z=16791.5 rename='rf_window_8.3'
param        cell_z        17000
place   wedge_marker copies=1 x=0.0 y=0.0 z=16990.0 rename='wedge_marker_c_8'
place   wedge_marker copies=1 x=0.0 y=0.0 z=17010.0 rename='wedge_marker_d_8'
place   wedge   copies=1 x=0.0 y=0.0 z=17000.0 rename='wedge8'rotation='Z90'
do rf_index=1,3,1
(do rf_index=1)
place   rf      copies=1 x=0.0 y=0.0 z=17305.6 rename='rf_b_8.1'
place   rf_window copies=1 x=0.0 y=0.0 z=17208.5 rename='rf_window_b_8.1'
(do rf_index=2)
place   rf      copies=1 x=0.0 y=0.0 z=17500.0 rename='rf_b_8.2'
place   rf_window copies=1 x=0.0 y=0.0 z=17402.8 rename='rf_window_b_8.2'
(do rf_index=3)
place   rf      copies=1 x=0.0 y=0.0 z=17694.4 rename='rf_b_8.3'
place   rf_window copies=1 x=0.0 y=0.0 z=17597.2 rename='rf_window_b_8.3'
enddo
place   rf_window copies=1 x=0.0 y=0.0 z=17791.5 rename='rf_window_b_8.3'
(do cell_index=9)
param        cell_z        18000
place   wedge_marker copies=1 x=0.0 y=0.0 z=17990.0 rename='wedge_marker_a_9'
place   wedge_marker copies=1 x=0.0 y=0.0 z=18010.0 rename='wedge_marker_b_9'
place   wedge   copies=1 x=0.0 y=0.0 z=18000.0 rename='wedge9'rotation='Z-90'
do rf_index=1,3,1
(do rf_index=1)
place   rf      copies=1 x=0.0 y=0.0 z=18305.6 rename='rf_9.1'
place   rf_window copies=1 x=0.0 y=0.0 z=18208.5 rename='rf_window_9.1'
(do rf_index=2)
place   rf      copies=1 x=0.0 y=0.0 z=18500.0 rename='rf_9.2'
place   rf_window copies=1 x=0.0 y=0.0 z=18402.8 rename='rf_window_9.2'
(do rf_index=3)
place   rf      copies=1 x=0.0 y=0.0 z=18694.4 rename='rf_9.3'
place   rf_window copies=1 x=0.0 y=0.0 z=18597.2 rename='rf_window_9.3'
enddo
place   rf_window copies=1 x=0.0 y=0.0 z=18791.5 rename='rf_window_9.3'
param        cell_z        19000
place   wedge_marker copies=1 x=0.0 y=0.0 z=18990.0 rename='wedge_marker_c_9'
place   wedge_marker copies=1 x=0.0 y=0.0 z=19010.0 rename='wedge_marker_d_9'
place   wedge   copies=1 x=0.0 y=0.0 z=19000.0 rename='wedge9'rotation='Z90'
do rf_index=1,3,1
(do rf_index=1)
place   rf      copies=1 x=0.0 y=0.0 z=19305.6 rename='rf_b_9.1'
place   rf_window copies=1 x=0.0 y=0.0 z=19208.5 rename='rf_window_b_9.1'
(do rf_index=2)
place   rf      copies=1 x=0.0 y=0.0 z=19500.0 rename='rf_b_9.2'
place   rf_window copies=1 x=0.0 y=0.0 z=19402.8 rename='rf_window_b_9.2'
(do rf_index=3)
place   rf      copies=1 x=0.0 y=0.0 z=19694.4 rename='rf_b_9.3'
place   rf_window copies=1 x=0.0 y=0.0 z=19597.2 rename='rf_window_b_9.3'
enddo
place   rf_window copies=1 x=0.0 y=0.0 z=19791.5 rename='rf_window_b_9.3'
(do cell_index=10)
param        cell_z        20000
place   wedge_marker copies=1 x=0.0 y=0.0 z=19990.0 rename='wedge_marker_a_10'
place   wedge_marker copies=1 x=0.0 y=0.0 z=20010.0 rename='wedge_marker_b_10'
place   wedge   copies=1 x=0.0 y=0.0 z=20000.0 rename='wedge10'rotation='Z-90'
do rf_index=1,3,1
(do rf_index=1)
place   rf      copies=1 x=0.0 y=0.0 z=20305.6 rename='rf_10.1'
place   rf_window copies=1 x=0.0 y=0.0 z=20208.5 rename='rf_window_10.1'
(do rf_index=2)
place   rf      copies=1 x=0.0 y=0.0 z=20500.0 rename='rf_10.2'
place   rf_window copies=1 x=0.0 y=0.0 z=20402.8 rename='rf_window_10.2'
(do rf_index=3)
place   rf      copies=1 x=0.0 y=0.0 z=20694.4 rename='rf_10.3'
place   rf_window copies=1 x=0.0 y=0.0 z=20597.2 rename='rf_window_10.3'
enddo
place   rf_window copies=1 x=0.0 y=0.0 z=20791.5 rename='rf_window_10.3'
param        cell_z        21000
place   wedge_marker copies=1 x=0.0 y=0.0 z=20990.0 rename='wedge_marker_c_10'
place   wedge_marker copies=1 x=0.0 y=0.0 z=21010.0 rename='wedge_marker_d_10'
place   wedge   copies=1 x=0.0 y=0.0 z=21000.0 rename='wedge10'rotation='Z90'
do rf_index=1,3,1
(do rf_index=1)
place   rf      copies=1 x=0.0 y=0.0 z=21305.6 rename='rf_b_10.1'
place   rf_window copies=1 x=0.0 y=0.0 z=21208.5 rename='rf_window_b_10.1'
(do rf_index=2)
place   rf      copies=1 x=0.0 y=0.0 z=21500.0 rename='rf_b_10.2'
place   rf_window copies=1 x=0.0 y=0.0 z=21402.8 rename='rf_window_b_10.2'
(do rf_index=3)
place   rf      copies=1 x=0.0 y=0.0 z=21694.4 rename='rf_b_10.3'
place   rf_window copies=1 x=0.0 y=0.0 z=21597.2 rename='rf_window_b_10.3'
enddo
place   rf_window copies=1 x=0.0 y=0.0 z=21791.5 rename='rf_window_b_10.3'
(do cell_index=11)
param        cell_z        22000
place   wedge_marker copies=1 x=0.0 y=0.0 z=21990.0 rename='wedge_marker_a_11'
place   wedge_marker copies=1 x=0.0 y=0.0 z=22010.0 rename='wedge_marker_b_11'
place   wedge   copies=1 x=0.0 y=0.0 z=22000.0 rename='wedge11'rotation='Z-90'
do rf_index=1,3,1
(do rf_index=1)
place   rf      copies=1 x=0.0 y=0.0 z=22305.6 rename='rf_11.1'
place   rf_window copies=1 x=0.0 y=0.0 z=22208.5 rename='rf_window_11.1'
(do rf_index=2)
place   rf      copies=1 x=0.0 y=0.0 z=22500.0 rename='rf_11.2'
place   rf_window copies=1 x=0.0 y=0.0 z=22402.8 rename='rf_window_11.2'
(do rf_index=3)
place   rf      copies=1 x=0.0 y=0.0 z=22694.4 rename='rf_11.3'
place   rf_window copies=1 x=0.0 y=0.0 z=22597.2 rename='rf_window_11.3'
enddo
place   rf_window copies=1 x=0.0 y=0.0 z=22791.5 rename='rf_window_11.3'
param        cell_z        23000
place   wedge_marker copies=1 x=0.0 y=0.0 z=22990.0 rename='wedge_marker_c_11'
place   wedge_marker copies=1 x=0.0 y=0.0 z=23010.0 rename='wedge_marker_d_11'
place   wedge   copies=1 x=0.0 y=0.0 z=23000.0 rename='wedge11'rotation='Z90'
do rf_index=1,3,1
(do rf_index=1)
place   rf      copies=1 x=0.0 y=0.0 z=23305.6 rename='rf_b_11.1'
place   rf_window copies=1 x=0.0 y=0.0 z=23208.5 rename='rf_window_b_11.1'
(do rf_index=2)
place   rf      copies=1 x=0.0 y=0.0 z=23500.0 rename='rf_b_11.2'
place   rf_window copies=1 x=0.0 y=0.0 z=23402.8 rename='rf_window_b_11.2'
(do rf_index=3)
place   rf      copies=1 x=0.0 y=0.0 z=23694.4 rename='rf_b_11.3'
place   rf_window copies=1 x=0.0 y=0.0 z=23597.2 rename='rf_window_b_11.3'
enddo
place   rf_window copies=1 x=0.0 y=0.0 z=23791.5 rename='rf_window_b_11.3'
(do cell_index=12)
param        cell_z        24000
place   wedge_marker copies=1 x=0.0 y=0.0 z=23990.0 rename='wedge_marker_a_12'
place   wedge_marker copies=1 x=0.0 y=0.0 z=24010.0 rename='wedge_marker_b_12'
place   wedge   copies=1 x=0.0 y=0.0 z=24000.0 rename='wedge12'rotation='Z-90'
do rf_index=1,3,1
(do rf_index=1)
place   rf      copies=1 x=0.0 y=0.0 z=24305.6 rename='rf_12.1'
place   rf_window copies=1 x=0.0 y=0.0 z=24208.5 rename='rf_window_12.1'
(do rf_index=2)
place   rf      copies=1 x=0.0 y=0.0 z=24500.0 rename='rf_12.2'
place   rf_window copies=1 x=0.0 y=0.0 z=24402.8 rename='rf_window_12.2'
(do rf_index=3)
place   rf      copies=1 x=0.0 y=0.0 z=24694.4 rename='rf_12.3'
place   rf_window copies=1 x=0.0 y=0.0 z=24597.2 rename='rf_window_12.3'
enddo
place   rf_window copies=1 x=0.0 y=0.0 z=24791.5 rename='rf_window_12.3'
param        cell_z        25000
place   wedge_marker copies=1 x=0.0 y=0.0 z=24990.0 rename='wedge_marker_c_12'
place   wedge_marker copies=1 x=0.0 y=0.0 z=25010.0 rename='wedge_marker_d_12'
place   wedge   copies=1 x=0.0 y=0.0 z=25000.0 rename='wedge12'rotation='Z90'
do rf_index=1,3,1
(do rf_index=1)
place   rf      copies=1 x=0.0 y=0.0 z=25305.6 rename='rf_b_12.1'
place   rf_window copies=1 x=0.0 y=0.0 z=25208.5 rename='rf_window_b_12.1'
(do rf_index=2)
place   rf      copies=1 x=0.0 y=0.0 z=25500.0 rename='rf_b_12.2'
place   rf_window copies=1 x=0.0 y=0.0 z=25402.8 rename='rf_window_b_12.2'
(do rf_index=3)
place   rf      copies=1 x=0.0 y=0.0 z=25694.4 rename='rf_b_12.3'
place   rf_window copies=1 x=0.0 y=0.0 z=25597.2 rename='rf_window_b_12.3'
enddo
place   rf_window copies=1 x=0.0 y=0.0 z=25791.5 rename='rf_window_b_12.3'
(do cell_index=13)
param        cell_z        26000
place   wedge_marker copies=1 x=0.0 y=0.0 z=25990.0 rename='wedge_marker_a_13'
place   wedge_marker copies=1 x=0.0 y=0.0 z=26010.0 rename='wedge_marker_b_13'
place   wedge   copies=1 x=0.0 y=0.0 z=26000.0 rename='wedge13'rotation='Z-90'
do rf_index=1,3,1
(do rf_index=1)
place   rf      copies=1 x=0.0 y=0.0 z=26305.6 rename='rf_13.1'
place   rf_window copies=1 x=0.0 y=0.0 z=26208.5 rename='rf_window_13.1'
(do rf_index=2)
place   rf      copies=1 x=0.0 y=0.0 z=26500.0 rename='rf_13.2'
place   rf_window copies=1 x=0.0 y=0.0 z=26402.8 rename='rf_window_13.2'
(do rf_index=3)
place   rf      copies=1 x=0.0 y=0.0 z=26694.4 rename='rf_13.3'
place   rf_window copies=1 x=0.0 y=0.0 z=26597.2 rename='rf_window_13.3'
enddo
place   rf_window copies=1 x=0.0 y=0.0 z=26791.5 rename='rf_window_13.3'
param        cell_z        27000
place   wedge_marker copies=1 x=0.0 y=0.0 z=26990.0 rename='wedge_marker_c_13'
place   wedge_marker copies=1 x=0.0 y=0.0 z=27010.0 rename='wedge_marker_d_13'
place   wedge   copies=1 x=0.0 y=0.0 z=27000.0 rename='wedge13'rotation='Z90'
do rf_index=1,3,1
(do rf_index=1)
place   rf      copies=1 x=0.0 y=0.0 z=27305.6 rename='rf_b_13.1'
place   rf_window copies=1 x=0.0 y=0.0 z=27208.5 rename='rf_window_b_13.1'
(do rf_index=2)
place   rf      copies=1 x=0.0 y=0.0 z=27500.0 rename='rf_b_13.2'
place   rf_window copies=1 x=0.0 y=0.0 z=27402.8 rename='rf_window_b_13.2'
(do rf_index=3)
place   rf      copies=1 x=0.0 y=0.0 z=27694.4 rename='rf_b_13.3'
place   rf_window copies=1 x=0.0 y=0.0 z=27597.2 rename='rf_window_b_13.3'
enddo
place   rf_window copies=1 x=0.0 y=0.0 z=27791.5 rename='rf_window_b_13.3'
(do cell_index=14)
param        cell_z        28000
place   wedge_marker copies=1 x=0.0 y=0.0 z=27990.0 rename='wedge_marker_a_14'
place   wedge_marker copies=1 x=0.0 y=0.0 z=28010.0 rename='wedge_marker_b_14'
place   wedge   copies=1 x=0.0 y=0.0 z=28000.0 rename='wedge14'rotation='Z-90'
do rf_index=1,3,1
(do rf_index=1)
place   rf      copies=1 x=0.0 y=0.0 z=28305.6 rename='rf_14.1'
place   rf_window copies=1 x=0.0 y=0.0 z=28208.5 rename='rf_window_14.1'
(do rf_index=2)
place   rf      copies=1 x=0.0 y=0.0 z=28500.0 rename='rf_14.2'
place   rf_window copies=1 x=0.0 y=0.0 z=28402.8 rename='rf_window_14.2'
(do rf_index=3)
place   rf      copies=1 x=0.0 y=0.0 z=28694.4 rename='rf_14.3'
place   rf_window copies=1 x=0.0 y=0.0 z=28597.2 rename='rf_window_14.3'
enddo
place   rf_window copies=1 x=0.0 y=0.0 z=28791.5 rename='rf_window_14.3'
param        cell_z        29000
place   wedge_marker copies=1 x=0.0 y=0.0 z=28990.0 rename='wedge_marker_c_14'
place   wedge_marker copies=1 x=0.0 y=0.0 z=29010.0 rename='wedge_marker_d_14'
place   wedge   copies=1 x=0.0 y=0.0 z=29000.0 rename='wedge14'rotation='Z90'
do rf_index=1,3,1
(do rf_index=1)
place   rf      copies=1 x=0.0 y=0.0 z=29305.6 rename='rf_b_14.1'
place   rf_window copies=1 x=0.0 y=0.0 z=29208.5 rename='rf_window_b_14.1'
(do rf_index=2)
place   rf      copies=1 x=0.0 y=0.0 z=29500.0 rename='rf_b_14.2'
place   rf_window copies=1 x=0.0 y=0.0 z=29402.8 rename='rf_window_b_14.2'
(do rf_index=3)
place   rf      copies=1 x=0.0 y=0.0 z=29694.4 rename='rf_b_14.3'
place   rf_window copies=1 x=0.0 y=0.0 z=29597.2 rename='rf_window_b_14.3'
enddo
place   rf_window copies=1 x=0.0 y=0.0 z=29791.5 rename='rf_window_b_14.3'
(do cell_index=15)
param        cell_z        30000
place   wedge_marker copies=1 x=0.0 y=0.0 z=29990.0 rename='wedge_marker_a_15'
place   wedge_marker copies=1 x=0.0 y=0.0 z=30010.0 rename='wedge_marker_b_15'
place   wedge   copies=1 x=0.0 y=0.0 z=30000.0 rename='wedge15'rotation='Z-90'
do rf_index=1,3,1
(do rf_index=1)
place   rf      copies=1 x=0.0 y=0.0 z=30305.6 rename='rf_15.1'
place   rf_window copies=1 x=0.0 y=0.0 z=30208.5 rename='rf_window_15.1'
(do rf_index=2)
place   rf      copies=1 x=0.0 y=0.0 z=30500.0 rename='rf_15.2'
place   rf_window copies=1 x=0.0 y=0.0 z=30402.8 rename='rf_window_15.2'
(do rf_index=3)
place   rf      copies=1 x=0.0 y=0.0 z=30694.4 rename='rf_15.3'
place   rf_window copies=1 x=0.0 y=0.0 z=30597.2 rename='rf_window_15.3'
enddo
place   rf_window copies=1 x=0.0 y=0.0 z=30791.5 rename='rf_window_15.3'
param        cell_z        31000
place   wedge_marker copies=1 x=0.0 y=0.0 z=30990.0 rename='wedge_marker_c_15'
place   wedge_marker copies=1 x=0.0 y=0.0 z=31010.0 rename='wedge_marker_d_15'
place   wedge   copies=1 x=0.0 y=0.0 z=31000.0 rename='wedge15'rotation='Z90'
do rf_index=1,3,1
(do rf_index=1)
place   rf      copies=1 x=0.0 y=0.0 z=31305.6 rename='rf_b_15.1'
place   rf_window copies=1 x=0.0 y=0.0 z=31208.5 rename='rf_window_b_15.1'
(do rf_index=2)
place   rf      copies=1 x=0.0 y=0.0 z=31500.0 rename='rf_b_15.2'
place   rf_window copies=1 x=0.0 y=0.0 z=31402.8 rename='rf_window_b_15.2'
(do rf_index=3)
place   rf      copies=1 x=0.0 y=0.0 z=31694.4 rename='rf_b_15.3'
place   rf_window copies=1 x=0.0 y=0.0 z=31597.2 rename='rf_window_b_15.3'
enddo
place   rf_window copies=1 x=0.0 y=0.0 z=31791.5 rename='rf_window_b_15.3'
(do cell_index=16)
param        cell_z        32000
place   wedge_marker copies=1 x=0.0 y=0.0 z=31990.0 rename='wedge_marker_a_16'
place   wedge_marker copies=1 x=0.0 y=0.0 z=32010.0 rename='wedge_marker_b_16'
place   wedge   copies=1 x=0.0 y=0.0 z=32000.0 rename='wedge16'rotation='Z-90'
do rf_index=1,3,1
(do rf_index=1)
place   rf      copies=1 x=0.0 y=0.0 z=32305.6 rename='rf_16.1'
place   rf_window copies=1 x=0.0 y=0.0 z=32208.5 rename='rf_window_16.1'
(do rf_index=2)
place   rf      copies=1 x=0.0 y=0.0 z=32500.0 rename='rf_16.2'
place   rf_window copies=1 x=0.0 y=0.0 z=32402.8 rename='rf_window_16.2'
(do rf_index=3)
place   rf      copies=1 x=0.0 y=0.0 z=32694.4 rename='rf_16.3'
place   rf_window copies=1 x=0.0 y=0.0 z=32597.2 rename='rf_window_16.3'
enddo
place   rf_window copies=1 x=0.0 y=0.0 z=32791.5 rename='rf_window_16.3'
param        cell_z        33000
place   wedge_marker copies=1 x=0.0 y=0.0 z=32990.0 rename='wedge_marker_c_16'
place   wedge_marker copies=1 x=0.0 y=0.0 z=33010.0 rename='wedge_marker_d_16'
place   wedge   copies=1 x=0.0 y=0.0 z=33000.0 rename='wedge16'rotation='Z90'
do rf_index=1,3,1
(do rf_index=1)
place   rf      copies=1 x=0.0 y=0.0 z=33305.6 rename='rf_b_16.1'
place   rf_window copies=1 x=0.0 y=0.0 z=33208.5 rename='rf_window_b_16.1'
(do rf_index=2)
place   rf      copies=1 x=0.0 y=0.0 z=33500.0 rename='rf_b_16.2'
place   rf_window copies=1 x=0.0 y=0.0 z=33402.8 rename='rf_window_b_16.2'
(do rf_index=3)
place   rf      copies=1 x=0.0 y=0.0 z=33694.4 rename='rf_b_16.3'
place   rf_window copies=1 x=0.0 y=0.0 z=33597.2 rename='rf_window_b_16.3'
enddo
place   rf_window copies=1 x=0.0 y=0.0 z=33791.5 rename='rf_window_b_16.3'
(do cell_index=17)
param        cell_z        34000
place   wedge_marker copies=1 x=0.0 y=0.0 z=33990.0 rename='wedge_marker_a_17'
place   wedge_marker copies=1 x=0.0 y=0.0 z=34010.0 rename='wedge_marker_b_17'
place   wedge   copies=1 x=0.0 y=0.0 z=34000.0 rename='wedge17'rotation='Z-90'
do rf_index=1,3,1
(do rf_index=1)
place   rf      copies=1 x=0.0 y=0.0 z=34305.6 rename='rf_17.1'
place   rf_window copies=1 x=0.0 y=0.0 z=34208.5 rename='rf_window_17.1'
(do rf_index=2)
place   rf      copies=1 x=0.0 y=0.0 z=34500.0 rename='rf_17.2'
place   rf_window copies=1 x=0.0 y=0.0 z=34402.8 rename='rf_window_17.2'
(do rf_index=3)
place   rf      copies=1 x=0.0 y=0.0 z=34694.4 rename='rf_17.3'
place   rf_window copies=1 x=0.0 y=0.0 z=34597.2 rename='rf_window_17.3'
enddo
place   rf_window copies=1 x=0.0 y=0.0 z=34791.5 rename='rf_window_17.3'
param        cell_z        35000
place   wedge_marker copies=1 x=0.0 y=0.0 z=34990.0 rename='wedge_marker_c_17'
place   wedge_marker copies=1 x=0.0 y=0.0 z=35010.0 rename='wedge_marker_d_17'
place   wedge   copies=1 x=0.0 y=0.0 z=35000.0 rename='wedge17'rotation='Z90'
do rf_index=1,3,1
(do rf_index=1)
place   rf      copies=1 x=0.0 y=0.0 z=35305.6 rename='rf_b_17.1'
place   rf_window copies=1 x=0.0 y=0.0 z=35208.5 rename='rf_window_b_17.1'
(do rf_index=2)
place   rf      copies=1 x=0.0 y=0.0 z=35500.0 rename='rf_b_17.2'
place   rf_window copies=1 x=0.0 y=0.0 z=35402.8 rename='rf_window_b_17.2'
(do rf_index=3)
place   rf      copies=1 x=0.0 y=0.0 z=35694.4 rename='rf_b_17.3'
place   rf_window copies=1 x=0.0 y=0.0 z=35597.2 rename='rf_window_b_17.3'
enddo
place   rf_window copies=1 x=0.0 y=0.0 z=35791.5 rename='rf_window_b_17.3'
(do cell_index=18)
param        cell_z        36000
place   wedge_marker copies=1 x=0.0 y=0.0 z=35990.0 rename='wedge_marker_a_18'
place   wedge_marker copies=1 x=0.0 y=0.0 z=36010.0 rename='wedge_marker_b_18'
place   wedge   copies=1 x=0.0 y=0.0 z=36000.0 rename='wedge18'rotation='Z-90'
do rf_index=1,3,1
(do rf_index=1)
place   rf      copies=1 x=0.0 y=0.0 z=36305.6 rename='rf_18.1'
place   rf_window copies=1 x=0.0 y=0.0 z=36208.5 rename='rf_window_18.1'
(do rf_index=2)
place   rf      copies=1 x=0.0 y=0.0 z=36500.0 rename='rf_18.2'
place   rf_window copies=1 x=0.0 y=0.0 z=36402.8 rename='rf_window_18.2'
(do rf_index=3)
place   rf      copies=1 x=0.0 y=0.0 z=36694.4 rename='rf_18.3'
place   rf_window copies=1 x=0.0 y=0.0 z=36597.2 rename='rf_window_18.3'
enddo
place   rf_window copies=1 x=0.0 y=0.0 z=36791.5 rename='rf_window_18.3'
param        cell_z        37000
place   wedge_marker copies=1 x=0.0 y=0.0 z=36990.0 rename='wedge_marker_c_18'
place   wedge_marker copies=1 x=0.0 y=0.0 z=37010.0 rename='wedge_marker_d_18'
place   wedge   copies=1 x=0.0 y=0.0 z=37000.0 rename='wedge18'rotation='Z90'
do rf_index=1,3,1
(do rf_index=1)
place   rf      copies=1 x=0.0 y=0.0 z=37305.6 rename='rf_b_18.1'
place   rf_window copies=1 x=0.0 y=0.0 z=37208.5 rename='rf_window_b_18.1'
(do rf_index=2)
place   rf      copies=1 x=0.0 y=0.0 z=37500.0 rename='rf_b_18.2'
place   rf_window copies=1 x=0.0 y=0.0 z=37402.8 rename='rf_window_b_18.2'
(do rf_index=3)
place   rf      copies=1 x=0.0 y=0.0 z=37694.4 rename='rf_b_18.3'
place   rf_window copies=1 x=0.0 y=0.0 z=37597.2 rename='rf_window_b_18.3'
enddo
place   rf_window copies=1 x=0.0 y=0.0 z=37791.5 rename='rf_window_b_18.3'
(do cell_index=19)
param        cell_z        38000
place   wedge_marker copies=1 x=0.0 y=0.0 z=37990.0 rename='wedge_marker_a_19'
place   wedge_marker copies=1 x=0.0 y=0.0 z=38010.0 rename='wedge_marker_b_19'
place   wedge   copies=1 x=0.0 y=0.0 z=38000.0 rename='wedge19'rotation='Z-90'
do rf_index=1,3,1
(do rf_index=1)
place   rf      copies=1 x=0.0 y=0.0 z=38305.6 rename='rf_19.1'
place   rf_window copies=1 x=0.0 y=0.0 z=38208.5 rename='rf_window_19.1'
(do rf_index=2)
place   rf      copies=1 x=0.0 y=0.0 z=38500.0 rename='rf_19.2'
place   rf_window copies=1 x=0.0 y=0.0 z=38402.8 rename='rf_window_19.2'
(do rf_index=3)
place   rf      copies=1 x=0.0 y=0.0 z=38694.4 rename='rf_19.3'
place   rf_window copies=1 x=0.0 y=0.0 z=38597.2 rename='rf_window_19.3'
enddo
place   rf_window copies=1 x=0.0 y=0.0 z=38791.5 rename='rf_window_19.3'
param        cell_z        39000
place   wedge_marker copies=1 x=0.0 y=0.0 z=38990.0 rename='wedge_marker_c_19'
place   wedge_marker copies=1 x=0.0 y=0.0 z=39010.0 rename='wedge_marker_d_19'
place   wedge   copies=1 x=0.0 y=0.0 z=39000.0 rename='wedge19'rotation='Z90'
do rf_index=1,3,1
(do rf_index=1)
place   rf      copies=1 x=0.0 y=0.0 z=39305.6 rename='rf_b_19.1'
place   rf_window copies=1 x=0.0 y=0.0 z=39208.5 rename='rf_window_b_19.1'
(do rf_index=2)
place   rf      copies=1 x=0.0 y=0.0 z=39500.0 rename='rf_b_19.2'
place   rf_window copies=1 x=0.0 y=0.0 z=39402.8 rename='rf_window_b_19.2'
(do rf_index=3)
place   rf      copies=1 x=0.0 y=0.0 z=39694.4 rename='rf_b_19.3'
place   rf_window copies=1 x=0.0 y=0.0 z=39597.2 rename='rf_window_b_19.3'
enddo
place   rf_window copies=1 x=0.0 y=0.0 z=39791.5 rename='rf_window_b_19.3'
(do cell_index=20)
param        cell_z        40000
place   wedge_marker copies=1 x=0.0 y=0.0 z=39990.0 rename='wedge_marker_a_20'
place   wedge_marker copies=1 x=0.0 y=0.0 z=40010.0 rename='wedge_marker_b_20'
place   wedge   copies=1 x=0.0 y=0.0 z=40000.0 rename='wedge20'rotation='Z-90'
do rf_index=1,3,1
(do rf_index=1)
place   rf      copies=1 x=0.0 y=0.0 z=40305.6 rename='rf_20.1'
place   rf_window copies=1 x=0.0 y=0.0 z=40208.5 rename='rf_window_20.1'
(do rf_index=2)
place   rf      copies=1 x=0.0 y=0.0 z=40500.0 rename='rf_20.2'
place   rf_window copies=1 x=0.0 y=0.0 z=40402.8 rename='rf_window_20.2'
(do rf_index=3)
place   rf      copies=1 x=0.0 y=0.0 z=40694.4 rename='rf_20.3'
place   rf_window copies=1 x=0.0 y=0.0 z=40597.2 rename='rf_window_20.3'
enddo
place   rf_window copies=1 x=0.0 y=0.0 z=40791.5 rename='rf_window_20.3'
param        cell_z        41000
place   wedge_marker copies=1 x=0.0 y=0.0 z=40990.0 rename='wedge_marker_c_20'
place   wedge_marker copies=1 x=0.0 y=0.0 z=41010.0 rename='wedge_marker_d_20'
place   wedge   copies=1 x=0.0 y=0.0 z=41000.0 rename='wedge20'rotation='Z90'
do rf_index=1,3,1
(do rf_index=1)
place   rf      copies=1 x=0.0 y=0.0 z=41305.6 rename='rf_b_20.1'
place   rf_window copies=1 x=0.0 y=0.0 z=41208.5 rename='rf_window_b_20.1'
(do rf_index=2)
place   rf      copies=1 x=0.0 y=0.0 z=41500.0 rename='rf_b_20.2'
place   rf_window copies=1 x=0.0 y=0.0 z=41402.8 rename='rf_window_b_20.2'
(do rf_index=3)
place   rf      copies=1 x=0.0 y=0.0 z=41694.4 rename='rf_b_20.3'
place   rf_window copies=1 x=0.0 y=0.0 z=41597.2 rename='rf_window_b_20.3'
enddo
place   rf_window copies=1 x=0.0 y=0.0 z=41791.5 rename='rf_window_b_20.3'
(do cell_index=21)
param        cell_z        42000
place   wedge_marker copies=1 x=0.0 y=0.0 z=41990.0 rename='wedge_marker_a_21'
place   wedge_marker copies=1 x=0.0 y=0.0 z=42010.0 rename='wedge_marker_b_21'
place   wedge   copies=1 x=0.0 y=0.0 z=42000.0 rename='wedge21'rotation='Z-90'
do rf_index=1,3,1
(do rf_index=1)
place   rf      copies=1 x=0.0 y=0.0 z=42305.6 rename='rf_21.1'
place   rf_window copies=1 x=0.0 y=0.0 z=42208.5 rename='rf_window_21.1'
(do rf_index=2)
place   rf      copies=1 x=0.0 y=0.0 z=42500.0 rename='rf_21.2'
place   rf_window copies=1 x=0.0 y=0.0 z=42402.8 rename='rf_window_21.2'
(do rf_index=3)
place   rf      copies=1 x=0.0 y=0.0 z=42694.4 rename='rf_21.3'
place   rf_window copies=1 x=0.0 y=0.0 z=42597.2 rename='rf_window_21.3'
enddo
place   rf_window copies=1 x=0.0 y=0.0 z=42791.5 rename='rf_window_21.3'
param        cell_z        43000
place   wedge_marker copies=1 x=0.0 y=0.0 z=42990.0 rename='wedge_marker_c_21'
place   wedge_marker copies=1 x=0.0 y=0.0 z=43010.0 rename='wedge_marker_d_21'
place   wedge   copies=1 x=0.0 y=0.0 z=43000.0 rename='wedge21'rotation='Z90'
do rf_index=1,3,1
(do rf_index=1)
place   rf      copies=1 x=0.0 y=0.0 z=43305.6 rename='rf_b_21.1'
place   rf_window copies=1 x=0.0 y=0.0 z=43208.5 rename='rf_window_b_21.1'
(do rf_index=2)
place   rf      copies=1 x=0.0 y=0.0 z=43500.0 rename='rf_b_21.2'
place   rf_window copies=1 x=0.0 y=0.0 z=43402.8 rename='rf_window_b_21.2'
(do rf_index=3)
place   rf      copies=1 x=0.0 y=0.0 z=43694.4 rename='rf_b_21.3'
place   rf_window copies=1 x=0.0 y=0.0 z=43597.2 rename='rf_window_b_21.3'
enddo
place   rf_window copies=1 x=0.0 y=0.0 z=43791.5 rename='rf_window_b_21.3'
(do cell_index=22)
param        cell_z        44000
place   wedge_marker copies=1 x=0.0 y=0.0 z=43990.0 rename='wedge_marker_a_22'
place   wedge_marker copies=1 x=0.0 y=0.0 z=44010.0 rename='wedge_marker_b_22'
place   wedge   copies=1 x=0.0 y=0.0 z=44000.0 rename='wedge22'rotation='Z-90'
do rf_index=1,3,1
(do rf_index=1)
place   rf      copies=1 x=0.0 y=0.0 z=44305.6 rename='rf_22.1'
place   rf_window copies=1 x=0.0 y=0.0 z=44208.5 rename='rf_window_22.1'
(do rf_index=2)
place   rf      copies=1 x=0.0 y=0.0 z=44500.0 rename='rf_22.2'
place   rf_window copies=1 x=0.0 y=0.0 z=44402.8 rename='rf_window_22.2'
(do rf_index=3)
place   rf      copies=1 x=0.0 y=0.0 z=44694.4 rename='rf_22.3'
place   rf_window copies=1 x=0.0 y=0.0 z=44597.2 rename='rf_window_22.3'
enddo
place   rf_window copies=1 x=0.0 y=0.0 z=44791.5 rename='rf_window_22.3'
param        cell_z        45000
place   wedge_marker copies=1 x=0.0 y=0.0 z=44990.0 rename='wedge_marker_c_22'
place   wedge_marker copies=1 x=0.0 y=0.0 z=45010.0 rename='wedge_marker_d_22'
place   wedge   copies=1 x=0.0 y=0.0 z=45000.0 rename='wedge22'rotation='Z90'
do rf_index=1,3,1
(do rf_index=1)
place   rf      copies=1 x=0.0 y=0.0 z=45305.6 rename='rf_b_22.1'
place   rf_window copies=1 x=0.0 y=0.0 z=45208.5 rename='rf_window_b_22.1'
(do rf_index=2)
place   rf      copies=1 x=0.0 y=0.0 z=45500.0 rename='rf_b_22.2'
place   rf_window copies=1 x=0.0 y=0.0 z=45402.8 rename='rf_window_b_22.2'
(do rf_index=3)
place   rf      copies=1 x=0.0 y=0.0 z=45694.4 rename='rf_b_22.3'
place   rf_window copies=1 x=0.0 y=0.0 z=45597.2 rename='rf_window_b_22.3'
enddo
place   rf_window copies=1 x=0.0 y=0.0 z=45791.5 rename='rf_window_b_22.3'
(do cell_index=23)
param        cell_z        46000
place   wedge_marker copies=1 x=0.0 y=0.0 z=45990.0 rename='wedge_marker_a_23'
place   wedge_marker copies=1 x=0.0 y=0.0 z=46010.0 rename='wedge_marker_b_23'
place   wedge   copies=1 x=0.0 y=0.0 z=46000.0 rename='wedge23'rotation='Z-90'
do rf_index=1,3,1
(do rf_index=1)
place   rf      copies=1 x=0.0 y=0.0 z=46305.6 rename='rf_23.1'
place   rf_window copies=1 x=0.0 y=0.0 z=46208.5 rename='rf_window_23.1'
(do rf_index=2)
place   rf      copies=1 x=0.0 y=0.0 z=46500.0 rename='rf_23.2'
place   rf_window copies=1 x=0.0 y=0.0 z=46402.8 rename='rf_window_23.2'
(do rf_index=3)
place   rf      copies=1 x=0.0 y=0.0 z=46694.4 rename='rf_23.3'
place   rf_window copies=1 x=0.0 y=0.0 z=46597.2 rename='rf_window_23.3'
enddo
place   rf_window copies=1 x=0.0 y=0.0 z=46791.5 rename='rf_window_23.3'
param        cell_z        47000
place   wedge_marker copies=1 x=0.0 y=0.0 z=46990.0 rename='wedge_marker_c_23'
place   wedge_marker copies=1 x=0.0 y=0.0 z=47010.0 rename='wedge_marker_d_23'
place   wedge   copies=1 x=0.0 y=0.0 z=47000.0 rename='wedge23'rotation='Z90'
do rf_index=1,3,1
(do rf_index=1)
place   rf      copies=1 x=0.0 y=0.0 z=47305.6 rename='rf_b_23.1'
place   rf_window copies=1 x=0.0 y=0.0 z=47208.5 rename='rf_window_b_23.1'
(do rf_index=2)
place   rf      copies=1 x=0.0 y=0.0 z=47500.0 rename='rf_b_23.2'
place   rf_window copies=1 x=0.0 y=0.0 z=47402.8 rename='rf_window_b_23.2'
(do rf_index=3)
place   rf      copies=1 x=0.0 y=0.0 z=47694.4 rename='rf_b_23.3'
place   rf_window copies=1 x=0.0 y=0.0 z=47597.2 rename='rf_window_b_23.3'
enddo
place   rf_window copies=1 x=0.0 y=0.0 z=47791.5 rename='rf_window_b_23.3'
(do cell_index=24)
param        cell_z        48000
place   wedge_marker copies=1 x=0.0 y=0.0 z=47990.0 rename='wedge_marker_a_24'
place   wedge_marker copies=1 x=0.0 y=0.0 z=48010.0 rename='wedge_marker_b_24'
place   wedge   copies=1 x=0.0 y=0.0 z=48000.0 rename='wedge24'rotation='Z-90'
do rf_index=1,3,1
(do rf_index=1)
place   rf      copies=1 x=0.0 y=0.0 z=48305.6 rename='rf_24.1'
place   rf_window copies=1 x=0.0 y=0.0 z=48208.5 rename='rf_window_24.1'
(do rf_index=2)
place   rf      copies=1 x=0.0 y=0.0 z=48500.0 rename='rf_24.2'
place   rf_window copies=1 x=0.0 y=0.0 z=48402.8 rename='rf_window_24.2'
(do rf_index=3)
place   rf      copies=1 x=0.0 y=0.0 z=48694.4 rename='rf_24.3'
place   rf_window copies=1 x=0.0 y=0.0 z=48597.2 rename='rf_window_24.3'
enddo
place   rf_window copies=1 x=0.0 y=0.0 z=48791.5 rename='rf_window_24.3'
param        cell_z        49000
place   wedge_marker copies=1 x=0.0 y=0.0 z=48990.0 rename='wedge_marker_c_24'
place   wedge_marker copies=1 x=0.0 y=0.0 z=49010.0 rename='wedge_marker_d_24'
place   wedge   copies=1 x=0.0 y=0.0 z=49000.0 rename='wedge24'rotation='Z90'
do rf_index=1,3,1
(do rf_index=1)
place   rf      copies=1 x=0.0 y=0.0 z=49305.6 rename='rf_b_24.1'
place   rf_window copies=1 x=0.0 y=0.0 z=49208.5 rename='rf_window_b_24.1'
(do rf_index=2)
place   rf      copies=1 x=0.0 y=0.0 z=49500.0 rename='rf_b_24.2'
place   rf_window copies=1 x=0.0 y=0.0 z=49402.8 rename='rf_window_b_24.2'
(do rf_index=3)
place   rf      copies=1 x=0.0 y=0.0 z=49694.4 rename='rf_b_24.3'
place   rf_window copies=1 x=0.0 y=0.0 z=49597.2 rename='rf_window_b_24.3'
enddo
place   rf_window copies=1 x=0.0 y=0.0 z=49791.5 rename='rf_window_b_24.3'
(do cell_index=25)
param        cell_z        50000
place   wedge_marker copies=1 x=0.0 y=0.0 z=49990.0 rename='wedge_marker_a_25'
place   wedge_marker copies=1 x=0.0 y=0.0 z=50010.0 rename='wedge_marker_b_25'
place   wedge   copies=1 x=0.0 y=0.0 z=50000.0 rename='wedge25'rotation='Z-90'
do rf_index=1,3,1
(do rf_index=1)
place   rf      copies=1 x=0.0 y=0.0 z=50305.6 rename='rf_25.1'
place   rf_window copies=1 x=0.0 y=0.0 z=50208.5 rename='rf_window_25.1'
(do rf_index=2)
place   rf      copies=1 x=0.0 y=0.0 z=50500.0 rename='rf_25.2'
place   rf_window copies=1 x=0.0 y=0.0 z=50402.8 rename='rf_window_25.2'
(do rf_index=3)
place   rf      copies=1 x=0.0 y=0.0 z=50694.4 rename='rf_25.3'
place   rf_window copies=1 x=0.0 y=0.0 z=50597.2 rename='rf_window_25.3'
enddo
place   rf_window copies=1 x=0.0 y=0.0 z=50791.5 rename='rf_window_25.3'
param        cell_z        51000
place   wedge_marker copies=1 x=0.0 y=0.0 z=50990.0 rename='wedge_marker_c_25'
place   wedge_marker copies=1 x=0.0 y=0.0 z=51010.0 rename='wedge_marker_d_25'
place   wedge   copies=1 x=0.0 y=0.0 z=51000.0 rename='wedge25'rotation='Z90'
do rf_index=1,3,1
(do rf_index=1)
place   rf      copies=1 x=0.0 y=0.0 z=51305.6 rename='rf_b_25.1'
place   rf_window copies=1 x=0.0 y=0.0 z=51208.5 rename='rf_window_b_25.1'
(do rf_index=2)
place   rf      copies=1 x=0.0 y=0.0 z=51500.0 rename='rf_b_25.2'
place   rf_window copies=1 x=0.0 y=0.0 z=51402.8 rename='rf_window_b_25.2'
(do rf_index=3)
place   rf      copies=1 x=0.0 y=0.0 z=51694.4 rename='rf_b_25.3'
place   rf_window copies=1 x=0.0 y=0.0 z=51597.2 rename='rf_window_b_25.3'
enddo
place   rf_window copies=1 x=0.0 y=0.0 z=51791.5 rename='rf_window_b_25.3'
(do cell_index=26)
param        cell_z        52000
place   wedge_marker copies=1 x=0.0 y=0.0 z=51990.0 rename='wedge_marker_a_26'
place   wedge_marker copies=1 x=0.0 y=0.0 z=52010.0 rename='wedge_marker_b_26'
place   wedge   copies=1 x=0.0 y=0.0 z=52000.0 rename='wedge26'rotation='Z-90'
do rf_index=1,3,1
(do rf_index=1)
place   rf      copies=1 x=0.0 y=0.0 z=52305.6 rename='rf_26.1'
place   rf_window copies=1 x=0.0 y=0.0 z=52208.5 rename='rf_window_26.1'
(do rf_index=2)
place   rf      copies=1 x=0.0 y=0.0 z=52500.0 rename='rf_26.2'
place   rf_window copies=1 x=0.0 y=0.0 z=52402.8 rename='rf_window_26.2'
(do rf_index=3)
place   rf      copies=1 x=0.0 y=0.0 z=52694.4 rename='rf_26.3'
place   rf_window copies=1 x=0.0 y=0.0 z=52597.2 rename='rf_window_26.3'
enddo
place   rf_window copies=1 x=0.0 y=0.0 z=52791.5 rename='rf_window_26.3'
param        cell_z        53000
place   wedge_marker copies=1 x=0.0 y=0.0 z=52990.0 rename='wedge_marker_c_26'
place   wedge_marker copies=1 x=0.0 y=0.0 z=53010.0 rename='wedge_marker_d_26'
place   wedge   copies=1 x=0.0 y=0.0 z=53000.0 rename='wedge26'rotation='Z90'
do rf_index=1,3,1
(do rf_index=1)
place   rf      copies=1 x=0.0 y=0.0 z=53305.6 rename='rf_b_26.1'
place   rf_window copies=1 x=0.0 y=0.0 z=53208.5 rename='rf_window_b_26.1'
(do rf_index=2)
place   rf      copies=1 x=0.0 y=0.0 z=53500.0 rename='rf_b_26.2'
place   rf_window copies=1 x=0.0 y=0.0 z=53402.8 rename='rf_window_b_26.2'
(do rf_index=3)
place   rf      copies=1 x=0.0 y=0.0 z=53694.4 rename='rf_b_26.3'
place   rf_window copies=1 x=0.0 y=0.0 z=53597.2 rename='rf_window_b_26.3'
enddo
place   rf_window copies=1 x=0.0 y=0.0 z=53791.5 rename='rf_window_b_26.3'
(do cell_index=27)
param        cell_z        54000
place   wedge_marker copies=1 x=0.0 y=0.0 z=53990.0 rename='wedge_marker_a_27'
place   wedge_marker copies=1 x=0.0 y=0.0 z=54010.0 rename='wedge_marker_b_27'
place   wedge   copies=1 x=0.0 y=0.0 z=54000.0 rename='wedge27'rotation='Z-90'
do rf_index=1,3,1
(do rf_index=1)
place   rf      copies=1 x=0.0 y=0.0 z=54305.6 rename='rf_27.1'
place   rf_window copies=1 x=0.0 y=0.0 z=54208.5 rename='rf_window_27.1'
(do rf_index=2)
place   rf      copies=1 x=0.0 y=0.0 z=54500.0 rename='rf_27.2'
place   rf_window copies=1 x=0.0 y=0.0 z=54402.8 rename='rf_window_27.2'
(do rf_index=3)
place   rf      copies=1 x=0.0 y=0.0 z=54694.4 rename='rf_27.3'
place   rf_window copies=1 x=0.0 y=0.0 z=54597.2 rename='rf_window_27.3'
enddo
place   rf_window copies=1 x=0.0 y=0.0 z=54791.5 rename='rf_window_27.3'
param        cell_z        55000
place   wedge_marker copies=1 x=0.0 y=0.0 z=54990.0 rename='wedge_marker_c_27'
place   wedge_marker copies=1 x=0.0 y=0.0 z=55010.0 rename='wedge_marker_d_27'
place   wedge   copies=1 x=0.0 y=0.0 z=55000.0 rename='wedge27'rotation='Z90'
do rf_index=1,3,1
(do rf_index=1)
place   rf      copies=1 x=0.0 y=0.0 z=55305.6 rename='rf_b_27.1'
place   rf_window copies=1 x=0.0 y=0.0 z=55208.5 rename='rf_window_b_27.1'
(do rf_index=2)
place   rf      copies=1 x=0.0 y=0.0 z=55500.0 rename='rf_b_27.2'
place   rf_window copies=1 x=0.0 y=0.0 z=55402.8 rename='rf_window_b_27.2'
(do rf_index=3)
place   rf      copies=1 x=0.0 y=0.0 z=55694.4 rename='rf_b_27.3'
place   rf_window copies=1 x=0.0 y=0.0 z=55597.2 rename='rf_window_b_27.3'
enddo
place   rf_window copies=1 x=0.0 y=0.0 z=55791.5 rename='rf_window_b_27.3'
(do cell_index=28)
param        cell_z        56000
place   wedge_marker copies=1 x=0.0 y=0.0 z=55990.0 rename='wedge_marker_a_28'
place   wedge_marker copies=1 x=0.0 y=0.0 z=56010.0 rename='wedge_marker_b_28'
place   wedge   copies=1 x=0.0 y=0.0 z=56000.0 rename='wedge28'rotation='Z-90'
do rf_index=1,3,1
(do rf_index=1)
place   rf      copies=1 x=0.0 y=0.0 z=56305.6 rename='rf_28.1'
place   rf_window copies=1 x=0.0 y=0.0 z=56208.5 rename='rf_window_28.1'
(do rf_index=2)
place   rf      copies=1 x=0.0 y=0.0 z=56500.0 rename='rf_28.2'
place   rf_window copies=1 x=0.0 y=0.0 z=56402.8 rename='rf_window_28.2'
(do rf_index=3)
place   rf      copies=1 x=0.0 y=0.0 z=56694.4 rename='rf_28.3'
place   rf_window copies=1 x=0.0 y=0.0 z=56597.2 rename='rf_window_28.3'
enddo
place   rf_window copies=1 x=0.0 y=0.0 z=56791.5 rename='rf_window_28.3'
param        cell_z        57000
place   wedge_marker copies=1 x=0.0 y=0.0 z=56990.0 rename='wedge_marker_c_28'
place   wedge_marker copies=1 x=0.0 y=0.0 z=57010.0 rename='wedge_marker_d_28'
place   wedge   copies=1 x=0.0 y=0.0 z=57000.0 rename='wedge28'rotation='Z90'
do rf_index=1,3,1
(do rf_index=1)
place   rf      copies=1 x=0.0 y=0.0 z=57305.6 rename='rf_b_28.1'
place   rf_window copies=1 x=0.0 y=0.0 z=57208.5 rename='rf_window_b_28.1'
(do rf_index=2)
place   rf      copies=1 x=0.0 y=0.0 z=57500.0 rename='rf_b_28.2'
place   rf_window copies=1 x=0.0 y=0.0 z=57402.8 rename='rf_window_b_28.2'
(do rf_index=3)
place   rf      copies=1 x=0.0 y=0.0 z=57694.4 rename='rf_b_28.3'
place   rf_window copies=1 x=0.0 y=0.0 z=57597.2 rename='rf_window_b_28.3'
enddo
place   rf_window copies=1 x=0.0 y=0.0 z=57791.5 rename='rf_window_b_28.3'
(do cell_index=29)
param        cell_z        58000
place   wedge_marker copies=1 x=0.0 y=0.0 z=57990.0 rename='wedge_marker_a_29'
place   wedge_marker copies=1 x=0.0 y=0.0 z=58010.0 rename='wedge_marker_b_29'
place   wedge   copies=1 x=0.0 y=0.0 z=58000.0 rename='wedge29'rotation='Z-90'
do rf_index=1,3,1
(do rf_index=1)
place   rf      copies=1 x=0.0 y=0.0 z=58305.6 rename='rf_29.1'
place   rf_window copies=1 x=0.0 y=0.0 z=58208.5 rename='rf_window_29.1'
(do rf_index=2)
place   rf      copies=1 x=0.0 y=0.0 z=58500.0 rename='rf_29.2'
place   rf_window copies=1 x=0.0 y=0.0 z=58402.8 rename='rf_window_29.2'
(do rf_index=3)
place   rf      copies=1 x=0.0 y=0.0 z=58694.4 rename='rf_29.3'
place   rf_window copies=1 x=0.0 y=0.0 z=58597.2 rename='rf_window_29.3'
enddo
place   rf_window copies=1 x=0.0 y=0.0 z=58791.5 rename='rf_window_29.3'
param        cell_z        59000
place   wedge_marker copies=1 x=0.0 y=0.0 z=58990.0 rename='wedge_marker_c_29'
place   wedge_marker copies=1 x=0.0 y=0.0 z=59010.0 rename='wedge_marker_d_29'
place   wedge   copies=1 x=0.0 y=0.0 z=59000.0 rename='wedge29'rotation='Z90'
do rf_index=1,3,1
(do rf_index=1)
place   rf      copies=1 x=0.0 y=0.0 z=59305.6 rename='rf_b_29.1'
place   rf_window copies=1 x=0.0 y=0.0 z=59208.5 rename='rf_window_b_29.1'
(do rf_index=2)
place   rf      copies=1 x=0.0 y=0.0 z=59500.0 rename='rf_b_29.2'
place   rf_window copies=1 x=0.0 y=0.0 z=59402.8 rename='rf_window_b_29.2'
(do rf_index=3)
place   rf      copies=1 x=0.0 y=0.0 z=59694.4 rename='rf_b_29.3'
place   rf_window copies=1 x=0.0 y=0.0 z=59597.2 rename='rf_window_b_29.3'
enddo
place   rf_window copies=1 x=0.0 y=0.0 z=59791.5 rename='rf_window_b_29.3'
(do cell_index=30)
param        cell_z        60000
place   wedge_marker copies=1 x=0.0 y=0.0 z=59990.0 rename='wedge_marker_a_30'
place   wedge_marker copies=1 x=0.0 y=0.0 z=60010.0 rename='wedge_marker_b_30'
place   wedge   copies=1 x=0.0 y=0.0 z=60000.0 rename='wedge30'rotation='Z-90'
do rf_index=1,3,1
(do rf_index=1)
place   rf      copies=1 x=0.0 y=0.0 z=60305.6 rename='rf_30.1'
place   rf_window copies=1 x=0.0 y=0.0 z=60208.5 rename='rf_window_30.1'
(do rf_index=2)
place   rf      copies=1 x=0.0 y=0.0 z=60500.0 rename='rf_30.2'
place   rf_window copies=1 x=0.0 y=0.0 z=60402.8 rename='rf_window_30.2'
(do rf_index=3)
place   rf      copies=1 x=0.0 y=0.0 z=60694.4 rename='rf_30.3'
place   rf_window copies=1 x=0.0 y=0.0 z=60597.2 rename='rf_window_30.3'
enddo
place   rf_window copies=1 x=0.0 y=0.0 z=60791.5 rename='rf_window_30.3'
param        cell_z        61000
place   wedge_marker copies=1 x=0.0 y=0.0 z=60990.0 rename='wedge_marker_c_30'
place   wedge_marker copies=1 x=0.0 y=0.0 z=61010.0 rename='wedge_marker_d_30'
place   wedge   copies=1 x=0.0 y=0.0 z=61000.0 rename='wedge30'rotation='Z90'
do rf_index=1,3,1
(do rf_index=1)
place   rf      copies=1 x=0.0 y=0.0 z=61305.6 rename='rf_b_30.1'
place   rf_window copies=1 x=0.0 y=0.0 z=61208.5 rename='rf_window_b_30.1'
(do rf_index=2)
place   rf      copies=1 x=0.0 y=0.0 z=61500.0 rename='rf_b_30.2'
place   rf_window copies=1 x=0.0 y=0.0 z=61402.8 rename='rf_window_b_30.2'
(do rf_index=3)
place   rf      copies=1 x=0.0 y=0.0 z=61694.4 rename='rf_b_30.3'
place   rf_window copies=1 x=0.0 y=0.0 z=61597.2 rename='rf_window_b_30.3'
enddo
place   rf_window copies=1 x=0.0 y=0.0 z=61791.5 rename='rf_window_b_30.3'
(do cell_index=31)
param        cell_z        62000
place   wedge_marker copies=1 x=0.0 y=0.0 z=61990.0 rename='wedge_marker_a_31'
place   wedge_marker copies=1 x=0.0 y=0.0 z=62010.0 rename='wedge_marker_b_31'
place   wedge   copies=1 x=0.0 y=0.0 z=62000.0 rename='wedge31'rotation='Z-90'
do rf_index=1,3,1
(do rf_index=1)
place   rf      copies=1 x=0.0 y=0.0 z=62305.6 rename='rf_31.1'
place   rf_window copies=1 x=0.0 y=0.0 z=62208.5 rename='rf_window_31.1'
(do rf_index=2)
place   rf      copies=1 x=0.0 y=0.0 z=62500.0 rename='rf_31.2'
place   rf_window copies=1 x=0.0 y=0.0 z=62402.8 rename='rf_window_31.2'
(do rf_index=3)
place   rf      copies=1 x=0.0 y=0.0 z=62694.4 rename='rf_31.3'
place   rf_window copies=1 x=0.0 y=0.0 z=62597.2 rename='rf_window_31.3'
enddo
place   rf_window copies=1 x=0.0 y=0.0 z=62791.5 rename='rf_window_31.3'
param        cell_z        63000
place   wedge_marker copies=1 x=0.0 y=0.0 z=62990.0 rename='wedge_marker_c_31'
place   wedge_marker copies=1 x=0.0 y=0.0 z=63010.0 rename='wedge_marker_d_31'
place   wedge   copies=1 x=0.0 y=0.0 z=63000.0 rename='wedge31'rotation='Z90'
do rf_index=1,3,1
(do rf_index=1)
place   rf      copies=1 x=0.0 y=0.0 z=63305.6 rename='rf_b_31.1'
place   rf_window copies=1 x=0.0 y=0.0 z=63208.5 rename='rf_window_b_31.1'
(do rf_index=2)
place   rf      copies=1 x=0.0 y=0.0 z=63500.0 rename='rf_b_31.2'
place   rf_window copies=1 x=0.0 y=0.0 z=63402.8 rename='rf_window_b_31.2'
(do rf_index=3)
place   rf      copies=1 x=0.0 y=0.0 z=63694.4 rename='rf_b_31.3'
place   rf_window copies=1 x=0.0 y=0.0 z=63597.2 rename='rf_window_b_31.3'
enddo
place   rf_window copies=1 x=0.0 y=0.0 z=63791.5 rename='rf_window_b_31.3'
(do cell_index=32)
param        cell_z        64000
place   wedge_marker copies=1 x=0.0 y=0.0 z=63990.0 rename='wedge_marker_a_32'
place   wedge_marker copies=1 x=0.0 y=0.0 z=64010.0 rename='wedge_marker_b_32'
place   wedge   copies=1 x=0.0 y=0.0 z=64000.0 rename='wedge32'rotation='Z-90'
do rf_index=1,3,1
(do rf_index=1)
place   rf      copies=1 x=0.0 y=0.0 z=64305.6 rename='rf_32.1'
place   rf_window copies=1 x=0.0 y=0.0 z=64208.5 rename='rf_window_32.1'
(do rf_index=2)
place   rf      copies=1 x=0.0 y=0.0 z=64500.0 rename='rf_32.2'
place   rf_window copies=1 x=0.0 y=0.0 z=64402.8 rename='rf_window_32.2'
(do rf_index=3)
place   rf      copies=1 x=0.0 y=0.0 z=64694.4 rename='rf_32.3'
place   rf_window copies=1 x=0.0 y=0.0 z=64597.2 rename='rf_window_32.3'
enddo
place   rf_window copies=1 x=0.0 y=0.0 z=64791.5 rename='rf_window_32.3'
param        cell_z        65000
place   wedge_marker copies=1 x=0.0 y=0.0 z=64990.0 rename='wedge_marker_c_32'
place   wedge_marker copies=1 x=0.0 y=0.0 z=65010.0 rename='wedge_marker_d_32'
place   wedge   copies=1 x=0.0 y=0.0 z=65000.0 rename='wedge32'rotation='Z90'
do rf_index=1,3,1
(do rf_index=1)
place   rf      copies=1 x=0.0 y=0.0 z=65305.6 rename='rf_b_32.1'
place   rf_window copies=1 x=0.0 y=0.0 z=65208.5 rename='rf_window_b_32.1'
(do rf_index=2)
place   rf      copies=1 x=0.0 y=0.0 z=65500.0 rename='rf_b_32.2'
place   rf_window copies=1 x=0.0 y=0.0 z=65402.8 rename='rf_window_b_32.2'
(do rf_index=3)
place   rf      copies=1 x=0.0 y=0.0 z=65694.4 rename='rf_b_32.3'
place   rf_window copies=1 x=0.0 y=0.0 z=65597.2 rename='rf_window_b_32.3'
enddo
place   rf_window copies=1 x=0.0 y=0.0 z=65791.5 rename='rf_window_b_32.3'
(do cell_index=33)
param        cell_z        66000
place   wedge_marker copies=1 x=0.0 y=0.0 z=65990.0 rename='wedge_marker_a_33'
place   wedge_marker copies=1 x=0.0 y=0.0 z=66010.0 rename='wedge_marker_b_33'
place   wedge   copies=1 x=0.0 y=0.0 z=66000.0 rename='wedge33'rotation='Z-90'
do rf_index=1,3,1
(do rf_index=1)
place   rf      copies=1 x=0.0 y=0.0 z=66305.6 rename='rf_33.1'
place   rf_window copies=1 x=0.0 y=0.0 z=66208.5 rename='rf_window_33.1'
(do rf_index=2)
place   rf      copies=1 x=0.0 y=0.0 z=66500.0 rename='rf_33.2'
place   rf_window copies=1 x=0.0 y=0.0 z=66402.8 rename='rf_window_33.2'
(do rf_index=3)
place   rf      copies=1 x=0.0 y=0.0 z=66694.4 rename='rf_33.3'
place   rf_window copies=1 x=0.0 y=0.0 z=66597.2 rename='rf_window_33.3'
enddo
place   rf_window copies=1 x=0.0 y=0.0 z=66791.5 rename='rf_window_33.3'
param        cell_z        67000
place   wedge_marker copies=1 x=0.0 y=0.0 z=66990.0 rename='wedge_marker_c_33'
place   wedge_marker copies=1 x=0.0 y=0.0 z=67010.0 rename='wedge_marker_d_33'
place   wedge   copies=1 x=0.0 y=0.0 z=67000.0 rename='wedge33'rotation='Z90'
do rf_index=1,3,1
(do rf_index=1)
place   rf      copies=1 x=0.0 y=0.0 z=67305.6 rename='rf_b_33.1'
place   rf_window copies=1 x=0.0 y=0.0 z=67208.5 rename='rf_window_b_33.1'
(do rf_index=2)
place   rf      copies=1 x=0.0 y=0.0 z=67500.0 rename='rf_b_33.2'
place   rf_window copies=1 x=0.0 y=0.0 z=67402.8 rename='rf_window_b_33.2'
(do rf_index=3)
place   rf      copies=1 x=0.0 y=0.0 z=67694.4 rename='rf_b_33.3'
place   rf_window copies=1 x=0.0 y=0.0 z=67597.2 rename='rf_window_b_33.3'
enddo
place   rf_window copies=1 x=0.0 y=0.0 z=67791.5 rename='rf_window_b_33.3'
(do cell_index=34)
param        cell_z        68000
place   wedge_marker copies=1 x=0.0 y=0.0 z=67990.0 rename='wedge_marker_a_34'
place   wedge_marker copies=1 x=0.0 y=0.0 z=68010.0 rename='wedge_marker_b_34'
place   wedge   copies=1 x=0.0 y=0.0 z=68000.0 rename='wedge34'rotation='Z-90'
do rf_index=1,3,1
(do rf_index=1)
place   rf      copies=1 x=0.0 y=0.0 z=68305.6 rename='rf_34.1'
place   rf_window copies=1 x=0.0 y=0.0 z=68208.5 rename='rf_window_34.1'
(do rf_index=2)
place   rf      copies=1 x=0.0 y=0.0 z=68500.0 rename='rf_34.2'
place   rf_window copies=1 x=0.0 y=0.0 z=68402.8 rename='rf_window_34.2'
(do rf_index=3)
place   rf      copies=1 x=0.0 y=0.0 z=68694.4 rename='rf_34.3'
place   rf_window copies=1 x=0.0 y=0.0 z=68597.2 rename='rf_window_34.3'
enddo
place   rf_window copies=1 x=0.0 y=0.0 z=68791.5 rename='rf_window_34.3'
param        cell_z        69000
place   wedge_marker copies=1 x=0.0 y=0.0 z=68990.0 rename='wedge_marker_c_34'
place   wedge_marker copies=1 x=0.0 y=0.0 z=69010.0 rename='wedge_marker_d_34'
place   wedge   copies=1 x=0.0 y=0.0 z=69000.0 rename='wedge34'rotation='Z90'
do rf_index=1,3,1
(do rf_index=1)
place   rf      copies=1 x=0.0 y=0.0 z=69305.6 rename='rf_b_34.1'
place   rf_window copies=1 x=0.0 y=0.0 z=69208.5 rename='rf_window_b_34.1'
(do rf_index=2)
place   rf      copies=1 x=0.0 y=0.0 z=69500.0 rename='rf_b_34.2'
place   rf_window copies=1 x=0.0 y=0.0 z=69402.8 rename='rf_window_b_34.2'
(do rf_index=3)
place   rf      copies=1 x=0.0 y=0.0 z=69694.4 rename='rf_b_34.3'
place   rf_window copies=1 x=0.0 y=0.0 z=69597.2 rename='rf_window_b_34.3'
enddo
place   rf_window copies=1 x=0.0 y=0.0 z=69791.5 rename='rf_window_b_34.3'
(do cell_index=35)
param        cell_z        70000
place   wedge_marker copies=1 x=0.0 y=0.0 z=69990.0 rename='wedge_marker_a_35'
place   wedge_marker copies=1 x=0.0 y=0.0 z=70010.0 rename='wedge_marker_b_35'
place   wedge   copies=1 x=0.0 y=0.0 z=70000.0 rename='wedge35'rotation='Z-90'
do rf_index=1,3,1
(do rf_index=1)
place   rf      copies=1 x=0.0 y=0.0 z=70305.6 rename='rf_35.1'
place   rf_window copies=1 x=0.0 y=0.0 z=70208.5 rename='rf_window_35.1'
(do rf_index=2)
place   rf      copies=1 x=0.0 y=0.0 z=70500.0 rename='rf_35.2'
place   rf_window copies=1 x=0.0 y=0.0 z=70402.8 rename='rf_window_35.2'
(do rf_index=3)
place   rf      copies=1 x=0.0 y=0.0 z=70694.4 rename='rf_35.3'
place   rf_window copies=1 x=0.0 y=0.0 z=70597.2 rename='rf_window_35.3'
enddo
place   rf_window copies=1 x=0.0 y=0.0 z=70791.5 rename='rf_window_35.3'
param        cell_z        71000
place   wedge_marker copies=1 x=0.0 y=0.0 z=70990.0 rename='wedge_marker_c_35'
place   wedge_marker copies=1 x=0.0 y=0.0 z=71010.0 rename='wedge_marker_d_35'
place   wedge   copies=1 x=0.0 y=0.0 z=71000.0 rename='wedge35'rotation='Z90'
do rf_index=1,3,1
(do rf_index=1)
place   rf      copies=1 x=0.0 y=0.0 z=71305.6 rename='rf_b_35.1'
place   rf_window copies=1 x=0.0 y=0.0 z=71208.5 rename='rf_window_b_35.1'
(do rf_index=2)
place   rf      copies=1 x=0.0 y=0.0 z=71500.0 rename='rf_b_35.2'
place   rf_window copies=1 x=0.0 y=0.0 z=71402.8 rename='rf_window_b_35.2'
(do rf_index=3)
place   rf      copies=1 x=0.0 y=0.0 z=71694.4 rename='rf_b_35.3'
place   rf_window copies=1 x=0.0 y=0.0 z=71597.2 rename='rf_window_b_35.3'
enddo
place   rf_window copies=1 x=0.0 y=0.0 z=71791.5 rename='rf_window_b_35.3'
(do cell_index=36)
param        cell_z        72000
place   wedge_marker copies=1 x=0.0 y=0.0 z=71990.0 rename='wedge_marker_a_36'
place   wedge_marker copies=1 x=0.0 y=0.0 z=72010.0 rename='wedge_marker_b_36'
place   wedge   copies=1 x=0.0 y=0.0 z=72000.0 rename='wedge36'rotation='Z-90'
do rf_index=1,3,1
(do rf_index=1)
place   rf      copies=1 x=0.0 y=0.0 z=72305.6 rename='rf_36.1'
place   rf_window copies=1 x=0.0 y=0.0 z=72208.5 rename='rf_window_36.1'
(do rf_index=2)
place   rf      copies=1 x=0.0 y=0.0 z=72500.0 rename='rf_36.2'
place   rf_window copies=1 x=0.0 y=0.0 z=72402.8 rename='rf_window_36.2'
(do rf_index=3)
place   rf      copies=1 x=0.0 y=0.0 z=72694.4 rename='rf_36.3'
place   rf_window copies=1 x=0.0 y=0.0 z=72597.2 rename='rf_window_36.3'
enddo
place   rf_window copies=1 x=0.0 y=0.0 z=72791.5 rename='rf_window_36.3'
param        cell_z        73000
place   wedge_marker copies=1 x=0.0 y=0.0 z=72990.0 rename='wedge_marker_c_36'
place   wedge_marker copies=1 x=0.0 y=0.0 z=73010.0 rename='wedge_marker_d_36'
place   wedge   copies=1 x=0.0 y=0.0 z=73000.0 rename='wedge36'rotation='Z90'
do rf_index=1,3,1
(do rf_index=1)
place   rf      copies=1 x=0.0 y=0.0 z=73305.6 rename='rf_b_36.1'
place   rf_window copies=1 x=0.0 y=0.0 z=73208.5 rename='rf_window_b_36.1'
(do rf_index=2)
place   rf      copies=1 x=0.0 y=0.0 z=73500.0 rename='rf_b_36.2'
place   rf_window copies=1 x=0.0 y=0.0 z=73402.8 rename='rf_window_b_36.2'
(do rf_index=3)
place   rf      copies=1 x=0.0 y=0.0 z=73694.4 rename='rf_b_36.3'
place   rf_window copies=1 x=0.0 y=0.0 z=73597.2 rename='rf_window_b_36.3'
enddo
place   rf_window copies=1 x=0.0 y=0.0 z=73791.5 rename='rf_window_b_36.3'
(do cell_index=37)
param        cell_z        74000
place   wedge_marker copies=1 x=0.0 y=0.0 z=73990.0 rename='wedge_marker_a_37'
place   wedge_marker copies=1 x=0.0 y=0.0 z=74010.0 rename='wedge_marker_b_37'
place   wedge   copies=1 x=0.0 y=0.0 z=74000.0 rename='wedge37'rotation='Z-90'
do rf_index=1,3,1
(do rf_index=1)
place   rf      copies=1 x=0.0 y=0.0 z=74305.6 rename='rf_37.1'
place   rf_window copies=1 x=0.0 y=0.0 z=74208.5 rename='rf_window_37.1'
(do rf_index=2)
place   rf      copies=1 x=0.0 y=0.0 z=74500.0 rename='rf_37.2'
place   rf_window copies=1 x=0.0 y=0.0 z=74402.8 rename='rf_window_37.2'
(do rf_index=3)
place   rf      copies=1 x=0.0 y=0.0 z=74694.4 rename='rf_37.3'
place   rf_window copies=1 x=0.0 y=0.0 z=74597.2 rename='rf_window_37.3'
enddo
place   rf_window copies=1 x=0.0 y=0.0 z=74791.5 rename='rf_window_37.3'
param        cell_z        75000
place   wedge_marker copies=1 x=0.0 y=0.0 z=74990.0 rename='wedge_marker_c_37'
place   wedge_marker copies=1 x=0.0 y=0.0 z=75010.0 rename='wedge_marker_d_37'
place   wedge   copies=1 x=0.0 y=0.0 z=75000.0 rename='wedge37'rotation='Z90'
do rf_index=1,3,1
(do rf_index=1)
place   rf      copies=1 x=0.0 y=0.0 z=75305.6 rename='rf_b_37.1'
place   rf_window copies=1 x=0.0 y=0.0 z=75208.5 rename='rf_window_b_37.1'
(do rf_index=2)
place   rf      copies=1 x=0.0 y=0.0 z=75500.0 rename='rf_b_37.2'
place   rf_window copies=1 x=0.0 y=0.0 z=75402.8 rename='rf_window_b_37.2'
(do rf_index=3)
place   rf      copies=1 x=0.0 y=0.0 z=75694.4 rename='rf_b_37.3'
place   rf_window copies=1 x=0.0 y=0.0 z=75597.2 rename='rf_window_b_37.3'
enddo
place   rf_window copies=1 x=0.0 y=0.0 z=75791.5 rename='rf_window_b_37.3'
(do cell_index=38)
param        cell_z        76000
place   wedge_marker copies=1 x=0.0 y=0.0 z=75990.0 rename='wedge_marker_a_38'
place   wedge_marker copies=1 x=0.0 y=0.0 z=76010.0 rename='wedge_marker_b_38'
place   wedge   copies=1 x=0.0 y=0.0 z=76000.0 rename='wedge38'rotation='Z-90'
do rf_index=1,3,1
(do rf_index=1)
place   rf      copies=1 x=0.0 y=0.0 z=76305.6 rename='rf_38.1'
place   rf_window copies=1 x=0.0 y=0.0 z=76208.5 rename='rf_window_38.1'
(do rf_index=2)
place   rf      copies=1 x=0.0 y=0.0 z=76500.0 rename='rf_38.2'
place   rf_window copies=1 x=0.0 y=0.0 z=76402.8 rename='rf_window_38.2'
(do rf_index=3)
place   rf      copies=1 x=0.0 y=0.0 z=76694.4 rename='rf_38.3'
place   rf_window copies=1 x=0.0 y=0.0 z=76597.2 rename='rf_window_38.3'
enddo
place   rf_window copies=1 x=0.0 y=0.0 z=76791.5 rename='rf_window_38.3'
param        cell_z        77000
place   wedge_marker copies=1 x=0.0 y=0.0 z=76990.0 rename='wedge_marker_c_38'
place   wedge_marker copies=1 x=0.0 y=0.0 z=77010.0 rename='wedge_marker_d_38'
place   wedge   copies=1 x=0.0 y=0.0 z=77000.0 rename='wedge38'rotation='Z90'
do rf_index=1,3,1
(do rf_index=1)
place   rf      copies=1 x=0.0 y=0.0 z=77305.6 rename='rf_b_38.1'
place   rf_window copies=1 x=0.0 y=0.0 z=77208.5 rename='rf_window_b_38.1'
(do rf_index=2)
place   rf      copies=1 x=0.0 y=0.0 z=77500.0 rename='rf_b_38.2'
place   rf_window copies=1 x=0.0 y=0.0 z=77402.8 rename='rf_window_b_38.2'
(do rf_index=3)
place   rf      copies=1 x=0.0 y=0.0 z=77694.4 rename='rf_b_38.3'
place   rf_window copies=1 x=0.0 y=0.0 z=77597.2 rename='rf_window_b_38.3'
enddo
place   rf_window copies=1 x=0.0 y=0.0 z=77791.5 rename='rf_window_b_38.3'
(do cell_index=39)
param        cell_z        78000
place   wedge_marker copies=1 x=0.0 y=0.0 z=77990.0 rename='wedge_marker_a_39'
place   wedge_marker copies=1 x=0.0 y=0.0 z=78010.0 rename='wedge_marker_b_39'
place   wedge   copies=1 x=0.0 y=0.0 z=78000.0 rename='wedge39'rotation='Z-90'
do rf_index=1,3,1
(do rf_index=1)
place   rf      copies=1 x=0.0 y=0.0 z=78305.6 rename='rf_39.1'
place   rf_window copies=1 x=0.0 y=0.0 z=78208.5 rename='rf_window_39.1'
(do rf_index=2)
place   rf      copies=1 x=0.0 y=0.0 z=78500.0 rename='rf_39.2'
place   rf_window copies=1 x=0.0 y=0.0 z=78402.8 rename='rf_window_39.2'
(do rf_index=3)
place   rf      copies=1 x=0.0 y=0.0 z=78694.4 rename='rf_39.3'
place   rf_window copies=1 x=0.0 y=0.0 z=78597.2 rename='rf_window_39.3'
enddo
place   rf_window copies=1 x=0.0 y=0.0 z=78791.5 rename='rf_window_39.3'
param        cell_z        79000
place   wedge_marker copies=1 x=0.0 y=0.0 z=78990.0 rename='wedge_marker_c_39'
place   wedge_marker copies=1 x=0.0 y=0.0 z=79010.0 rename='wedge_marker_d_39'
place   wedge   copies=1 x=0.0 y=0.0 z=79000.0 rename='wedge39'rotation='Z90'
do rf_index=1,3,1
(do rf_index=1)
place   rf      copies=1 x=0.0 y=0.0 z=79305.6 rename='rf_b_39.1'
place   rf_window copies=1 x=0.0 y=0.0 z=79208.5 rename='rf_window_b_39.1'
(do rf_index=2)
place   rf      copies=1 x=0.0 y=0.0 z=79500.0 rename='rf_b_39.2'
place   rf_window copies=1 x=0.0 y=0.0 z=79402.8 rename='rf_window_b_39.2'
(do rf_index=3)
place   rf      copies=1 x=0.0 y=0.0 z=79694.4 rename='rf_b_39.3'
place   rf_window copies=1 x=0.0 y=0.0 z=79597.2 rename='rf_window_b_39.3'
enddo
place   rf_window copies=1 x=0.0 y=0.0 z=79791.5 rename='rf_window_b_39.3'
(do cell_index=40)
param        cell_z        80000
place   wedge_marker copies=1 x=0.0 y=0.0 z=79990.0 rename='wedge_marker_a_40'
place   wedge_marker copies=1 x=0.0 y=0.0 z=80010.0 rename='wedge_marker_b_40'
place   wedge   copies=1 x=0.0 y=0.0 z=80000.0 rename='wedge40'rotation='Z-90'
do rf_index=1,3,1
(do rf_index=1)
place   rf      copies=1 x=0.0 y=0.0 z=80305.6 rename='rf_40.1'
place   rf_window copies=1 x=0.0 y=0.0 z=80208.5 rename='rf_window_40.1'
(do rf_index=2)
place   rf      copies=1 x=0.0 y=0.0 z=80500.0 rename='rf_40.2'
place   rf_window copies=1 x=0.0 y=0.0 z=80402.8 rename='rf_window_40.2'
(do rf_index=3)
place   rf      copies=1 x=0.0 y=0.0 z=80694.4 rename='rf_40.3'
place   rf_window copies=1 x=0.0 y=0.0 z=80597.2 rename='rf_window_40.3'
enddo
place   rf_window copies=1 x=0.0 y=0.0 z=80791.5 rename='rf_window_40.3'
param        cell_z        81000
place   wedge_marker copies=1 x=0.0 y=0.0 z=80990.0 rename='wedge_marker_c_40'
place   wedge_marker copies=1 x=0.0 y=0.0 z=81010.0 rename='wedge_marker_d_40'
place   wedge   copies=1 x=0.0 y=0.0 z=81000.0 rename='wedge40'rotation='Z90'
do rf_index=1,3,1
(do rf_index=1)
place   rf      copies=1 x=0.0 y=0.0 z=81305.6 rename='rf_b_40.1'
place   rf_window copies=1 x=0.0 y=0.0 z=81208.5 rename='rf_window_b_40.1'
(do rf_index=2)
place   rf      copies=1 x=0.0 y=0.0 z=81500.0 rename='rf_b_40.2'
place   rf_window copies=1 x=0.0 y=0.0 z=81402.8 rename='rf_window_b_40.2'
(do rf_index=3)
place   rf      copies=1 x=0.0 y=0.0 z=81694.4 rename='rf_b_40.3'
place   rf_window copies=1 x=0.0 y=0.0 z=81597.2 rename='rf_window_b_40.3'
enddo
place   rf_window copies=1 x=0.0 y=0.0 z=81791.5 rename='rf_window_b_40.3'
(do cell_index=41)
param        cell_z        82000
place   wedge_marker copies=1 x=0.0 y=0.0 z=81990.0 rename='wedge_marker_a_41'
place   wedge_marker copies=1 x=0.0 y=0.0 z=82010.0 rename='wedge_marker_b_41'
place   wedge   copies=1 x=0.0 y=0.0 z=82000.0 rename='wedge41'rotation='Z-90'
do rf_index=1,3,1
(do rf_index=1)
place   rf      copies=1 x=0.0 y=0.0 z=82305.6 rename='rf_41.1'
place   rf_window copies=1 x=0.0 y=0.0 z=82208.5 rename='rf_window_41.1'
(do rf_index=2)
place   rf      copies=1 x=0.0 y=0.0 z=82500.0 rename='rf_41.2'
place   rf_window copies=1 x=0.0 y=0.0 z=82402.8 rename='rf_window_41.2'
(do rf_index=3)
place   rf      copies=1 x=0.0 y=0.0 z=82694.4 rename='rf_41.3'
place   rf_window copies=1 x=0.0 y=0.0 z=82597.2 rename='rf_window_41.3'
enddo
place   rf_window copies=1 x=0.0 y=0.0 z=82791.5 rename='rf_window_41.3'
param        cell_z        83000
place   wedge_marker copies=1 x=0.0 y=0.0 z=82990.0 rename='wedge_marker_c_41'
place   wedge_marker copies=1 x=0.0 y=0.0 z=83010.0 rename='wedge_marker_d_41'
place   wedge   copies=1 x=0.0 y=0.0 z=83000.0 rename='wedge41'rotation='Z90'
do rf_index=1,3,1
(do rf_index=1)
place   rf      copies=1 x=0.0 y=0.0 z=83305.6 rename='rf_b_41.1'
place   rf_window copies=1 x=0.0 y=0.0 z=83208.5 rename='rf_window_b_41.1'
(do rf_index=2)
place   rf      copies=1 x=0.0 y=0.0 z=83500.0 rename='rf_b_41.2'
place   rf_window copies=1 x=0.0 y=0.0 z=83402.8 rename='rf_window_b_41.2'
(do rf_index=3)
place   rf      copies=1 x=0.0 y=0.0 z=83694.4 rename='rf_b_41.3'
place   rf_window copies=1 x=0.0 y=0.0 z=83597.2 rename='rf_window_b_41.3'
enddo
place   rf_window copies=1 x=0.0 y=0.0 z=83791.5 rename='rf_window_b_41.3'
(do cell_index=42)
param        cell_z        84000
place   wedge_marker copies=1 x=0.0 y=0.0 z=83990.0 rename='wedge_marker_a_42'
place   wedge_marker copies=1 x=0.0 y=0.0 z=84010.0 rename='wedge_marker_b_42'
place   wedge   copies=1 x=0.0 y=0.0 z=84000.0 rename='wedge42'rotation='Z-90'
do rf_index=1,3,1
(do rf_index=1)
place   rf      copies=1 x=0.0 y=0.0 z=84305.6 rename='rf_42.1'
place   rf_window copies=1 x=0.0 y=0.0 z=84208.5 rename='rf_window_42.1'
(do rf_index=2)
place   rf      copies=1 x=0.0 y=0.0 z=84500.0 rename='rf_42.2'
place   rf_window copies=1 x=0.0 y=0.0 z=84402.8 rename='rf_window_42.2'
(do rf_index=3)
place   rf      copies=1 x=0.0 y=0.0 z=84694.4 rename='rf_42.3'
place   rf_window copies=1 x=0.0 y=0.0 z=84597.2 rename='rf_window_42.3'
enddo
place   rf_window copies=1 x=0.0 y=0.0 z=84791.5 rename='rf_window_42.3'
param        cell_z        85000
place   wedge_marker copies=1 x=0.0 y=0.0 z=84990.0 rename='wedge_marker_c_42'
place   wedge_marker copies=1 x=0.0 y=0.0 z=85010.0 rename='wedge_marker_d_42'
place   wedge   copies=1 x=0.0 y=0.0 z=85000.0 rename='wedge42'rotation='Z90'
do rf_index=1,3,1
(do rf_index=1)
place   rf      copies=1 x=0.0 y=0.0 z=85305.6 rename='rf_b_42.1'
place   rf_window copies=1 x=0.0 y=0.0 z=85208.5 rename='rf_window_b_42.1'
(do rf_index=2)
place   rf      copies=1 x=0.0 y=0.0 z=85500.0 rename='rf_b_42.2'
place   rf_window copies=1 x=0.0 y=0.0 z=85402.8 rename='rf_window_b_42.2'
(do rf_index=3)
place   rf      copies=1 x=0.0 y=0.0 z=85694.4 rename='rf_b_42.3'
place   rf_window copies=1 x=0.0 y=0.0 z=85597.2 rename='rf_window_b_42.3'
enddo
place   rf_window copies=1 x=0.0 y=0.0 z=85791.5 rename='rf_window_b_42.3'
(do cell_index=43)
param        cell_z        86000
place   wedge_marker copies=1 x=0.0 y=0.0 z=85990.0 rename='wedge_marker_a_43'
place   wedge_marker copies=1 x=0.0 y=0.0 z=86010.0 rename='wedge_marker_b_43'
place   wedge   copies=1 x=0.0 y=0.0 z=86000.0 rename='wedge43'rotation='Z-90'
do rf_index=1,3,1
(do rf_index=1)
place   rf      copies=1 x=0.0 y=0.0 z=86305.6 rename='rf_43.1'
place   rf_window copies=1 x=0.0 y=0.0 z=86208.5 rename='rf_window_43.1'
(do rf_index=2)
place   rf      copies=1 x=0.0 y=0.0 z=86500.0 rename='rf_43.2'
place   rf_window copies=1 x=0.0 y=0.0 z=86402.8 rename='rf_window_43.2'
(do rf_index=3)
place   rf      copies=1 x=0.0 y=0.0 z=86694.4 rename='rf_43.3'
place   rf_window copies=1 x=0.0 y=0.0 z=86597.2 rename='rf_window_43.3'
enddo
place   rf_window copies=1 x=0.0 y=0.0 z=86791.5 rename='rf_window_43.3'
param        cell_z        87000
place   wedge_marker copies=1 x=0.0 y=0.0 z=86990.0 rename='wedge_marker_c_43'
place   wedge_marker copies=1 x=0.0 y=0.0 z=87010.0 rename='wedge_marker_d_43'
place   wedge   copies=1 x=0.0 y=0.0 z=87000.0 rename='wedge43'rotation='Z90'
do rf_index=1,3,1
(do rf_index=1)
place   rf      copies=1 x=0.0 y=0.0 z=87305.6 rename='rf_b_43.1'
place   rf_window copies=1 x=0.0 y=0.0 z=87208.5 rename='rf_window_b_43.1'
(do rf_index=2)
place   rf      copies=1 x=0.0 y=0.0 z=87500.0 rename='rf_b_43.2'
place   rf_window copies=1 x=0.0 y=0.0 z=87402.8 rename='rf_window_b_43.2'
(do rf_index=3)
place   rf      copies=1 x=0.0 y=0.0 z=87694.4 rename='rf_b_43.3'
place   rf_window copies=1 x=0.0 y=0.0 z=87597.2 rename='rf_window_b_43.3'
enddo
place   rf_window copies=1 x=0.0 y=0.0 z=87791.5 rename='rf_window_b_43.3'
(do cell_index=44)
param        cell_z        88000
place   wedge_marker copies=1 x=0.0 y=0.0 z=87990.0 rename='wedge_marker_a_44'
place   wedge_marker copies=1 x=0.0 y=0.0 z=88010.0 rename='wedge_marker_b_44'
place   wedge   copies=1 x=0.0 y=0.0 z=88000.0 rename='wedge44'rotation='Z-90'
do rf_index=1,3,1
(do rf_index=1)
place   rf      copies=1 x=0.0 y=0.0 z=88305.6 rename='rf_44.1'
place   rf_window copies=1 x=0.0 y=0.0 z=88208.5 rename='rf_window_44.1'
(do rf_index=2)
place   rf      copies=1 x=0.0 y=0.0 z=88500.0 rename='rf_44.2'
place   rf_window copies=1 x=0.0 y=0.0 z=88402.8 rename='rf_window_44.2'
(do rf_index=3)
place   rf      copies=1 x=0.0 y=0.0 z=88694.4 rename='rf_44.3'
place   rf_window copies=1 x=0.0 y=0.0 z=88597.2 rename='rf_window_44.3'
enddo
place   rf_window copies=1 x=0.0 y=0.0 z=88791.5 rename='rf_window_44.3'
param        cell_z        89000
place   wedge_marker copies=1 x=0.0 y=0.0 z=88990.0 rename='wedge_marker_c_44'
place   wedge_marker copies=1 x=0.0 y=0.0 z=89010.0 rename='wedge_marker_d_44'
place   wedge   copies=1 x=0.0 y=0.0 z=89000.0 rename='wedge44'rotation='Z90'
do rf_index=1,3,1
(do rf_index=1)
place   rf      copies=1 x=0.0 y=0.0 z=89305.6 rename='rf_b_44.1'
place   rf_window copies=1 x=0.0 y=0.0 z=89208.5 rename='rf_window_b_44.1'
(do rf_index=2)
place   rf      copies=1 x=0.0 y=0.0 z=89500.0 rename='rf_b_44.2'
place   rf_window copies=1 x=0.0 y=0.0 z=89402.8 rename='rf_window_b_44.2'
(do rf_index=3)
place   rf      copies=1 x=0.0 y=0.0 z=89694.4 rename='rf_b_44.3'
place   rf_window copies=1 x=0.0 y=0.0 z=89597.2 rename='rf_window_b_44.3'
enddo
place   rf_window copies=1 x=0.0 y=0.0 z=89791.5 rename='rf_window_b_44.3'
(do cell_index=45)
param        cell_z        90000
place   wedge_marker copies=1 x=0.0 y=0.0 z=89990.0 rename='wedge_marker_a_45'
place   wedge_marker copies=1 x=0.0 y=0.0 z=90010.0 rename='wedge_marker_b_45'
place   wedge   copies=1 x=0.0 y=0.0 z=90000.0 rename='wedge45'rotation='Z-90'
do rf_index=1,3,1
(do rf_index=1)
place   rf      copies=1 x=0.0 y=0.0 z=90305.6 rename='rf_45.1'
place   rf_window copies=1 x=0.0 y=0.0 z=90208.5 rename='rf_window_45.1'
(do rf_index=2)
place   rf      copies=1 x=0.0 y=0.0 z=90500.0 rename='rf_45.2'
place   rf_window copies=1 x=0.0 y=0.0 z=90402.8 rename='rf_window_45.2'
(do rf_index=3)
place   rf      copies=1 x=0.0 y=0.0 z=90694.4 rename='rf_45.3'
place   rf_window copies=1 x=0.0 y=0.0 z=90597.2 rename='rf_window_45.3'
enddo
place   rf_window copies=1 x=0.0 y=0.0 z=90791.5 rename='rf_window_45.3'
param        cell_z        91000
place   wedge_marker copies=1 x=0.0 y=0.0 z=90990.0 rename='wedge_marker_c_45'
place   wedge_marker copies=1 x=0.0 y=0.0 z=91010.0 rename='wedge_marker_d_45'
place   wedge   copies=1 x=0.0 y=0.0 z=91000.0 rename='wedge45'rotation='Z90'
do rf_index=1,3,1
(do rf_index=1)
place   rf      copies=1 x=0.0 y=0.0 z=91305.6 rename='rf_b_45.1'
place   rf_window copies=1 x=0.0 y=0.0 z=91208.5 rename='rf_window_b_45.1'
(do rf_index=2)
place   rf      copies=1 x=0.0 y=0.0 z=91500.0 rename='rf_b_45.2'
place   rf_window copies=1 x=0.0 y=0.0 z=91402.8 rename='rf_window_b_45.2'
(do rf_index=3)
place   rf      copies=1 x=0.0 y=0.0 z=91694.4 rename='rf_b_45.3'
place   rf_window copies=1 x=0.0 y=0.0 z=91597.2 rename='rf_window_b_45.3'
enddo
place   rf_window copies=1 x=0.0 y=0.0 z=91791.5 rename='rf_window_b_45.3'
(do cell_index=46)
param        cell_z        92000
place   wedge_marker copies=1 x=0.0 y=0.0 z=91990.0 rename='wedge_marker_a_46'
place   wedge_marker copies=1 x=0.0 y=0.0 z=92010.0 rename='wedge_marker_b_46'
place   wedge   copies=1 x=0.0 y=0.0 z=92000.0 rename='wedge46'rotation='Z-90'
do rf_index=1,3,1
(do rf_index=1)
place   rf      copies=1 x=0.0 y=0.0 z=92305.6 rename='rf_46.1'
place   rf_window copies=1 x=0.0 y=0.0 z=92208.5 rename='rf_window_46.1'
(do rf_index=2)
place   rf      copies=1 x=0.0 y=0.0 z=92500.0 rename='rf_46.2'
place   rf_window copies=1 x=0.0 y=0.0 z=92402.8 rename='rf_window_46.2'
(do rf_index=3)
place   rf      copies=1 x=0.0 y=0.0 z=92694.4 rename='rf_46.3'
place   rf_window copies=1 x=0.0 y=0.0 z=92597.2 rename='rf_window_46.3'
enddo
place   rf_window copies=1 x=0.0 y=0.0 z=92791.5 rename='rf_window_46.3'
param        cell_z        93000
place   wedge_marker copies=1 x=0.0 y=0.0 z=92990.0 rename='wedge_marker_c_46'
place   wedge_marker copies=1 x=0.0 y=0.0 z=93010.0 rename='wedge_marker_d_46'
place   wedge   copies=1 x=0.0 y=0.0 z=93000.0 rename='wedge46'rotation='Z90'
do rf_index=1,3,1
(do rf_index=1)
place   rf      copies=1 x=0.0 y=0.0 z=93305.6 rename='rf_b_46.1'
place   rf_window copies=1 x=0.0 y=0.0 z=93208.5 rename='rf_window_b_46.1'
(do rf_index=2)
place   rf      copies=1 x=0.0 y=0.0 z=93500.0 rename='rf_b_46.2'
place   rf_window copies=1 x=0.0 y=0.0 z=93402.8 rename='rf_window_b_46.2'
(do rf_index=3)
place   rf      copies=1 x=0.0 y=0.0 z=93694.4 rename='rf_b_46.3'
place   rf_window copies=1 x=0.0 y=0.0 z=93597.2 rename='rf_window_b_46.3'
enddo
place   rf_window copies=1 x=0.0 y=0.0 z=93791.5 rename='rf_window_b_46.3'
(do cell_index=47)
param        cell_z        94000
place   wedge_marker copies=1 x=0.0 y=0.0 z=93990.0 rename='wedge_marker_a_47'
place   wedge_marker copies=1 x=0.0 y=0.0 z=94010.0 rename='wedge_marker_b_47'
place   wedge   copies=1 x=0.0 y=0.0 z=94000.0 rename='wedge47'rotation='Z-90'
do rf_index=1,3,1
(do rf_index=1)
place   rf      copies=1 x=0.0 y=0.0 z=94305.6 rename='rf_47.1'
place   rf_window copies=1 x=0.0 y=0.0 z=94208.5 rename='rf_window_47.1'
(do rf_index=2)
place   rf      copies=1 x=0.0 y=0.0 z=94500.0 rename='rf_47.2'
place   rf_window copies=1 x=0.0 y=0.0 z=94402.8 rename='rf_window_47.2'
(do rf_index=3)
place   rf      copies=1 x=0.0 y=0.0 z=94694.4 rename='rf_47.3'
place   rf_window copies=1 x=0.0 y=0.0 z=94597.2 rename='rf_window_47.3'
enddo
place   rf_window copies=1 x=0.0 y=0.0 z=94791.5 rename='rf_window_47.3'
param        cell_z        95000
place   wedge_marker copies=1 x=0.0 y=0.0 z=94990.0 rename='wedge_marker_c_47'
place   wedge_marker copies=1 x=0.0 y=0.0 z=95010.0 rename='wedge_marker_d_47'
place   wedge   copies=1 x=0.0 y=0.0 z=95000.0 rename='wedge47'rotation='Z90'
do rf_index=1,3,1
(do rf_index=1)
place   rf      copies=1 x=0.0 y=0.0 z=95305.6 rename='rf_b_47.1'
place   rf_window copies=1 x=0.0 y=0.0 z=95208.5 rename='rf_window_b_47.1'
(do rf_index=2)
place   rf      copies=1 x=0.0 y=0.0 z=95500.0 rename='rf_b_47.2'
place   rf_window copies=1 x=0.0 y=0.0 z=95402.8 rename='rf_window_b_47.2'
(do rf_index=3)
place   rf      copies=1 x=0.0 y=0.0 z=95694.4 rename='rf_b_47.3'
place   rf_window copies=1 x=0.0 y=0.0 z=95597.2 rename='rf_window_b_47.3'
enddo
place   rf_window copies=1 x=0.0 y=0.0 z=95791.5 rename='rf_window_b_47.3'
(do cell_index=48)
param        cell_z        96000
place   wedge_marker copies=1 x=0.0 y=0.0 z=95990.0 rename='wedge_marker_a_48'
place   wedge_marker copies=1 x=0.0 y=0.0 z=96010.0 rename='wedge_marker_b_48'
place   wedge   copies=1 x=0.0 y=0.0 z=96000.0 rename='wedge48'rotation='Z-90'
do rf_index=1,3,1
(do rf_index=1)
place   rf      copies=1 x=0.0 y=0.0 z=96305.6 rename='rf_48.1'
place   rf_window copies=1 x=0.0 y=0.0 z=96208.5 rename='rf_window_48.1'
(do rf_index=2)
place   rf      copies=1 x=0.0 y=0.0 z=96500.0 rename='rf_48.2'
place   rf_window copies=1 x=0.0 y=0.0 z=96402.8 rename='rf_window_48.2'
(do rf_index=3)
place   rf      copies=1 x=0.0 y=0.0 z=96694.4 rename='rf_48.3'
place   rf_window copies=1 x=0.0 y=0.0 z=96597.2 rename='rf_window_48.3'
enddo
place   rf_window copies=1 x=0.0 y=0.0 z=96791.5 rename='rf_window_48.3'
param        cell_z        97000
place   wedge_marker copies=1 x=0.0 y=0.0 z=96990.0 rename='wedge_marker_c_48'
place   wedge_marker copies=1 x=0.0 y=0.0 z=97010.0 rename='wedge_marker_d_48'
place   wedge   copies=1 x=0.0 y=0.0 z=97000.0 rename='wedge48'rotation='Z90'
do rf_index=1,3,1
(do rf_index=1)
place   rf      copies=1 x=0.0 y=0.0 z=97305.6 rename='rf_b_48.1'
place   rf_window copies=1 x=0.0 y=0.0 z=97208.5 rename='rf_window_b_48.1'
(do rf_index=2)
place   rf      copies=1 x=0.0 y=0.0 z=97500.0 rename='rf_b_48.2'
place   rf_window copies=1 x=0.0 y=0.0 z=97402.8 rename='rf_window_b_48.2'
(do rf_index=3)
place   rf      copies=1 x=0.0 y=0.0 z=97694.4 rename='rf_b_48.3'
place   rf_window copies=1 x=0.0 y=0.0 z=97597.2 rename='rf_window_b_48.3'
enddo
place   rf_window copies=1 x=0.0 y=0.0 z=97791.5 rename='rf_window_b_48.3'
(do cell_index=49)
param        cell_z        98000
place   wedge_marker copies=1 x=0.0 y=0.0 z=97990.0 rename='wedge_marker_a_49'
place   wedge_marker copies=1 x=0.0 y=0.0 z=98010.0 rename='wedge_marker_b_49'
place   wedge   copies=1 x=0.0 y=0.0 z=98000.0 rename='wedge49'rotation='Z-90'
do rf_index=1,3,1
(do rf_index=1)
place   rf      copies=1 x=0.0 y=0.0 z=98305.6 rename='rf_49.1'
place   rf_window copies=1 x=0.0 y=0.0 z=98208.5 rename='rf_window_49.1'
(do rf_index=2)
place   rf      copies=1 x=0.0 y=0.0 z=98500.0 rename='rf_49.2'
place   rf_window copies=1 x=0.0 y=0.0 z=98402.8 rename='rf_window_49.2'
(do rf_index=3)
place   rf      copies=1 x=0.0 y=0.0 z=98694.4 rename='rf_49.3'
place   rf_window copies=1 x=0.0 y=0.0 z=98597.2 rename='rf_window_49.3'
enddo
place   rf_window copies=1 x=0.0 y=0.0 z=98791.5 rename='rf_window_49.3'
param        cell_z        99000
place   wedge_marker copies=1 x=0.0 y=0.0 z=98990.0 rename='wedge_marker_c_49'
place   wedge_marker copies=1 x=0.0 y=0.0 z=99010.0 rename='wedge_marker_d_49'
place   wedge   copies=1 x=0.0 y=0.0 z=99000.0 rename='wedge49'rotation='Z90'
do rf_index=1,3,1
(do rf_index=1)
place   rf      copies=1 x=0.0 y=0.0 z=99305.6 rename='rf_b_49.1'
place   rf_window copies=1 x=0.0 y=0.0 z=99208.5 rename='rf_window_b_49.1'
(do rf_index=2)
place   rf      copies=1 x=0.0 y=0.0 z=99500.0 rename='rf_b_49.2'
place   rf_window copies=1 x=0.0 y=0.0 z=99402.8 rename='rf_window_b_49.2'
(do rf_index=3)
place   rf      copies=1 x=0.0 y=0.0 z=99694.4 rename='rf_b_49.3'
place   rf_window copies=1 x=0.0 y=0.0 z=99597.2 rename='rf_window_b_49.3'
enddo
place   rf_window copies=1 x=0.0 y=0.0 z=99791.5 rename='rf_window_b_49.3'
(do cell_index=50)
param        cell_z        100000
place   wedge_marker copies=1 x=0.0 y=0.0 z=99990.0 rename='wedge_marker_a_50'
place   wedge_marker copies=1 x=0.0 y=0.0 z=100010.0 rename='wedge_marker_b_50'
place   wedge   copies=1 x=0.0 y=0.0 z=100000.0 rename='wedge50'rotation='Z-90'
do rf_index=1,3,1
(do rf_index=1)
place   rf      copies=1 x=0.0 y=0.0 z=100305.6 rename='rf_50.1'
place   rf_window copies=1 x=0.0 y=0.0 z=100208.5 rename='rf_window_50.1'
(do rf_index=2)
place   rf      copies=1 x=0.0 y=0.0 z=100500.0 rename='rf_50.2'
place   rf_window copies=1 x=0.0 y=0.0 z=100402.8 rename='rf_window_50.2'
(do rf_index=3)
place   rf      copies=1 x=0.0 y=0.0 z=100694.4 rename='rf_50.3'
place   rf_window copies=1 x=0.0 y=0.0 z=100597.2 rename='rf_window_50.3'
enddo
place   rf_window copies=1 x=0.0 y=0.0 z=100791.5 rename='rf_window_50.3'
param        cell_z        101000
place   wedge_marker copies=1 x=0.0 y=0.0 z=100990.0 rename='wedge_marker_c_50'
place   wedge_marker copies=1 x=0.0 y=0.0 z=101010.0 rename='wedge_marker_d_50'
place   wedge   copies=1 x=0.0 y=0.0 z=101000.0 rename='wedge50'rotation='Z90'
do rf_index=1,3,1
(do rf_index=1)
place   rf      copies=1 x=0.0 y=0.0 z=101305.6 rename='rf_b_50.1'
place   rf_window copies=1 x=0.0 y=0.0 z=101208.5 rename='rf_window_b_50.1'
(do rf_index=2)
place   rf      copies=1 x=0.0 y=0.0 z=101500.0 rename='rf_b_50.2'
place   rf_window copies=1 x=0.0 y=0.0 z=101402.8 rename='rf_window_b_50.2'
(do rf_index=3)
place   rf      copies=1 x=0.0 y=0.0 z=101694.4 rename='rf_b_50.3'
place   rf_window copies=1 x=0.0 y=0.0 z=101597.2 rename='rf_window_b_50.3'
enddo
place   rf_window copies=1 x=0.0 y=0.0 z=101791.5 rename='rf_window_b_50.3'
(do cell_index=51)
param        cell_z        102000
place   wedge_marker copies=1 x=0.0 y=0.0 z=101990.0 rename='wedge_marker_a_51'
place   wedge_marker copies=1 x=0.0 y=0.0 z=102010.0 rename='wedge_marker_b_51'
place   wedge   copies=1 x=0.0 y=0.0 z=102000.0 rename='wedge51'rotation='Z-90'
do rf_index=1,3,1
(do rf_index=1)
place   rf      copies=1 x=0.0 y=0.0 z=102305.6 rename='rf_51.1'
place   rf_window copies=1 x=0.0 y=0.0 z=102208.5 rename='rf_window_51.1'
(do rf_index=2)
place   rf      copies=1 x=0.0 y=0.0 z=102500.0 rename='rf_51.2'
place   rf_window copies=1 x=0.0 y=0.0 z=102402.8 rename='rf_window_51.2'
(do rf_index=3)
place   rf      copies=1 x=0.0 y=0.0 z=102694.4 rename='rf_51.3'
place   rf_window copies=1 x=0.0 y=0.0 z=102597.2 rename='rf_window_51.3'
enddo
place   rf_window copies=1 x=0.0 y=0.0 z=102791.5 rename='rf_window_51.3'
param        cell_z        103000
place   wedge_marker copies=1 x=0.0 y=0.0 z=102990.0 rename='wedge_marker_c_51'
place   wedge_marker copies=1 x=0.0 y=0.0 z=103010.0 rename='wedge_marker_d_51'
place   wedge   copies=1 x=0.0 y=0.0 z=103000.0 rename='wedge51'rotation='Z90'
do rf_index=1,3,1
(do rf_index=1)
place   rf      copies=1 x=0.0 y=0.0 z=103305.6 rename='rf_b_51.1'
place   rf_window copies=1 x=0.0 y=0.0 z=103208.5 rename='rf_window_b_51.1'
(do rf_index=2)
place   rf      copies=1 x=0.0 y=0.0 z=103500.0 rename='rf_b_51.2'
place   rf_window copies=1 x=0.0 y=0.0 z=103402.8 rename='rf_window_b_51.2'
(do rf_index=3)
place   rf      copies=1 x=0.0 y=0.0 z=103694.4 rename='rf_b_51.3'
place   rf_window copies=1 x=0.0 y=0.0 z=103597.2 rename='rf_window_b_51.3'
enddo
place   rf_window copies=1 x=0.0 y=0.0 z=103791.5 rename='rf_window_b_51.3'
(do cell_index=52)
param        cell_z        104000
place   wedge_marker copies=1 x=0.0 y=0.0 z=103990.0 rename='wedge_marker_a_52'
place   wedge_marker copies=1 x=0.0 y=0.0 z=104010.0 rename='wedge_marker_b_52'
place   wedge   copies=1 x=0.0 y=0.0 z=104000.0 rename='wedge52'rotation='Z-90'
do rf_index=1,3,1
(do rf_index=1)
place   rf      copies=1 x=0.0 y=0.0 z=104305.6 rename='rf_52.1'
place   rf_window copies=1 x=0.0 y=0.0 z=104208.5 rename='rf_window_52.1'
(do rf_index=2)
place   rf      copies=1 x=0.0 y=0.0 z=104500.0 rename='rf_52.2'
place   rf_window copies=1 x=0.0 y=0.0 z=104402.8 rename='rf_window_52.2'
(do rf_index=3)
place   rf      copies=1 x=0.0 y=0.0 z=104694.4 rename='rf_52.3'
place   rf_window copies=1 x=0.0 y=0.0 z=104597.2 rename='rf_window_52.3'
enddo
place   rf_window copies=1 x=0.0 y=0.0 z=104791.5 rename='rf_window_52.3'
param        cell_z        105000
place   wedge_marker copies=1 x=0.0 y=0.0 z=104990.0 rename='wedge_marker_c_52'
place   wedge_marker copies=1 x=0.0 y=0.0 z=105010.0 rename='wedge_marker_d_52'
place   wedge   copies=1 x=0.0 y=0.0 z=105000.0 rename='wedge52'rotation='Z90'
do rf_index=1,3,1
(do rf_index=1)
place   rf      copies=1 x=0.0 y=0.0 z=105305.6 rename='rf_b_52.1'
place   rf_window copies=1 x=0.0 y=0.0 z=105208.5 rename='rf_window_b_52.1'
(do rf_index=2)
place   rf      copies=1 x=0.0 y=0.0 z=105500.0 rename='rf_b_52.2'
place   rf_window copies=1 x=0.0 y=0.0 z=105402.8 rename='rf_window_b_52.2'
(do rf_index=3)
place   rf      copies=1 x=0.0 y=0.0 z=105694.4 rename='rf_b_52.3'
place   rf_window copies=1 x=0.0 y=0.0 z=105597.2 rename='rf_window_b_52.3'
enddo
place   rf_window copies=1 x=0.0 y=0.0 z=105791.5 rename='rf_window_b_52.3'
(do cell_index=53)
param        cell_z        106000
place   wedge_marker copies=1 x=0.0 y=0.0 z=105990.0 rename='wedge_marker_a_53'
place   wedge_marker copies=1 x=0.0 y=0.0 z=106010.0 rename='wedge_marker_b_53'
place   wedge   copies=1 x=0.0 y=0.0 z=106000.0 rename='wedge53'rotation='Z-90'
do rf_index=1,3,1
(do rf_index=1)
place   rf      copies=1 x=0.0 y=0.0 z=106305.6 rename='rf_53.1'
place   rf_window copies=1 x=0.0 y=0.0 z=106208.5 rename='rf_window_53.1'
(do rf_index=2)
place   rf      copies=1 x=0.0 y=0.0 z=106500.0 rename='rf_53.2'
place   rf_window copies=1 x=0.0 y=0.0 z=106402.8 rename='rf_window_53.2'
(do rf_index=3)
place   rf      copies=1 x=0.0 y=0.0 z=106694.4 rename='rf_53.3'
place   rf_window copies=1 x=0.0 y=0.0 z=106597.2 rename='rf_window_53.3'
enddo
place   rf_window copies=1 x=0.0 y=0.0 z=106791.5 rename='rf_window_53.3'
param        cell_z        107000
place   wedge_marker copies=1 x=0.0 y=0.0 z=106990.0 rename='wedge_marker_c_53'
place   wedge_marker copies=1 x=0.0 y=0.0 z=107010.0 rename='wedge_marker_d_53'
place   wedge   copies=1 x=0.0 y=0.0 z=107000.0 rename='wedge53'rotation='Z90'
do rf_index=1,3,1
(do rf_index=1)
place   rf      copies=1 x=0.0 y=0.0 z=107305.6 rename='rf_b_53.1'
place   rf_window copies=1 x=0.0 y=0.0 z=107208.5 rename='rf_window_b_53.1'
(do rf_index=2)
place   rf      copies=1 x=0.0 y=0.0 z=107500.0 rename='rf_b_53.2'
place   rf_window copies=1 x=0.0 y=0.0 z=107402.8 rename='rf_window_b_53.2'
(do rf_index=3)
place   rf      copies=1 x=0.0 y=0.0 z=107694.4 rename='rf_b_53.3'
place   rf_window copies=1 x=0.0 y=0.0 z=107597.2 rename='rf_window_b_53.3'
enddo
place   rf_window copies=1 x=0.0 y=0.0 z=107791.5 rename='rf_window_b_53.3'
(do cell_index=54)
param        cell_z        108000
place   wedge_marker copies=1 x=0.0 y=0.0 z=107990.0 rename='wedge_marker_a_54'
place   wedge_marker copies=1 x=0.0 y=0.0 z=108010.0 rename='wedge_marker_b_54'
place   wedge   copies=1 x=0.0 y=0.0 z=108000.0 rename='wedge54'rotation='Z-90'
do rf_index=1,3,1
(do rf_index=1)
place   rf      copies=1 x=0.0 y=0.0 z=108305.6 rename='rf_54.1'
place   rf_window copies=1 x=0.0 y=0.0 z=108208.5 rename='rf_window_54.1'
(do rf_index=2)
place   rf      copies=1 x=0.0 y=0.0 z=108500.0 rename='rf_54.2'
place   rf_window copies=1 x=0.0 y=0.0 z=108402.8 rename='rf_window_54.2'
(do rf_index=3)
place   rf      copies=1 x=0.0 y=0.0 z=108694.4 rename='rf_54.3'
place   rf_window copies=1 x=0.0 y=0.0 z=108597.2 rename='rf_window_54.3'
enddo
place   rf_window copies=1 x=0.0 y=0.0 z=108791.5 rename='rf_window_54.3'
param        cell_z        109000
place   wedge_marker copies=1 x=0.0 y=0.0 z=108990.0 rename='wedge_marker_c_54'
place   wedge_marker copies=1 x=0.0 y=0.0 z=109010.0 rename='wedge_marker_d_54'
place   wedge   copies=1 x=0.0 y=0.0 z=109000.0 rename='wedge54'rotation='Z90'
do rf_index=1,3,1
(do rf_index=1)
place   rf      copies=1 x=0.0 y=0.0 z=109305.6 rename='rf_b_54.1'
place   rf_window copies=1 x=0.0 y=0.0 z=109208.5 rename='rf_window_b_54.1'
(do rf_index=2)
place   rf      copies=1 x=0.0 y=0.0 z=109500.0 rename='rf_b_54.2'
place   rf_window copies=1 x=0.0 y=0.0 z=109402.8 rename='rf_window_b_54.2'
(do rf_index=3)
place   rf      copies=1 x=0.0 y=0.0 z=109694.4 rename='rf_b_54.3'
place   rf_window copies=1 x=0.0 y=0.0 z=109597.2 rename='rf_window_b_54.3'
enddo
place   rf_window copies=1 x=0.0 y=0.0 z=109791.5 rename='rf_window_b_54.3'
(do cell_index=55)
param        cell_z        110000
place   wedge_marker copies=1 x=0.0 y=0.0 z=109990.0 rename='wedge_marker_a_55'
place   wedge_marker copies=1 x=0.0 y=0.0 z=110010.0 rename='wedge_marker_b_55'
place   wedge   copies=1 x=0.0 y=0.0 z=110000.0 rename='wedge55'rotation='Z-90'
do rf_index=1,3,1
(do rf_index=1)
place   rf      copies=1 x=0.0 y=0.0 z=110305.6 rename='rf_55.1'
place   rf_window copies=1 x=0.0 y=0.0 z=110208.5 rename='rf_window_55.1'
(do rf_index=2)
place   rf      copies=1 x=0.0 y=0.0 z=110500.0 rename='rf_55.2'
place   rf_window copies=1 x=0.0 y=0.0 z=110402.8 rename='rf_window_55.2'
(do rf_index=3)
place   rf      copies=1 x=0.0 y=0.0 z=110694.4 rename='rf_55.3'
place   rf_window copies=1 x=0.0 y=0.0 z=110597.2 rename='rf_window_55.3'
enddo
place   rf_window copies=1 x=0.0 y=0.0 z=110791.5 rename='rf_window_55.3'
param        cell_z        111000
place   wedge_marker copies=1 x=0.0 y=0.0 z=110990.0 rename='wedge_marker_c_55'
place   wedge_marker copies=1 x=0.0 y=0.0 z=111010.0 rename='wedge_marker_d_55'
place   wedge   copies=1 x=0.0 y=0.0 z=111000.0 rename='wedge55'rotation='Z90'
do rf_index=1,3,1
(do rf_index=1)
place   rf      copies=1 x=0.0 y=0.0 z=111305.6 rename='rf_b_55.1'
place   rf_window copies=1 x=0.0 y=0.0 z=111208.5 rename='rf_window_b_55.1'
(do rf_index=2)
place   rf      copies=1 x=0.0 y=0.0 z=111500.0 rename='rf_b_55.2'
place   rf_window copies=1 x=0.0 y=0.0 z=111402.8 rename='rf_window_b_55.2'
(do rf_index=3)
place   rf      copies=1 x=0.0 y=0.0 z=111694.4 rename='rf_b_55.3'
place   rf_window copies=1 x=0.0 y=0.0 z=111597.2 rename='rf_window_b_55.3'
enddo
place   rf_window copies=1 x=0.0 y=0.0 z=111791.5 rename='rf_window_b_55.3'
(do cell_index=56)
param        cell_z        112000
place   wedge_marker copies=1 x=0.0 y=0.0 z=111990.0 rename='wedge_marker_a_56'
place   wedge_marker copies=1 x=0.0 y=0.0 z=112010.0 rename='wedge_marker_b_56'
place   wedge   copies=1 x=0.0 y=0.0 z=112000.0 rename='wedge56'rotation='Z-90'
do rf_index=1,3,1
(do rf_index=1)
place   rf      copies=1 x=0.0 y=0.0 z=112305.6 rename='rf_56.1'
place   rf_window copies=1 x=0.0 y=0.0 z=112208.5 rename='rf_window_56.1'
(do rf_index=2)
place   rf      copies=1 x=0.0 y=0.0 z=112500.0 rename='rf_56.2'
place   rf_window copies=1 x=0.0 y=0.0 z=112402.8 rename='rf_window_56.2'
(do rf_index=3)
place   rf      copies=1 x=0.0 y=0.0 z=112694.4 rename='rf_56.3'
place   rf_window copies=1 x=0.0 y=0.0 z=112597.2 rename='rf_window_56.3'
enddo
place   rf_window copies=1 x=0.0 y=0.0 z=112791.5 rename='rf_window_56.3'
param        cell_z        113000
place   wedge_marker copies=1 x=0.0 y=0.0 z=112990.0 rename='wedge_marker_c_56'
place   wedge_marker copies=1 x=0.0 y=0.0 z=113010.0 rename='wedge_marker_d_56'
place   wedge   copies=1 x=0.0 y=0.0 z=113000.0 rename='wedge56'rotation='Z90'
do rf_index=1,3,1
(do rf_index=1)
place   rf      copies=1 x=0.0 y=0.0 z=113305.6 rename='rf_b_56.1'
place   rf_window copies=1 x=0.0 y=0.0 z=113208.5 rename='rf_window_b_56.1'
(do rf_index=2)
place   rf      copies=1 x=0.0 y=0.0 z=113500.0 rename='rf_b_56.2'
place   rf_window copies=1 x=0.0 y=0.0 z=113402.8 rename='rf_window_b_56.2'
(do rf_index=3)
place   rf      copies=1 x=0.0 y=0.0 z=113694.4 rename='rf_b_56.3'
place   rf_window copies=1 x=0.0 y=0.0 z=113597.2 rename='rf_window_b_56.3'
enddo
place   rf_window copies=1 x=0.0 y=0.0 z=113791.5 rename='rf_window_b_56.3'
(do cell_index=57)
param        cell_z        114000
place   wedge_marker copies=1 x=0.0 y=0.0 z=113990.0 rename='wedge_marker_a_57'
place   wedge_marker copies=1 x=0.0 y=0.0 z=114010.0 rename='wedge_marker_b_57'
place   wedge   copies=1 x=0.0 y=0.0 z=114000.0 rename='wedge57'rotation='Z-90'
do rf_index=1,3,1
(do rf_index=1)
place   rf      copies=1 x=0.0 y=0.0 z=114305.6 rename='rf_57.1'
place   rf_window copies=1 x=0.0 y=0.0 z=114208.5 rename='rf_window_57.1'
(do rf_index=2)
place   rf      copies=1 x=0.0 y=0.0 z=114500.0 rename='rf_57.2'
place   rf_window copies=1 x=0.0 y=0.0 z=114402.8 rename='rf_window_57.2'
(do rf_index=3)
place   rf      copies=1 x=0.0 y=0.0 z=114694.4 rename='rf_57.3'
place   rf_window copies=1 x=0.0 y=0.0 z=114597.2 rename='rf_window_57.3'
enddo
place   rf_window copies=1 x=0.0 y=0.0 z=114791.5 rename='rf_window_57.3'
param        cell_z        115000
place   wedge_marker copies=1 x=0.0 y=0.0 z=114990.0 rename='wedge_marker_c_57'
place   wedge_marker copies=1 x=0.0 y=0.0 z=115010.0 rename='wedge_marker_d_57'
place   wedge   copies=1 x=0.0 y=0.0 z=115000.0 rename='wedge57'rotation='Z90'
do rf_index=1,3,1
(do rf_index=1)
place   rf      copies=1 x=0.0 y=0.0 z=115305.6 rename='rf_b_57.1'
place   rf_window copies=1 x=0.0 y=0.0 z=115208.5 rename='rf_window_b_57.1'
(do rf_index=2)
place   rf      copies=1 x=0.0 y=0.0 z=115500.0 rename='rf_b_57.2'
place   rf_window copies=1 x=0.0 y=0.0 z=115402.8 rename='rf_window_b_57.2'
(do rf_index=3)
place   rf      copies=1 x=0.0 y=0.0 z=115694.4 rename='rf_b_57.3'
place   rf_window copies=1 x=0.0 y=0.0 z=115597.2 rename='rf_window_b_57.3'
enddo
place   rf_window copies=1 x=0.0 y=0.0 z=115791.5 rename='rf_window_b_57.3'
(do cell_index=58)
param        cell_z        116000
place   wedge_marker copies=1 x=0.0 y=0.0 z=115990.0 rename='wedge_marker_a_58'
place   wedge_marker copies=1 x=0.0 y=0.0 z=116010.0 rename='wedge_marker_b_58'
place   wedge   copies=1 x=0.0 y=0.0 z=116000.0 rename='wedge58'rotation='Z-90'
do rf_index=1,3,1
(do rf_index=1)
place   rf      copies=1 x=0.0 y=0.0 z=116305.6 rename='rf_58.1'
place   rf_window copies=1 x=0.0 y=0.0 z=116208.5 rename='rf_window_58.1'
(do rf_index=2)
place   rf      copies=1 x=0.0 y=0.0 z=116500.0 rename='rf_58.2'
place   rf_window copies=1 x=0.0 y=0.0 z=116402.8 rename='rf_window_58.2'
(do rf_index=3)
place   rf      copies=1 x=0.0 y=0.0 z=116694.4 rename='rf_58.3'
place   rf_window copies=1 x=0.0 y=0.0 z=116597.2 rename='rf_window_58.3'
enddo
place   rf_window copies=1 x=0.0 y=0.0 z=116791.5 rename='rf_window_58.3'
param        cell_z        117000
place   wedge_marker copies=1 x=0.0 y=0.0 z=116990.0 rename='wedge_marker_c_58'
place   wedge_marker copies=1 x=0.0 y=0.0 z=117010.0 rename='wedge_marker_d_58'
place   wedge   copies=1 x=0.0 y=0.0 z=117000.0 rename='wedge58'rotation='Z90'
do rf_index=1,3,1
(do rf_index=1)
place   rf      copies=1 x=0.0 y=0.0 z=117305.6 rename='rf_b_58.1'
place   rf_window copies=1 x=0.0 y=0.0 z=117208.5 rename='rf_window_b_58.1'
(do rf_index=2)
place   rf      copies=1 x=0.0 y=0.0 z=117500.0 rename='rf_b_58.2'
place   rf_window copies=1 x=0.0 y=0.0 z=117402.8 rename='rf_window_b_58.2'
(do rf_index=3)
place   rf      copies=1 x=0.0 y=0.0 z=117694.4 rename='rf_b_58.3'
place   rf_window copies=1 x=0.0 y=0.0 z=117597.2 rename='rf_window_b_58.3'
enddo
place   rf_window copies=1 x=0.0 y=0.0 z=117791.5 rename='rf_window_b_58.3'
(do cell_index=59)
param        cell_z        118000
place   wedge_marker copies=1 x=0.0 y=0.0 z=117990.0 rename='wedge_marker_a_59'
place   wedge_marker copies=1 x=0.0 y=0.0 z=118010.0 rename='wedge_marker_b_59'
place   wedge   copies=1 x=0.0 y=0.0 z=118000.0 rename='wedge59'rotation='Z-90'
do rf_index=1,3,1
(do rf_index=1)
place   rf      copies=1 x=0.0 y=0.0 z=118305.6 rename='rf_59.1'
place   rf_window copies=1 x=0.0 y=0.0 z=118208.5 rename='rf_window_59.1'
(do rf_index=2)
place   rf      copies=1 x=0.0 y=0.0 z=118500.0 rename='rf_59.2'
place   rf_window copies=1 x=0.0 y=0.0 z=118402.8 rename='rf_window_59.2'
(do rf_index=3)
place   rf      copies=1 x=0.0 y=0.0 z=118694.4 rename='rf_59.3'
place   rf_window copies=1 x=0.0 y=0.0 z=118597.2 rename='rf_window_59.3'
enddo
place   rf_window copies=1 x=0.0 y=0.0 z=118791.5 rename='rf_window_59.3'
param        cell_z        119000
place   wedge_marker copies=1 x=0.0 y=0.0 z=118990.0 rename='wedge_marker_c_59'
place   wedge_marker copies=1 x=0.0 y=0.0 z=119010.0 rename='wedge_marker_d_59'
place   wedge   copies=1 x=0.0 y=0.0 z=119000.0 rename='wedge59'rotation='Z90'
do rf_index=1,3,1
(do rf_index=1)
place   rf      copies=1 x=0.0 y=0.0 z=119305.6 rename='rf_b_59.1'
place   rf_window copies=1 x=0.0 y=0.0 z=119208.5 rename='rf_window_b_59.1'
(do rf_index=2)
place   rf      copies=1 x=0.0 y=0.0 z=119500.0 rename='rf_b_59.2'
place   rf_window copies=1 x=0.0 y=0.0 z=119402.8 rename='rf_window_b_59.2'
(do rf_index=3)
place   rf      copies=1 x=0.0 y=0.0 z=119694.4 rename='rf_b_59.3'
place   rf_window copies=1 x=0.0 y=0.0 z=119597.2 rename='rf_window_b_59.3'
enddo
place   rf_window copies=1 x=0.0 y=0.0 z=119791.5 rename='rf_window_b_59.3'
(do cell_index=60)
param        cell_z        120000
place   wedge_marker copies=1 x=0.0 y=0.0 z=119990.0 rename='wedge_marker_a_60'
place   wedge_marker copies=1 x=0.0 y=0.0 z=120010.0 rename='wedge_marker_b_60'
place   wedge   copies=1 x=0.0 y=0.0 z=120000.0 rename='wedge60'rotation='Z-90'
do rf_index=1,3,1
(do rf_index=1)
place   rf      copies=1 x=0.0 y=0.0 z=120305.6 rename='rf_60.1'
place   rf_window copies=1 x=0.0 y=0.0 z=120208.5 rename='rf_window_60.1'
(do rf_index=2)
place   rf      copies=1 x=0.0 y=0.0 z=120500.0 rename='rf_60.2'
place   rf_window copies=1 x=0.0 y=0.0 z=120402.8 rename='rf_window_60.2'
(do rf_index=3)
place   rf      copies=1 x=0.0 y=0.0 z=120694.4 rename='rf_60.3'
place   rf_window copies=1 x=0.0 y=0.0 z=120597.2 rename='rf_window_60.3'
enddo
place   rf_window copies=1 x=0.0 y=0.0 z=120791.5 rename='rf_window_60.3'
param        cell_z        121000
place   wedge_marker copies=1 x=0.0 y=0.0 z=120990.0 rename='wedge_marker_c_60'
place   wedge_marker copies=1 x=0.0 y=0.0 z=121010.0 rename='wedge_marker_d_60'
place   wedge   copies=1 x=0.0 y=0.0 z=121000.0 rename='wedge60'rotation='Z90'
do rf_index=1,3,1
(do rf_index=1)
place   rf      copies=1 x=0.0 y=0.0 z=121305.6 rename='rf_b_60.1'
place   rf_window copies=1 x=0.0 y=0.0 z=121208.5 rename='rf_window_b_60.1'
(do rf_index=2)
place   rf      copies=1 x=0.0 y=0.0 z=121500.0 rename='rf_b_60.2'
place   rf_window copies=1 x=0.0 y=0.0 z=121402.8 rename='rf_window_b_60.2'
(do rf_index=3)
place   rf      copies=1 x=0.0 y=0.0 z=121694.4 rename='rf_b_60.3'
place   rf_window copies=1 x=0.0 y=0.0 z=121597.2 rename='rf_window_b_60.3'
enddo
place   rf_window copies=1 x=0.0 y=0.0 z=121791.5 rename='rf_window_b_60.3'
enddo
reference                  particle=mu+ beamX=-7.091 beamY=-0.548 beamZ=0
                           beamT=0 rotation= referenceMomentum=200 beamXp=0
                           beamYp=0 meanMomentum=200 meanXp=0 meanYp=0
                           tuneZ=-3.7e+21 tuneMomentum=-3.7e+21
                           tolerance=0.001 noEfield=1 noBfield=0 noEloss=1
                           P=200
beam    ASCII   nEvents=2147483647 firstEvent=-1 lastEvent=10000 beamZ=0.0 maxR=1000000.0 renumber=0 weight=1.000000 
		filename=beam.tmp format=BLTrackFile 
		
zntuple                    z= zloop=0:100000:2000 noSingles=0
                           format=FOR009.DAT file=output filename=output
                           require= referenceParticle=1 coordinates=Centerline

World size (before incrementing by 201.357 mm): 326.8 H  1020.0 W  244000.0 L

PARAMETERS:
            Zcl=121792
          beamX=-6.7756345
          beamY=-0.51321662
       bessel_0=2.404825557695772
        c_light=299.792458
     cell_index=60
    cell_length=2000.0
         cell_z=121000
 coil_tolerance=0.1
cooling_dipole_field=0.1
      current_1=328.43
      current_2=300.0
     deltaChord=3.0
deltaIntersection=0.1
   deltaOneStep=0.01
        disable=Decay
     do_cooling=1
do_derivatives_solenoid=0
do_field_map_solenoid=1
do_pancake_solenoid=0
       do_wedge=1
            dp1=1
            dp2=-1
            dp3=-1
            dp4=1
      dp_length=100
         dp_pos=0.025
          ds_b0=6.8517
          ds_b1=1.0276
          ds_b2=0.2165
          ds_b3=0.0
   ds_max_deriv=5
         efield=30.0
         epsMax=0.01
         epsMin=2.5e-7
 eventTimeLimit=30
exact_computation=0
    fieldVoxels=200,200,200
field_map_2d_filename=fieldmap_2d
field_map_solenoid_current=1.0
field_map_solenoid_filename=solenoid_field_map.txt
fieldmap_2d_r_max=250.0
fieldmap_2d_r_spacing=5
fieldmap_2d_z_spacing=5
      frequency=0.704
      histoFile=g4beamline
    histoUpdate=0
 inner_radius_1=285
 inner_radius_2=185
    iris_radius=81.493273
 kinetic_energy=120.53575
     last_event=10000
        maxStep=100.0
          max_z=1000
        minStep=0.01
        n_cells=60
   n_pancakes_1=17
   n_pancakes_2=5
     n_precells=10
     n_rf_cells=3
       n_sheets=5
 outer_radius_1=355
 outer_radius_2=245
   output_cells=50
output_planes_per_cell=1
   output_z_max=100000
  output_z_step=2000
pancake_length_1=12
pancake_length_2=12
             pi=3.141592653589793
    pipe_radius=81.6
       refBeamX=-7.0914947
      refBeamXp=0.0
       refBeamY=-0.54795627
      refBeamYp=0.0
    refNoEfield=1
     refNoEloss=1
          ref_p=200
       rf_index=3
      rf_length=188.56
       rf_phase=18.840516165747395
  rf_separation=5
     rf_spacing=194.36
        sol_z_1=77
        sol_z_2=45
            sp1=1
            sp2=-1
            sp3=1
            sp4=-1
spacer_length_1=4
spacer_length_2=3
 steppingFormat=N GLOBAL CL KE STEP VOL PROCESS
steppingVerbose=0
    stochastics=1
         viewer=none
 wallClockLimit=-1
 wall_thickness=0.4
wedge_alignment_angle1=-90
wedge_alignment_angle2=90
    wedge_angle=10.0
       wedge_dh=114.30052
        wedge_h=194.90052
 wedge_material=LITHIUM_HYDRIDE
wedge_offset_trans=0
 wedge_offset_z=0.0
        wedge_r=80.6
      wedge_rot=90
       wedge_t0=0.005
       wedge_t1=34.103173
wedge_thickness=20.0
        wedge_z=16.85026
window_material=Be
window_thickness=1e-09
  worldMaterial=Vacuum
write_field_map_1d=1
write_field_map_2d=0
     zTolerance=2.0
BLCMDgenericbend::Construct solbend_-10.1 parent= relZ=-19950.0 globZ=-19950.0
	zmin=-20000.0 zmax=-19900.0
BLCMDgenericbend::Construct solbend_-10.2 parent= relZ=-19050.0 globZ=-19050.0
	zmin=-19100.0 zmax=-19000.0
BLCMDgenericbend::Construct solbend_-10.3 parent= relZ=-18950.0 globZ=-18950.0
	zmin=-19000.0 zmax=-18900.0
BLCMDgenericbend::Construct solbend_-10.4 parent= relZ=-18050.0 globZ=-18050.0
	zmin=-18100.0 zmax=-18000.0
BLMappedMagnet::Construct field_map_-10 parent= relZ=-18000.0
Checking overlaps for volume minus:0 (G4Tubs) ... OK! 
BLCMDtubs::Construct minus parent= relZ=-20000.0 globZ=-20000.0
	zmin=-20005.0 zmax=-19995.0 kill=1
Checking overlaps for volume plus:0 (G4Tubs) ... OK! 
BLCMDtubs::Construct plus parent= relZ=-20000.0 globZ=-20000.0
	zmin=-20005.0 zmax=-19995.0 kill=1
BLCMDgenericbend::Construct solbend_-9.1 parent= relZ=-17950.0 globZ=-17950.0
	zmin=-18000.0 zmax=-17900.0
BLCMDgenericbend::Construct solbend_-9.2 parent= relZ=-17050.0 globZ=-17050.0
	zmin=-17100.0 zmax=-17000.0
BLCMDgenericbend::Construct solbend_-9.3 parent= relZ=-16950.0 globZ=-16950.0
	zmin=-17000.0 zmax=-16900.0
BLCMDgenericbend::Construct solbend_-9.4 parent= relZ=-16050.0 globZ=-16050.0
	zmin=-16100.0 zmax=-16000.0
BLMappedMagnet::Construct field_map_-9 parent= relZ=-16000.0
Checking overlaps for volume minus:0 (G4Tubs) ... OK! 
BLCMDtubs::Construct minus parent= relZ=-18000.0 globZ=-18000.0
	zmin=-18005.0 zmax=-17995.0 kill=1
Checking overlaps for volume plus:0 (G4Tubs) ... OK! 
BLCMDtubs::Construct plus parent= relZ=-18000.0 globZ=-18000.0
	zmin=-18005.0 zmax=-17995.0 kill=1
BLCMDgenericbend::Construct solbend_-8.1 parent= relZ=-15950.0 globZ=-15950.0
	zmin=-16000.0 zmax=-15900.0
BLCMDgenericbend::Construct solbend_-8.2 parent= relZ=-15050.0 globZ=-15050.0
	zmin=-15100.0 zmax=-15000.0
BLCMDgenericbend::Construct solbend_-8.3 parent= relZ=-14950.0 globZ=-14950.0
	zmin=-15000.0 zmax=-14900.0
BLCMDgenericbend::Construct solbend_-8.4 parent= relZ=-14050.0 globZ=-14050.0
	zmin=-14100.0 zmax=-14000.0
BLMappedMagnet::Construct field_map_-8 parent= relZ=-14000.0
Checking overlaps for volume minus:0 (G4Tubs) ... OK! 
BLCMDtubs::Construct minus parent= relZ=-16000.0 globZ=-16000.0
	zmin=-16005.0 zmax=-15995.0 kill=1
Checking overlaps for volume plus:0 (G4Tubs) ... OK! 
BLCMDtubs::Construct plus parent= relZ=-16000.0 globZ=-16000.0
	zmin=-16005.0 zmax=-15995.0 kill=1
BLCMDgenericbend::Construct solbend_-7.1 parent= relZ=-13950.0 globZ=-13950.0
	zmin=-14000.0 zmax=-13900.0
BLCMDgenericbend::Construct solbend_-7.2 parent= relZ=-13050.0 globZ=-13050.0
	zmin=-13100.0 zmax=-13000.0
BLCMDgenericbend::Construct solbend_-7.3 parent= relZ=-12950.0 globZ=-12950.0
	zmin=-13000.0 zmax=-12900.0
BLCMDgenericbend::Construct solbend_-7.4 parent= relZ=-12050.0 globZ=-12050.0
	zmin=-12100.0 zmax=-12000.0
BLMappedMagnet::Construct field_map_-7 parent= relZ=-12000.0
Checking overlaps for volume minus:0 (G4Tubs) ... OK! 
BLCMDtubs::Construct minus parent= relZ=-14000.0 globZ=-14000.0
	zmin=-14005.0 zmax=-13995.0 kill=1
Checking overlaps for volume plus:0 (G4Tubs) ... OK! 
BLCMDtubs::Construct plus parent= relZ=-14000.0 globZ=-14000.0
	zmin=-14005.0 zmax=-13995.0 kill=1
BLCMDgenericbend::Construct solbend_-6.1 parent= relZ=-11950.0 globZ=-11950.0
	zmin=-12000.0 zmax=-11900.0
BLCMDgenericbend::Construct solbend_-6.2 parent= relZ=-11050.0 globZ=-11050.0
	zmin=-11100.0 zmax=-11000.0
BLCMDgenericbend::Construct solbend_-6.3 parent= relZ=-10950.0 globZ=-10950.0
	zmin=-11000.0 zmax=-10900.0
BLCMDgenericbend::Construct solbend_-6.4 parent= relZ=-10050.0 globZ=-10050.0
	zmin=-10100.0 zmax=-10000.0
BLMappedMagnet::Construct field_map_-6 parent= relZ=-10000.0
Checking overlaps for volume minus:0 (G4Tubs) ... OK! 
BLCMDtubs::Construct minus parent= relZ=-12000.0 globZ=-12000.0
	zmin=-12005.0 zmax=-11995.0 kill=1
Checking overlaps for volume plus:0 (G4Tubs) ... OK! 
BLCMDtubs::Construct plus parent= relZ=-12000.0 globZ=-12000.0
	zmin=-12005.0 zmax=-11995.0 kill=1
BLCMDgenericbend::Construct solbend_-5.1 parent= relZ=-9950.0 globZ=-9950.0
	zmin=-10000.0 zmax=-9900.0
BLCMDgenericbend::Construct solbend_-5.2 parent= relZ=-9050.0 globZ=-9050.0
	zmin=-9100.0 zmax=-9000.0
BLCMDgenericbend::Construct solbend_-5.3 parent= relZ=-8950.0 globZ=-8950.0
	zmin=-9000.0 zmax=-8900.0
BLCMDgenericbend::Construct solbend_-5.4 parent= relZ=-8050.0 globZ=-8050.0
	zmin=-8100.0 zmax=-8000.0
BLMappedMagnet::Construct field_map_-5 parent= relZ=-8000.0
Checking overlaps for volume minus:0 (G4Tubs) ... OK! 
BLCMDtubs::Construct minus parent= relZ=-10000.0 globZ=-10000.0
	zmin=-10005.0 zmax=-9995.0 kill=1
Checking overlaps for volume plus:0 (G4Tubs) ... OK! 
BLCMDtubs::Construct plus parent= relZ=-10000.0 globZ=-10000.0
	zmin=-10005.0 zmax=-9995.0 kill=1
BLCMDgenericbend::Construct solbend_-4.1 parent= relZ=-7950.0 globZ=-7950.0
	zmin=-8000.0 zmax=-7900.0
BLCMDgenericbend::Construct solbend_-4.2 parent= relZ=-7050.0 globZ=-7050.0
	zmin=-7100.0 zmax=-7000.0
BLCMDgenericbend::Construct solbend_-4.3 parent= relZ=-6950.0 globZ=-6950.0
	zmin=-7000.0 zmax=-6900.0
BLCMDgenericbend::Construct solbend_-4.4 parent= relZ=-6050.0 globZ=-6050.0
	zmin=-6100.0 zmax=-6000.0
BLMappedMagnet::Construct field_map_-4 parent= relZ=-6000.0
Checking overlaps for volume minus:0 (G4Tubs) ... OK! 
BLCMDtubs::Construct minus parent= relZ=-8000.0 globZ=-8000.0
	zmin=-8005.0 zmax=-7995.0 kill=1
Checking overlaps for volume plus:0 (G4Tubs) ... OK! 
BLCMDtubs::Construct plus parent= relZ=-8000.0 globZ=-8000.0
	zmin=-8005.0 zmax=-7995.0 kill=1
BLCMDgenericbend::Construct solbend_-3.1 parent= relZ=-5950.0 globZ=-5950.0
	zmin=-6000.0 zmax=-5900.0
BLCMDgenericbend::Construct solbend_-3.2 parent= relZ=-5050.0 globZ=-5050.0
	zmin=-5100.0 zmax=-5000.0
BLCMDgenericbend::Construct solbend_-3.3 parent= relZ=-4950.0 globZ=-4950.0
	zmin=-5000.0 zmax=-4900.0
BLCMDgenericbend::Construct solbend_-3.4 parent= relZ=-4050.0 globZ=-4050.0
	zmin=-4100.0 zmax=-4000.0
BLMappedMagnet::Construct field_map_-3 parent= relZ=-4000.0
Checking overlaps for volume minus:0 (G4Tubs) ... OK! 
BLCMDtubs::Construct minus parent= relZ=-6000.0 globZ=-6000.0
	zmin=-6005.0 zmax=-5995.0 kill=1
Checking overlaps for volume plus:0 (G4Tubs) ... OK! 
BLCMDtubs::Construct plus parent= relZ=-6000.0 globZ=-6000.0
	zmin=-6005.0 zmax=-5995.0 kill=1
BLCMDgenericbend::Construct solbend_-2.1 parent= relZ=-3950.0 globZ=-3950.0
	zmin=-4000.0 zmax=-3900.0
BLCMDgenericbend::Construct solbend_-2.2 parent= relZ=-3050.0 globZ=-3050.0
	zmin=-3100.0 zmax=-3000.0
BLCMDgenericbend::Construct solbend_-2.3 parent= relZ=-2950.0 globZ=-2950.0
	zmin=-3000.0 zmax=-2900.0
BLCMDgenericbend::Construct solbend_-2.4 parent= relZ=-2050.0 globZ=-2050.0
	zmin=-2100.0 zmax=-2000.0
BLMappedMagnet::Construct field_map_-2 parent= relZ=-2000.0
Checking overlaps for volume minus:0 (G4Tubs) ... OK! 
BLCMDtubs::Construct minus parent= relZ=-4000.0 globZ=-4000.0
	zmin=-4005.0 zmax=-3995.0 kill=1
Checking overlaps for volume plus:0 (G4Tubs) ... OK! 
BLCMDtubs::Construct plus parent= relZ=-4000.0 globZ=-4000.0
	zmin=-4005.0 zmax=-3995.0 kill=1
BLCMDgenericbend::Construct solbend_-1.1 parent= relZ=-1950.0 globZ=-1950.0
	zmin=-2000.0 zmax=-1900.0
BLCMDgenericbend::Construct solbend_-1.2 parent= relZ=-1050.0 globZ=-1050.0
	zmin=-1100.0 zmax=-1000.0
BLCMDgenericbend::Construct solbend_-1.3 parent= relZ=-950.0 globZ=-950.0
	zmin=-1000.0 zmax=-900.0
BLCMDgenericbend::Construct solbend_-1.4 parent= relZ=-50.0 globZ=-50.0
	zmin=-100.0 zmax=0.0
BLMappedMagnet::Construct field_map_-1 parent= relZ=0.0
Checking overlaps for volume minus:0 (G4Tubs) ... OK! 
BLCMDtubs::Construct minus parent= relZ=-2000.0 globZ=-2000.0
	zmin=-2005.0 zmax=-1995.0 kill=1
Checking overlaps for volume plus:0 (G4Tubs) ... OK! 
BLCMDtubs::Construct plus parent= relZ=-2000.0 globZ=-2000.0
	zmin=-2005.0 zmax=-1995.0 kill=1
BLCMDgenericbend::Construct solbend_0.1 parent= relZ=50.0 globZ=50.0
	zmin=0.0 zmax=100.0
BLCMDgenericbend::Construct solbend_0.2 parent= relZ=950.0 globZ=950.0
	zmin=900.0 zmax=1000.0
BLCMDgenericbend::Construct solbend_0.3 parent= relZ=1050.0 globZ=1050.0
	zmin=1000.0 zmax=1100.0
BLCMDgenericbend::Construct solbend_0.4 parent= relZ=1950.0 globZ=1950.0
	zmin=1900.0 zmax=2000.0
BLMappedMagnet::Construct field_map_0 parent= relZ=2000.0
Checking overlaps for volume minus:0 (G4Tubs) ... OK! 
BLCMDtubs::Construct minus parent= relZ=0.0 globZ=0.0
	zmin=-5.0 zmax=5.0 kill=1
Checking overlaps for volume plus:0 (G4Tubs) ... OK! 
BLCMDtubs::Construct plus parent= relZ=0.0 globZ=0.0
	zmin=-5.0 zmax=5.0 kill=1
BLCMDgenericbend::Construct solbend_1.1 parent= relZ=2050.0 globZ=2050.0
	zmin=2000.0 zmax=2100.0
BLCMDgenericbend::Construct solbend_1.2 parent= relZ=2950.0 globZ=2950.0
	zmin=2900.0 zmax=3000.0
BLCMDgenericbend::Construct solbend_1.3 parent= relZ=3050.0 globZ=3050.0
	zmin=3000.0 zmax=3100.0
BLCMDgenericbend::Construct solbend_1.4 parent= relZ=3950.0 globZ=3950.0
	zmin=3900.0 zmax=4000.0
BLMappedMagnet::Construct field_map_1 parent= relZ=4000.0
Checking overlaps for volume minus:0 (G4Tubs) ... OK! 
BLCMDtubs::Construct minus parent= relZ=2000.0 globZ=2000.0
	zmin=1995.0 zmax=2005.0 kill=1
Checking overlaps for volume plus:0 (G4Tubs) ... OK! 
BLCMDtubs::Construct plus parent= relZ=2000.0 globZ=2000.0
	zmin=1995.0 zmax=2005.0 kill=1
BLCMDgenericbend::Construct solbend_2.1 parent= relZ=4050.0 globZ=4050.0
	zmin=4000.0 zmax=4100.0
BLCMDgenericbend::Construct solbend_2.2 parent= relZ=4950.0 globZ=4950.0
	zmin=4900.0 zmax=5000.0
BLCMDgenericbend::Construct solbend_2.3 parent= relZ=5050.0 globZ=5050.0
	zmin=5000.0 zmax=5100.0
BLCMDgenericbend::Construct solbend_2.4 parent= relZ=5950.0 globZ=5950.0
	zmin=5900.0 zmax=6000.0
BLMappedMagnet::Construct field_map_2 parent= relZ=6000.0
Checking overlaps for volume minus:0 (G4Tubs) ... OK! 
BLCMDtubs::Construct minus parent= relZ=4000.0 globZ=4000.0
	zmin=3995.0 zmax=4005.0 kill=1
Checking overlaps for volume plus:0 (G4Tubs) ... OK! 
BLCMDtubs::Construct plus parent= relZ=4000.0 globZ=4000.0
	zmin=3995.0 zmax=4005.0 kill=1
BLCMDgenericbend::Construct solbend_3.1 parent= relZ=6050.0 globZ=6050.0
	zmin=6000.0 zmax=6100.0
BLCMDgenericbend::Construct solbend_3.2 parent= relZ=6950.0 globZ=6950.0
	zmin=6900.0 zmax=7000.0
BLCMDgenericbend::Construct solbend_3.3 parent= relZ=7050.0 globZ=7050.0
	zmin=7000.0 zmax=7100.0
BLCMDgenericbend::Construct solbend_3.4 parent= relZ=7950.0 globZ=7950.0
	zmin=7900.0 zmax=8000.0
BLMappedMagnet::Construct field_map_3 parent= relZ=8000.0
Checking overlaps for volume minus:0 (G4Tubs) ... OK! 
BLCMDtubs::Construct minus parent= relZ=6000.0 globZ=6000.0
	zmin=5995.0 zmax=6005.0 kill=1
Checking overlaps for volume plus:0 (G4Tubs) ... OK! 
BLCMDtubs::Construct plus parent= relZ=6000.0 globZ=6000.0
	zmin=5995.0 zmax=6005.0 kill=1
BLCMDgenericbend::Construct solbend_4.1 parent= relZ=8050.0 globZ=8050.0
	zmin=8000.0 zmax=8100.0
BLCMDgenericbend::Construct solbend_4.2 parent= relZ=8950.0 globZ=8950.0
	zmin=8900.0 zmax=9000.0
BLCMDgenericbend::Construct solbend_4.3 parent= relZ=9050.0 globZ=9050.0
	zmin=9000.0 zmax=9100.0
BLCMDgenericbend::Construct solbend_4.4 parent= relZ=9950.0 globZ=9950.0
	zmin=9900.0 zmax=10000.0
BLMappedMagnet::Construct field_map_4 parent= relZ=10000.0
Checking overlaps for volume minus:0 (G4Tubs) ... OK! 
BLCMDtubs::Construct minus parent= relZ=8000.0 globZ=8000.0
	zmin=7995.0 zmax=8005.0 kill=1
Checking overlaps for volume plus:0 (G4Tubs) ... OK! 
BLCMDtubs::Construct plus parent= relZ=8000.0 globZ=8000.0
	zmin=7995.0 zmax=8005.0 kill=1
BLCMDgenericbend::Construct solbend_5.1 parent= relZ=10050.0 globZ=10050.0
	zmin=10000.0 zmax=10100.0
BLCMDgenericbend::Construct solbend_5.2 parent= relZ=10950.0 globZ=10950.0
	zmin=10900.0 zmax=11000.0
BLCMDgenericbend::Construct solbend_5.3 parent= relZ=11050.0 globZ=11050.0
	zmin=11000.0 zmax=11100.0
BLCMDgenericbend::Construct solbend_5.4 parent= relZ=11950.0 globZ=11950.0
	zmin=11900.0 zmax=12000.0
BLMappedMagnet::Construct field_map_5 parent= relZ=12000.0
Checking overlaps for volume minus:0 (G4Tubs) ... OK! 
BLCMDtubs::Construct minus parent= relZ=10000.0 globZ=10000.0
	zmin=9995.0 zmax=10005.0 kill=1
Checking overlaps for volume plus:0 (G4Tubs) ... OK! 
BLCMDtubs::Construct plus parent= relZ=10000.0 globZ=10000.0
	zmin=9995.0 zmax=10005.0 kill=1
BLCMDgenericbend::Construct solbend_6.1 parent= relZ=12050.0 globZ=12050.0
	zmin=12000.0 zmax=12100.0
BLCMDgenericbend::Construct solbend_6.2 parent= relZ=12950.0 globZ=12950.0
	zmin=12900.0 zmax=13000.0
BLCMDgenericbend::Construct solbend_6.3 parent= relZ=13050.0 globZ=13050.0
	zmin=13000.0 zmax=13100.0
BLCMDgenericbend::Construct solbend_6.4 parent= relZ=13950.0 globZ=13950.0
	zmin=13900.0 zmax=14000.0
BLMappedMagnet::Construct field_map_6 parent= relZ=14000.0
Checking overlaps for volume minus:0 (G4Tubs) ... OK! 
BLCMDtubs::Construct minus parent= relZ=12000.0 globZ=12000.0
	zmin=11995.0 zmax=12005.0 kill=1
Checking overlaps for volume plus:0 (G4Tubs) ... OK! 
BLCMDtubs::Construct plus parent= relZ=12000.0 globZ=12000.0
	zmin=11995.0 zmax=12005.0 kill=1
BLCMDgenericbend::Construct solbend_7.1 parent= relZ=14050.0 globZ=14050.0
	zmin=14000.0 zmax=14100.0
BLCMDgenericbend::Construct solbend_7.2 parent= relZ=14950.0 globZ=14950.0
	zmin=14900.0 zmax=15000.0
BLCMDgenericbend::Construct solbend_7.3 parent= relZ=15050.0 globZ=15050.0
	zmin=15000.0 zmax=15100.0
BLCMDgenericbend::Construct solbend_7.4 parent= relZ=15950.0 globZ=15950.0
	zmin=15900.0 zmax=16000.0
BLMappedMagnet::Construct field_map_7 parent= relZ=16000.0
Checking overlaps for volume minus:0 (G4Tubs) ... OK! 
BLCMDtubs::Construct minus parent= relZ=14000.0 globZ=14000.0
	zmin=13995.0 zmax=14005.0 kill=1
Checking overlaps for volume plus:0 (G4Tubs) ... OK! 
BLCMDtubs::Construct plus parent= relZ=14000.0 globZ=14000.0
	zmin=13995.0 zmax=14005.0 kill=1
BLCMDgenericbend::Construct solbend_8.1 parent= relZ=16050.0 globZ=16050.0
	zmin=16000.0 zmax=16100.0
BLCMDgenericbend::Construct solbend_8.2 parent= relZ=16950.0 globZ=16950.0
	zmin=16900.0 zmax=17000.0
BLCMDgenericbend::Construct solbend_8.3 parent= relZ=17050.0 globZ=17050.0
	zmin=17000.0 zmax=17100.0
BLCMDgenericbend::Construct solbend_8.4 parent= relZ=17950.0 globZ=17950.0
	zmin=17900.0 zmax=18000.0
BLMappedMagnet::Construct field_map_8 parent= relZ=18000.0
Checking overlaps for volume minus:0 (G4Tubs) ... OK! 
BLCMDtubs::Construct minus parent= relZ=16000.0 globZ=16000.0
	zmin=15995.0 zmax=16005.0 kill=1
Checking overlaps for volume plus:0 (G4Tubs) ... OK! 
BLCMDtubs::Construct plus parent= relZ=16000.0 globZ=16000.0
	zmin=15995.0 zmax=16005.0 kill=1
BLCMDgenericbend::Construct solbend_9.1 parent= relZ=18050.0 globZ=18050.0
	zmin=18000.0 zmax=18100.0
BLCMDgenericbend::Construct solbend_9.2 parent= relZ=18950.0 globZ=18950.0
	zmin=18900.0 zmax=19000.0
BLCMDgenericbend::Construct solbend_9.3 parent= relZ=19050.0 globZ=19050.0
	zmin=19000.0 zmax=19100.0
BLCMDgenericbend::Construct solbend_9.4 parent= relZ=19950.0 globZ=19950.0
	zmin=19900.0 zmax=20000.0
BLMappedMagnet::Construct field_map_9 parent= relZ=20000.0
Checking overlaps for volume minus:0 (G4Tubs) ... OK! 
BLCMDtubs::Construct minus parent= relZ=18000.0 globZ=18000.0
	zmin=17995.0 zmax=18005.0 kill=1
Checking overlaps for volume plus:0 (G4Tubs) ... OK! 
BLCMDtubs::Construct plus parent= relZ=18000.0 globZ=18000.0
	zmin=17995.0 zmax=18005.0 kill=1
BLCMDgenericbend::Construct solbend_10.1 parent= relZ=20050.0 globZ=20050.0
	zmin=20000.0 zmax=20100.0
BLCMDgenericbend::Construct solbend_10.2 parent= relZ=20950.0 globZ=20950.0
	zmin=20900.0 zmax=21000.0
BLCMDgenericbend::Construct solbend_10.3 parent= relZ=21050.0 globZ=21050.0
	zmin=21000.0 zmax=21100.0
BLCMDgenericbend::Construct solbend_10.4 parent= relZ=21950.0 globZ=21950.0
	zmin=21900.0 zmax=22000.0
BLMappedMagnet::Construct field_map_10 parent= relZ=22000.0
Checking overlaps for volume minus:0 (G4Tubs) ... OK! 
BLCMDtubs::Construct minus parent= relZ=20000.0 globZ=20000.0
	zmin=19995.0 zmax=20005.0 kill=1
Checking overlaps for volume plus:0 (G4Tubs) ... OK! 
BLCMDtubs::Construct plus parent= relZ=20000.0 globZ=20000.0
	zmin=19995.0 zmax=20005.0 kill=1
BLCMDgenericbend::Construct solbend_11.1 parent= relZ=22050.0 globZ=22050.0
	zmin=22000.0 zmax=22100.0
BLCMDgenericbend::Construct solbend_11.2 parent= relZ=22950.0 globZ=22950.0
	zmin=22900.0 zmax=23000.0
BLCMDgenericbend::Construct solbend_11.3 parent= relZ=23050.0 globZ=23050.0
	zmin=23000.0 zmax=23100.0
BLCMDgenericbend::Construct solbend_11.4 parent= relZ=23950.0 globZ=23950.0
	zmin=23900.0 zmax=24000.0
BLMappedMagnet::Construct field_map_11 parent= relZ=24000.0
Checking overlaps for volume minus:0 (G4Tubs) ... OK! 
BLCMDtubs::Construct minus parent= relZ=22000.0 globZ=22000.0
	zmin=21995.0 zmax=22005.0 kill=1
Checking overlaps for volume plus:0 (G4Tubs) ... OK! 
BLCMDtubs::Construct plus parent= relZ=22000.0 globZ=22000.0
	zmin=21995.0 zmax=22005.0 kill=1
BLCMDgenericbend::Construct solbend_12.1 parent= relZ=24050.0 globZ=24050.0
	zmin=24000.0 zmax=24100.0
BLCMDgenericbend::Construct solbend_12.2 parent= relZ=24950.0 globZ=24950.0
	zmin=24900.0 zmax=25000.0
BLCMDgenericbend::Construct solbend_12.3 parent= relZ=25050.0 globZ=25050.0
	zmin=25000.0 zmax=25100.0
BLCMDgenericbend::Construct solbend_12.4 parent= relZ=25950.0 globZ=25950.0
	zmin=25900.0 zmax=26000.0
BLMappedMagnet::Construct field_map_12 parent= relZ=26000.0
Checking overlaps for volume minus:0 (G4Tubs) ... OK! 
BLCMDtubs::Construct minus parent= relZ=24000.0 globZ=24000.0
	zmin=23995.0 zmax=24005.0 kill=1
Checking overlaps for volume plus:0 (G4Tubs) ... OK! 
BLCMDtubs::Construct plus parent= relZ=24000.0 globZ=24000.0
	zmin=23995.0 zmax=24005.0 kill=1
BLCMDgenericbend::Construct solbend_13.1 parent= relZ=26050.0 globZ=26050.0
	zmin=26000.0 zmax=26100.0
BLCMDgenericbend::Construct solbend_13.2 parent= relZ=26950.0 globZ=26950.0
	zmin=26900.0 zmax=27000.0
BLCMDgenericbend::Construct solbend_13.3 parent= relZ=27050.0 globZ=27050.0
	zmin=27000.0 zmax=27100.0
BLCMDgenericbend::Construct solbend_13.4 parent= relZ=27950.0 globZ=27950.0
	zmin=27900.0 zmax=28000.0
BLMappedMagnet::Construct field_map_13 parent= relZ=28000.0
Checking overlaps for volume minus:0 (G4Tubs) ... OK! 
BLCMDtubs::Construct minus parent= relZ=26000.0 globZ=26000.0
	zmin=25995.0 zmax=26005.0 kill=1
Checking overlaps for volume plus:0 (G4Tubs) ... OK! 
BLCMDtubs::Construct plus parent= relZ=26000.0 globZ=26000.0
	zmin=25995.0 zmax=26005.0 kill=1
BLCMDgenericbend::Construct solbend_14.1 parent= relZ=28050.0 globZ=28050.0
	zmin=28000.0 zmax=28100.0
BLCMDgenericbend::Construct solbend_14.2 parent= relZ=28950.0 globZ=28950.0
	zmin=28900.0 zmax=29000.0
BLCMDgenericbend::Construct solbend_14.3 parent= relZ=29050.0 globZ=29050.0
	zmin=29000.0 zmax=29100.0
BLCMDgenericbend::Construct solbend_14.4 parent= relZ=29950.0 globZ=29950.0
	zmin=29900.0 zmax=30000.0
BLMappedMagnet::Construct field_map_14 parent= relZ=30000.0
Checking overlaps for volume minus:0 (G4Tubs) ... OK! 
BLCMDtubs::Construct minus parent= relZ=28000.0 globZ=28000.0
	zmin=27995.0 zmax=28005.0 kill=1
Checking overlaps for volume plus:0 (G4Tubs) ... OK! 
BLCMDtubs::Construct plus parent= relZ=28000.0 globZ=28000.0
	zmin=27995.0 zmax=28005.0 kill=1
BLCMDgenericbend::Construct solbend_15.1 parent= relZ=30050.0 globZ=30050.0
	zmin=30000.0 zmax=30100.0
BLCMDgenericbend::Construct solbend_15.2 parent= relZ=30950.0 globZ=30950.0
	zmin=30900.0 zmax=31000.0
BLCMDgenericbend::Construct solbend_15.3 parent= relZ=31050.0 globZ=31050.0
	zmin=31000.0 zmax=31100.0
BLCMDgenericbend::Construct solbend_15.4 parent= relZ=31950.0 globZ=31950.0
	zmin=31900.0 zmax=32000.0
BLMappedMagnet::Construct field_map_15 parent= relZ=32000.0
Checking overlaps for volume minus:0 (G4Tubs) ... OK! 
BLCMDtubs::Construct minus parent= relZ=30000.0 globZ=30000.0
	zmin=29995.0 zmax=30005.0 kill=1
Checking overlaps for volume plus:0 (G4Tubs) ... OK! 
BLCMDtubs::Construct plus parent= relZ=30000.0 globZ=30000.0
	zmin=29995.0 zmax=30005.0 kill=1
BLCMDgenericbend::Construct solbend_16.1 parent= relZ=32050.0 globZ=32050.0
	zmin=32000.0 zmax=32100.0
BLCMDgenericbend::Construct solbend_16.2 parent= relZ=32950.0 globZ=32950.0
	zmin=32900.0 zmax=33000.0
BLCMDgenericbend::Construct solbend_16.3 parent= relZ=33050.0 globZ=33050.0
	zmin=33000.0 zmax=33100.0
BLCMDgenericbend::Construct solbend_16.4 parent= relZ=33950.0 globZ=33950.0
	zmin=33900.0 zmax=34000.0
BLMappedMagnet::Construct field_map_16 parent= relZ=34000.0
Checking overlaps for volume minus:0 (G4Tubs) ... OK! 
BLCMDtubs::Construct minus parent= relZ=32000.0 globZ=32000.0
	zmin=31995.0 zmax=32005.0 kill=1
Checking overlaps for volume plus:0 (G4Tubs) ... OK! 
BLCMDtubs::Construct plus parent= relZ=32000.0 globZ=32000.0
	zmin=31995.0 zmax=32005.0 kill=1
BLCMDgenericbend::Construct solbend_17.1 parent= relZ=34050.0 globZ=34050.0
	zmin=34000.0 zmax=34100.0
BLCMDgenericbend::Construct solbend_17.2 parent= relZ=34950.0 globZ=34950.0
	zmin=34900.0 zmax=35000.0
BLCMDgenericbend::Construct solbend_17.3 parent= relZ=35050.0 globZ=35050.0
	zmin=35000.0 zmax=35100.0
BLCMDgenericbend::Construct solbend_17.4 parent= relZ=35950.0 globZ=35950.0
	zmin=35900.0 zmax=36000.0
BLMappedMagnet::Construct field_map_17 parent= relZ=36000.0
Checking overlaps for volume minus:0 (G4Tubs) ... OK! 
BLCMDtubs::Construct minus parent= relZ=34000.0 globZ=34000.0
	zmin=33995.0 zmax=34005.0 kill=1
Checking overlaps for volume plus:0 (G4Tubs) ... OK! 
BLCMDtubs::Construct plus parent= relZ=34000.0 globZ=34000.0
	zmin=33995.0 zmax=34005.0 kill=1
BLCMDgenericbend::Construct solbend_18.1 parent= relZ=36050.0 globZ=36050.0
	zmin=36000.0 zmax=36100.0
BLCMDgenericbend::Construct solbend_18.2 parent= relZ=36950.0 globZ=36950.0
	zmin=36900.0 zmax=37000.0
BLCMDgenericbend::Construct solbend_18.3 parent= relZ=37050.0 globZ=37050.0
	zmin=37000.0 zmax=37100.0
BLCMDgenericbend::Construct solbend_18.4 parent= relZ=37950.0 globZ=37950.0
	zmin=37900.0 zmax=38000.0
BLMappedMagnet::Construct field_map_18 parent= relZ=38000.0
Checking overlaps for volume minus:0 (G4Tubs) ... OK! 
BLCMDtubs::Construct minus parent= relZ=36000.0 globZ=36000.0
	zmin=35995.0 zmax=36005.0 kill=1
Checking overlaps for volume plus:0 (G4Tubs) ... OK! 
BLCMDtubs::Construct plus parent= relZ=36000.0 globZ=36000.0
	zmin=35995.0 zmax=36005.0 kill=1
BLCMDgenericbend::Construct solbend_19.1 parent= relZ=38050.0 globZ=38050.0
	zmin=38000.0 zmax=38100.0
BLCMDgenericbend::Construct solbend_19.2 parent= relZ=38950.0 globZ=38950.0
	zmin=38900.0 zmax=39000.0
BLCMDgenericbend::Construct solbend_19.3 parent= relZ=39050.0 globZ=39050.0
	zmin=39000.0 zmax=39100.0
BLCMDgenericbend::Construct solbend_19.4 parent= relZ=39950.0 globZ=39950.0
	zmin=39900.0 zmax=40000.0
BLMappedMagnet::Construct field_map_19 parent= relZ=40000.0
Checking overlaps for volume minus:0 (G4Tubs) ... OK! 
BLCMDtubs::Construct minus parent= relZ=38000.0 globZ=38000.0
	zmin=37995.0 zmax=38005.0 kill=1
Checking overlaps for volume plus:0 (G4Tubs) ... OK! 
BLCMDtubs::Construct plus parent= relZ=38000.0 globZ=38000.0
	zmin=37995.0 zmax=38005.0 kill=1
BLCMDgenericbend::Construct solbend_20.1 parent= relZ=40050.0 globZ=40050.0
	zmin=40000.0 zmax=40100.0
BLCMDgenericbend::Construct solbend_20.2 parent= relZ=40950.0 globZ=40950.0
	zmin=40900.0 zmax=41000.0
BLCMDgenericbend::Construct solbend_20.3 parent= relZ=41050.0 globZ=41050.0
	zmin=41000.0 zmax=41100.0
BLCMDgenericbend::Construct solbend_20.4 parent= relZ=41950.0 globZ=41950.0
	zmin=41900.0 zmax=42000.0
BLMappedMagnet::Construct field_map_20 parent= relZ=42000.0
Checking overlaps for volume minus:0 (G4Tubs) ... OK! 
BLCMDtubs::Construct minus parent= relZ=40000.0 globZ=40000.0
	zmin=39995.0 zmax=40005.0 kill=1
Checking overlaps for volume plus:0 (G4Tubs) ... OK! 
BLCMDtubs::Construct plus parent= relZ=40000.0 globZ=40000.0
	zmin=39995.0 zmax=40005.0 kill=1
BLCMDgenericbend::Construct solbend_21.1 parent= relZ=42050.0 globZ=42050.0
	zmin=42000.0 zmax=42100.0
BLCMDgenericbend::Construct solbend_21.2 parent= relZ=42950.0 globZ=42950.0
	zmin=42900.0 zmax=43000.0
BLCMDgenericbend::Construct solbend_21.3 parent= relZ=43050.0 globZ=43050.0
	zmin=43000.0 zmax=43100.0
BLCMDgenericbend::Construct solbend_21.4 parent= relZ=43950.0 globZ=43950.0
	zmin=43900.0 zmax=44000.0
BLMappedMagnet::Construct field_map_21 parent= relZ=44000.0
Checking overlaps for volume minus:0 (G4Tubs) ... OK! 
BLCMDtubs::Construct minus parent= relZ=42000.0 globZ=42000.0
	zmin=41995.0 zmax=42005.0 kill=1
Checking overlaps for volume plus:0 (G4Tubs) ... OK! 
BLCMDtubs::Construct plus parent= relZ=42000.0 globZ=42000.0
	zmin=41995.0 zmax=42005.0 kill=1
BLCMDgenericbend::Construct solbend_22.1 parent= relZ=44050.0 globZ=44050.0
	zmin=44000.0 zmax=44100.0
BLCMDgenericbend::Construct solbend_22.2 parent= relZ=44950.0 globZ=44950.0
	zmin=44900.0 zmax=45000.0
BLCMDgenericbend::Construct solbend_22.3 parent= relZ=45050.0 globZ=45050.0
	zmin=45000.0 zmax=45100.0
BLCMDgenericbend::Construct solbend_22.4 parent= relZ=45950.0 globZ=45950.0
	zmin=45900.0 zmax=46000.0
BLMappedMagnet::Construct field_map_22 parent= relZ=46000.0
Checking overlaps for volume minus:0 (G4Tubs) ... OK! 
BLCMDtubs::Construct minus parent= relZ=44000.0 globZ=44000.0
	zmin=43995.0 zmax=44005.0 kill=1
Checking overlaps for volume plus:0 (G4Tubs) ... OK! 
BLCMDtubs::Construct plus parent= relZ=44000.0 globZ=44000.0
	zmin=43995.0 zmax=44005.0 kill=1
BLCMDgenericbend::Construct solbend_23.1 parent= relZ=46050.0 globZ=46050.0
	zmin=46000.0 zmax=46100.0
BLCMDgenericbend::Construct solbend_23.2 parent= relZ=46950.0 globZ=46950.0
	zmin=46900.0 zmax=47000.0
BLCMDgenericbend::Construct solbend_23.3 parent= relZ=47050.0 globZ=47050.0
	zmin=47000.0 zmax=47100.0
BLCMDgenericbend::Construct solbend_23.4 parent= relZ=47950.0 globZ=47950.0
	zmin=47900.0 zmax=48000.0
BLMappedMagnet::Construct field_map_23 parent= relZ=48000.0
Checking overlaps for volume minus:0 (G4Tubs) ... OK! 
BLCMDtubs::Construct minus parent= relZ=46000.0 globZ=46000.0
	zmin=45995.0 zmax=46005.0 kill=1
Checking overlaps for volume plus:0 (G4Tubs) ... OK! 
BLCMDtubs::Construct plus parent= relZ=46000.0 globZ=46000.0
	zmin=45995.0 zmax=46005.0 kill=1
BLCMDgenericbend::Construct solbend_24.1 parent= relZ=48050.0 globZ=48050.0
	zmin=48000.0 zmax=48100.0
BLCMDgenericbend::Construct solbend_24.2 parent= relZ=48950.0 globZ=48950.0
	zmin=48900.0 zmax=49000.0
BLCMDgenericbend::Construct solbend_24.3 parent= relZ=49050.0 globZ=49050.0
	zmin=49000.0 zmax=49100.0
BLCMDgenericbend::Construct solbend_24.4 parent= relZ=49950.0 globZ=49950.0
	zmin=49900.0 zmax=50000.0
BLMappedMagnet::Construct field_map_24 parent= relZ=50000.0
Checking overlaps for volume minus:0 (G4Tubs) ... OK! 
BLCMDtubs::Construct minus parent= relZ=48000.0 globZ=48000.0
	zmin=47995.0 zmax=48005.0 kill=1
Checking overlaps for volume plus:0 (G4Tubs) ... OK! 
BLCMDtubs::Construct plus parent= relZ=48000.0 globZ=48000.0
	zmin=47995.0 zmax=48005.0 kill=1
BLCMDgenericbend::Construct solbend_25.1 parent= relZ=50050.0 globZ=50050.0
	zmin=50000.0 zmax=50100.0
BLCMDgenericbend::Construct solbend_25.2 parent= relZ=50950.0 globZ=50950.0
	zmin=50900.0 zmax=51000.0
BLCMDgenericbend::Construct solbend_25.3 parent= relZ=51050.0 globZ=51050.0
	zmin=51000.0 zmax=51100.0
BLCMDgenericbend::Construct solbend_25.4 parent= relZ=51950.0 globZ=51950.0
	zmin=51900.0 zmax=52000.0
BLMappedMagnet::Construct field_map_25 parent= relZ=52000.0
Checking overlaps for volume minus:0 (G4Tubs) ... OK! 
BLCMDtubs::Construct minus parent= relZ=50000.0 globZ=50000.0
	zmin=49995.0 zmax=50005.0 kill=1
Checking overlaps for volume plus:0 (G4Tubs) ... OK! 
BLCMDtubs::Construct plus parent= relZ=50000.0 globZ=50000.0
	zmin=49995.0 zmax=50005.0 kill=1
BLCMDgenericbend::Construct solbend_26.1 parent= relZ=52050.0 globZ=52050.0
	zmin=52000.0 zmax=52100.0
BLCMDgenericbend::Construct solbend_26.2 parent= relZ=52950.0 globZ=52950.0
	zmin=52900.0 zmax=53000.0
BLCMDgenericbend::Construct solbend_26.3 parent= relZ=53050.0 globZ=53050.0
	zmin=53000.0 zmax=53100.0
BLCMDgenericbend::Construct solbend_26.4 parent= relZ=53950.0 globZ=53950.0
	zmin=53900.0 zmax=54000.0
BLMappedMagnet::Construct field_map_26 parent= relZ=54000.0
Checking overlaps for volume minus:0 (G4Tubs) ... OK! 
BLCMDtubs::Construct minus parent= relZ=52000.0 globZ=52000.0
	zmin=51995.0 zmax=52005.0 kill=1
Checking overlaps for volume plus:0 (G4Tubs) ... OK! 
BLCMDtubs::Construct plus parent= relZ=52000.0 globZ=52000.0
	zmin=51995.0 zmax=52005.0 kill=1
BLCMDgenericbend::Construct solbend_27.1 parent= relZ=54050.0 globZ=54050.0
	zmin=54000.0 zmax=54100.0
BLCMDgenericbend::Construct solbend_27.2 parent= relZ=54950.0 globZ=54950.0
	zmin=54900.0 zmax=55000.0
BLCMDgenericbend::Construct solbend_27.3 parent= relZ=55050.0 globZ=55050.0
	zmin=55000.0 zmax=55100.0
BLCMDgenericbend::Construct solbend_27.4 parent= relZ=55950.0 globZ=55950.0
	zmin=55900.0 zmax=56000.0
BLMappedMagnet::Construct field_map_27 parent= relZ=56000.0
Checking overlaps for volume minus:0 (G4Tubs) ... OK! 
BLCMDtubs::Construct minus parent= relZ=54000.0 globZ=54000.0
	zmin=53995.0 zmax=54005.0 kill=1
Checking overlaps for volume plus:0 (G4Tubs) ... OK! 
BLCMDtubs::Construct plus parent= relZ=54000.0 globZ=54000.0
	zmin=53995.0 zmax=54005.0 kill=1
BLCMDgenericbend::Construct solbend_28.1 parent= relZ=56050.0 globZ=56050.0
	zmin=56000.0 zmax=56100.0
BLCMDgenericbend::Construct solbend_28.2 parent= relZ=56950.0 globZ=56950.0
	zmin=56900.0 zmax=57000.0
BLCMDgenericbend::Construct solbend_28.3 parent= relZ=57050.0 globZ=57050.0
	zmin=57000.0 zmax=57100.0
BLCMDgenericbend::Construct solbend_28.4 parent= relZ=57950.0 globZ=57950.0
	zmin=57900.0 zmax=58000.0
BLMappedMagnet::Construct field_map_28 parent= relZ=58000.0
Checking overlaps for volume minus:0 (G4Tubs) ... OK! 
BLCMDtubs::Construct minus parent= relZ=56000.0 globZ=56000.0
	zmin=55995.0 zmax=56005.0 kill=1
Checking overlaps for volume plus:0 (G4Tubs) ... OK! 
BLCMDtubs::Construct plus parent= relZ=56000.0 globZ=56000.0
	zmin=55995.0 zmax=56005.0 kill=1
BLCMDgenericbend::Construct solbend_29.1 parent= relZ=58050.0 globZ=58050.0
	zmin=58000.0 zmax=58100.0
BLCMDgenericbend::Construct solbend_29.2 parent= relZ=58950.0 globZ=58950.0
	zmin=58900.0 zmax=59000.0
BLCMDgenericbend::Construct solbend_29.3 parent= relZ=59050.0 globZ=59050.0
	zmin=59000.0 zmax=59100.0
BLCMDgenericbend::Construct solbend_29.4 parent= relZ=59950.0 globZ=59950.0
	zmin=59900.0 zmax=60000.0
BLMappedMagnet::Construct field_map_29 parent= relZ=60000.0
Checking overlaps for volume minus:0 (G4Tubs) ... OK! 
BLCMDtubs::Construct minus parent= relZ=58000.0 globZ=58000.0
	zmin=57995.0 zmax=58005.0 kill=1
Checking overlaps for volume plus:0 (G4Tubs) ... OK! 
BLCMDtubs::Construct plus parent= relZ=58000.0 globZ=58000.0
	zmin=57995.0 zmax=58005.0 kill=1
BLCMDgenericbend::Construct solbend_30.1 parent= relZ=60050.0 globZ=60050.0
	zmin=60000.0 zmax=60100.0
BLCMDgenericbend::Construct solbend_30.2 parent= relZ=60950.0 globZ=60950.0
	zmin=60900.0 zmax=61000.0
BLCMDgenericbend::Construct solbend_30.3 parent= relZ=61050.0 globZ=61050.0
	zmin=61000.0 zmax=61100.0
BLCMDgenericbend::Construct solbend_30.4 parent= relZ=61950.0 globZ=61950.0
	zmin=61900.0 zmax=62000.0
BLMappedMagnet::Construct field_map_30 parent= relZ=62000.0
Checking overlaps for volume minus:0 (G4Tubs) ... OK! 
BLCMDtubs::Construct minus parent= relZ=60000.0 globZ=60000.0
	zmin=59995.0 zmax=60005.0 kill=1
Checking overlaps for volume plus:0 (G4Tubs) ... OK! 
BLCMDtubs::Construct plus parent= relZ=60000.0 globZ=60000.0
	zmin=59995.0 zmax=60005.0 kill=1
BLCMDgenericbend::Construct solbend_31.1 parent= relZ=62050.0 globZ=62050.0
	zmin=62000.0 zmax=62100.0
BLCMDgenericbend::Construct solbend_31.2 parent= relZ=62950.0 globZ=62950.0
	zmin=62900.0 zmax=63000.0
BLCMDgenericbend::Construct solbend_31.3 parent= relZ=63050.0 globZ=63050.0
	zmin=63000.0 zmax=63100.0
BLCMDgenericbend::Construct solbend_31.4 parent= relZ=63950.0 globZ=63950.0
	zmin=63900.0 zmax=64000.0
BLMappedMagnet::Construct field_map_31 parent= relZ=64000.0
Checking overlaps for volume minus:0 (G4Tubs) ... OK! 
BLCMDtubs::Construct minus parent= relZ=62000.0 globZ=62000.0
	zmin=61995.0 zmax=62005.0 kill=1
Checking overlaps for volume plus:0 (G4Tubs) ... OK! 
BLCMDtubs::Construct plus parent= relZ=62000.0 globZ=62000.0
	zmin=61995.0 zmax=62005.0 kill=1
BLCMDgenericbend::Construct solbend_32.1 parent= relZ=64050.0 globZ=64050.0
	zmin=64000.0 zmax=64100.0
BLCMDgenericbend::Construct solbend_32.2 parent= relZ=64950.0 globZ=64950.0
	zmin=64900.0 zmax=65000.0
BLCMDgenericbend::Construct solbend_32.3 parent= relZ=65050.0 globZ=65050.0
	zmin=65000.0 zmax=65100.0
BLCMDgenericbend::Construct solbend_32.4 parent= relZ=65950.0 globZ=65950.0
	zmin=65900.0 zmax=66000.0
BLMappedMagnet::Construct field_map_32 parent= relZ=66000.0
Checking overlaps for volume minus:0 (G4Tubs) ... OK! 
BLCMDtubs::Construct minus parent= relZ=64000.0 globZ=64000.0
	zmin=63995.0 zmax=64005.0 kill=1
Checking overlaps for volume plus:0 (G4Tubs) ... OK! 
BLCMDtubs::Construct plus parent= relZ=64000.0 globZ=64000.0
	zmin=63995.0 zmax=64005.0 kill=1
BLCMDgenericbend::Construct solbend_33.1 parent= relZ=66050.0 globZ=66050.0
	zmin=66000.0 zmax=66100.0
BLCMDgenericbend::Construct solbend_33.2 parent= relZ=66950.0 globZ=66950.0
	zmin=66900.0 zmax=67000.0
BLCMDgenericbend::Construct solbend_33.3 parent= relZ=67050.0 globZ=67050.0
	zmin=67000.0 zmax=67100.0
BLCMDgenericbend::Construct solbend_33.4 parent= relZ=67950.0 globZ=67950.0
	zmin=67900.0 zmax=68000.0
BLMappedMagnet::Construct field_map_33 parent= relZ=68000.0
Checking overlaps for volume minus:0 (G4Tubs) ... OK! 
BLCMDtubs::Construct minus parent= relZ=66000.0 globZ=66000.0
	zmin=65995.0 zmax=66005.0 kill=1
Checking overlaps for volume plus:0 (G4Tubs) ... OK! 
BLCMDtubs::Construct plus parent= relZ=66000.0 globZ=66000.0
	zmin=65995.0 zmax=66005.0 kill=1
BLCMDgenericbend::Construct solbend_34.1 parent= relZ=68050.0 globZ=68050.0
	zmin=68000.0 zmax=68100.0
BLCMDgenericbend::Construct solbend_34.2 parent= relZ=68950.0 globZ=68950.0
	zmin=68900.0 zmax=69000.0
BLCMDgenericbend::Construct solbend_34.3 parent= relZ=69050.0 globZ=69050.0
	zmin=69000.0 zmax=69100.0
BLCMDgenericbend::Construct solbend_34.4 parent= relZ=69950.0 globZ=69950.0
	zmin=69900.0 zmax=70000.0
BLMappedMagnet::Construct field_map_34 parent= relZ=70000.0
Checking overlaps for volume minus:0 (G4Tubs) ... OK! 
BLCMDtubs::Construct minus parent= relZ=68000.0 globZ=68000.0
	zmin=67995.0 zmax=68005.0 kill=1
Checking overlaps for volume plus:0 (G4Tubs) ... OK! 
BLCMDtubs::Construct plus parent= relZ=68000.0 globZ=68000.0
	zmin=67995.0 zmax=68005.0 kill=1
BLCMDgenericbend::Construct solbend_35.1 parent= relZ=70050.0 globZ=70050.0
	zmin=70000.0 zmax=70100.0
BLCMDgenericbend::Construct solbend_35.2 parent= relZ=70950.0 globZ=70950.0
	zmin=70900.0 zmax=71000.0
BLCMDgenericbend::Construct solbend_35.3 parent= relZ=71050.0 globZ=71050.0
	zmin=71000.0 zmax=71100.0
BLCMDgenericbend::Construct solbend_35.4 parent= relZ=71950.0 globZ=71950.0
	zmin=71900.0 zmax=72000.0
BLMappedMagnet::Construct field_map_35 parent= relZ=72000.0
Checking overlaps for volume minus:0 (G4Tubs) ... OK! 
BLCMDtubs::Construct minus parent= relZ=70000.0 globZ=70000.0
	zmin=69995.0 zmax=70005.0 kill=1
Checking overlaps for volume plus:0 (G4Tubs) ... OK! 
BLCMDtubs::Construct plus parent= relZ=70000.0 globZ=70000.0
	zmin=69995.0 zmax=70005.0 kill=1
BLCMDgenericbend::Construct solbend_36.1 parent= relZ=72050.0 globZ=72050.0
	zmin=72000.0 zmax=72100.0
BLCMDgenericbend::Construct solbend_36.2 parent= relZ=72950.0 globZ=72950.0
	zmin=72900.0 zmax=73000.0
BLCMDgenericbend::Construct solbend_36.3 parent= relZ=73050.0 globZ=73050.0
	zmin=73000.0 zmax=73100.0
BLCMDgenericbend::Construct solbend_36.4 parent= relZ=73950.0 globZ=73950.0
	zmin=73900.0 zmax=74000.0
BLMappedMagnet::Construct field_map_36 parent= relZ=74000.0
Checking overlaps for volume minus:0 (G4Tubs) ... OK! 
BLCMDtubs::Construct minus parent= relZ=72000.0 globZ=72000.0
	zmin=71995.0 zmax=72005.0 kill=1
Checking overlaps for volume plus:0 (G4Tubs) ... OK! 
BLCMDtubs::Construct plus parent= relZ=72000.0 globZ=72000.0
	zmin=71995.0 zmax=72005.0 kill=1
BLCMDgenericbend::Construct solbend_37.1 parent= relZ=74050.0 globZ=74050.0
	zmin=74000.0 zmax=74100.0
BLCMDgenericbend::Construct solbend_37.2 parent= relZ=74950.0 globZ=74950.0
	zmin=74900.0 zmax=75000.0
BLCMDgenericbend::Construct solbend_37.3 parent= relZ=75050.0 globZ=75050.0
	zmin=75000.0 zmax=75100.0
BLCMDgenericbend::Construct solbend_37.4 parent= relZ=75950.0 globZ=75950.0
	zmin=75900.0 zmax=76000.0
BLMappedMagnet::Construct field_map_37 parent= relZ=76000.0
Checking overlaps for volume minus:0 (G4Tubs) ... OK! 
BLCMDtubs::Construct minus parent= relZ=74000.0 globZ=74000.0
	zmin=73995.0 zmax=74005.0 kill=1
Checking overlaps for volume plus:0 (G4Tubs) ... OK! 
BLCMDtubs::Construct plus parent= relZ=74000.0 globZ=74000.0
	zmin=73995.0 zmax=74005.0 kill=1
BLCMDgenericbend::Construct solbend_38.1 parent= relZ=76050.0 globZ=76050.0
	zmin=76000.0 zmax=76100.0
BLCMDgenericbend::Construct solbend_38.2 parent= relZ=76950.0 globZ=76950.0
	zmin=76900.0 zmax=77000.0
BLCMDgenericbend::Construct solbend_38.3 parent= relZ=77050.0 globZ=77050.0
	zmin=77000.0 zmax=77100.0
BLCMDgenericbend::Construct solbend_38.4 parent= relZ=77950.0 globZ=77950.0
	zmin=77900.0 zmax=78000.0
BLMappedMagnet::Construct field_map_38 parent= relZ=78000.0
Checking overlaps for volume minus:0 (G4Tubs) ... OK! 
BLCMDtubs::Construct minus parent= relZ=76000.0 globZ=76000.0
	zmin=75995.0 zmax=76005.0 kill=1
Checking overlaps for volume plus:0 (G4Tubs) ... OK! 
BLCMDtubs::Construct plus parent= relZ=76000.0 globZ=76000.0
	zmin=75995.0 zmax=76005.0 kill=1
BLCMDgenericbend::Construct solbend_39.1 parent= relZ=78050.0 globZ=78050.0
	zmin=78000.0 zmax=78100.0
BLCMDgenericbend::Construct solbend_39.2 parent= relZ=78950.0 globZ=78950.0
	zmin=78900.0 zmax=79000.0
BLCMDgenericbend::Construct solbend_39.3 parent= relZ=79050.0 globZ=79050.0
	zmin=79000.0 zmax=79100.0
BLCMDgenericbend::Construct solbend_39.4 parent= relZ=79950.0 globZ=79950.0
	zmin=79900.0 zmax=80000.0
BLMappedMagnet::Construct field_map_39 parent= relZ=80000.0
Checking overlaps for volume minus:0 (G4Tubs) ... OK! 
BLCMDtubs::Construct minus parent= relZ=78000.0 globZ=78000.0
	zmin=77995.0 zmax=78005.0 kill=1
Checking overlaps for volume plus:0 (G4Tubs) ... OK! 
BLCMDtubs::Construct plus parent= relZ=78000.0 globZ=78000.0
	zmin=77995.0 zmax=78005.0 kill=1
BLCMDgenericbend::Construct solbend_40.1 parent= relZ=80050.0 globZ=80050.0
	zmin=80000.0 zmax=80100.0
BLCMDgenericbend::Construct solbend_40.2 parent= relZ=80950.0 globZ=80950.0
	zmin=80900.0 zmax=81000.0
BLCMDgenericbend::Construct solbend_40.3 parent= relZ=81050.0 globZ=81050.0
	zmin=81000.0 zmax=81100.0
BLCMDgenericbend::Construct solbend_40.4 parent= relZ=81950.0 globZ=81950.0
	zmin=81900.0 zmax=82000.0
BLMappedMagnet::Construct field_map_40 parent= relZ=82000.0
Checking overlaps for volume minus:0 (G4Tubs) ... OK! 
BLCMDtubs::Construct minus parent= relZ=80000.0 globZ=80000.0
	zmin=79995.0 zmax=80005.0 kill=1
Checking overlaps for volume plus:0 (G4Tubs) ... OK! 
BLCMDtubs::Construct plus parent= relZ=80000.0 globZ=80000.0
	zmin=79995.0 zmax=80005.0 kill=1
BLCMDgenericbend::Construct solbend_41.1 parent= relZ=82050.0 globZ=82050.0
	zmin=82000.0 zmax=82100.0
BLCMDgenericbend::Construct solbend_41.2 parent= relZ=82950.0 globZ=82950.0
	zmin=82900.0 zmax=83000.0
BLCMDgenericbend::Construct solbend_41.3 parent= relZ=83050.0 globZ=83050.0
	zmin=83000.0 zmax=83100.0
BLCMDgenericbend::Construct solbend_41.4 parent= relZ=83950.0 globZ=83950.0
	zmin=83900.0 zmax=84000.0
BLMappedMagnet::Construct field_map_41 parent= relZ=84000.0
Checking overlaps for volume minus:0 (G4Tubs) ... OK! 
BLCMDtubs::Construct minus parent= relZ=82000.0 globZ=82000.0
	zmin=81995.0 zmax=82005.0 kill=1
Checking overlaps for volume plus:0 (G4Tubs) ... OK! 
BLCMDtubs::Construct plus parent= relZ=82000.0 globZ=82000.0
	zmin=81995.0 zmax=82005.0 kill=1
BLCMDgenericbend::Construct solbend_42.1 parent= relZ=84050.0 globZ=84050.0
	zmin=84000.0 zmax=84100.0
BLCMDgenericbend::Construct solbend_42.2 parent= relZ=84950.0 globZ=84950.0
	zmin=84900.0 zmax=85000.0
BLCMDgenericbend::Construct solbend_42.3 parent= relZ=85050.0 globZ=85050.0
	zmin=85000.0 zmax=85100.0
BLCMDgenericbend::Construct solbend_42.4 parent= relZ=85950.0 globZ=85950.0
	zmin=85900.0 zmax=86000.0
BLMappedMagnet::Construct field_map_42 parent= relZ=86000.0
Checking overlaps for volume minus:0 (G4Tubs) ... OK! 
BLCMDtubs::Construct minus parent= relZ=84000.0 globZ=84000.0
	zmin=83995.0 zmax=84005.0 kill=1
Checking overlaps for volume plus:0 (G4Tubs) ... OK! 
BLCMDtubs::Construct plus parent= relZ=84000.0 globZ=84000.0
	zmin=83995.0 zmax=84005.0 kill=1
BLCMDgenericbend::Construct solbend_43.1 parent= relZ=86050.0 globZ=86050.0
	zmin=86000.0 zmax=86100.0
BLCMDgenericbend::Construct solbend_43.2 parent= relZ=86950.0 globZ=86950.0
	zmin=86900.0 zmax=87000.0
BLCMDgenericbend::Construct solbend_43.3 parent= relZ=87050.0 globZ=87050.0
	zmin=87000.0 zmax=87100.0
BLCMDgenericbend::Construct solbend_43.4 parent= relZ=87950.0 globZ=87950.0
	zmin=87900.0 zmax=88000.0
BLMappedMagnet::Construct field_map_43 parent= relZ=88000.0
Checking overlaps for volume minus:0 (G4Tubs) ... OK! 
BLCMDtubs::Construct minus parent= relZ=86000.0 globZ=86000.0
	zmin=85995.0 zmax=86005.0 kill=1
Checking overlaps for volume plus:0 (G4Tubs) ... OK! 
BLCMDtubs::Construct plus parent= relZ=86000.0 globZ=86000.0
	zmin=85995.0 zmax=86005.0 kill=1
BLCMDgenericbend::Construct solbend_44.1 parent= relZ=88050.0 globZ=88050.0
	zmin=88000.0 zmax=88100.0
BLCMDgenericbend::Construct solbend_44.2 parent= relZ=88950.0 globZ=88950.0
	zmin=88900.0 zmax=89000.0
BLCMDgenericbend::Construct solbend_44.3 parent= relZ=89050.0 globZ=89050.0
	zmin=89000.0 zmax=89100.0
BLCMDgenericbend::Construct solbend_44.4 parent= relZ=89950.0 globZ=89950.0
	zmin=89900.0 zmax=90000.0
BLMappedMagnet::Construct field_map_44 parent= relZ=90000.0
Checking overlaps for volume minus:0 (G4Tubs) ... OK! 
BLCMDtubs::Construct minus parent= relZ=88000.0 globZ=88000.0
	zmin=87995.0 zmax=88005.0 kill=1
Checking overlaps for volume plus:0 (G4Tubs) ... OK! 
BLCMDtubs::Construct plus parent= relZ=88000.0 globZ=88000.0
	zmin=87995.0 zmax=88005.0 kill=1
BLCMDgenericbend::Construct solbend_45.1 parent= relZ=90050.0 globZ=90050.0
	zmin=90000.0 zmax=90100.0
BLCMDgenericbend::Construct solbend_45.2 parent= relZ=90950.0 globZ=90950.0
	zmin=90900.0 zmax=91000.0
BLCMDgenericbend::Construct solbend_45.3 parent= relZ=91050.0 globZ=91050.0
	zmin=91000.0 zmax=91100.0
BLCMDgenericbend::Construct solbend_45.4 parent= relZ=91950.0 globZ=91950.0
	zmin=91900.0 zmax=92000.0
BLMappedMagnet::Construct field_map_45 parent= relZ=92000.0
Checking overlaps for volume minus:0 (G4Tubs) ... OK! 
BLCMDtubs::Construct minus parent= relZ=90000.0 globZ=90000.0
	zmin=89995.0 zmax=90005.0 kill=1
Checking overlaps for volume plus:0 (G4Tubs) ... OK! 
BLCMDtubs::Construct plus parent= relZ=90000.0 globZ=90000.0
	zmin=89995.0 zmax=90005.0 kill=1
BLCMDgenericbend::Construct solbend_46.1 parent= relZ=92050.0 globZ=92050.0
	zmin=92000.0 zmax=92100.0
BLCMDgenericbend::Construct solbend_46.2 parent= relZ=92950.0 globZ=92950.0
	zmin=92900.0 zmax=93000.0
BLCMDgenericbend::Construct solbend_46.3 parent= relZ=93050.0 globZ=93050.0
	zmin=93000.0 zmax=93100.0
BLCMDgenericbend::Construct solbend_46.4 parent= relZ=93950.0 globZ=93950.0
	zmin=93900.0 zmax=94000.0
BLMappedMagnet::Construct field_map_46 parent= relZ=94000.0
Checking overlaps for volume minus:0 (G4Tubs) ... OK! 
BLCMDtubs::Construct minus parent= relZ=92000.0 globZ=92000.0
	zmin=91995.0 zmax=92005.0 kill=1
Checking overlaps for volume plus:0 (G4Tubs) ... OK! 
BLCMDtubs::Construct plus parent= relZ=92000.0 globZ=92000.0
	zmin=91995.0 zmax=92005.0 kill=1
BLCMDgenericbend::Construct solbend_47.1 parent= relZ=94050.0 globZ=94050.0
	zmin=94000.0 zmax=94100.0
BLCMDgenericbend::Construct solbend_47.2 parent= relZ=94950.0 globZ=94950.0
	zmin=94900.0 zmax=95000.0
BLCMDgenericbend::Construct solbend_47.3 parent= relZ=95050.0 globZ=95050.0
	zmin=95000.0 zmax=95100.0
BLCMDgenericbend::Construct solbend_47.4 parent= relZ=95950.0 globZ=95950.0
	zmin=95900.0 zmax=96000.0
BLMappedMagnet::Construct field_map_47 parent= relZ=96000.0
Checking overlaps for volume minus:0 (G4Tubs) ... OK! 
BLCMDtubs::Construct minus parent= relZ=94000.0 globZ=94000.0
	zmin=93995.0 zmax=94005.0 kill=1
Checking overlaps for volume plus:0 (G4Tubs) ... OK! 
BLCMDtubs::Construct plus parent= relZ=94000.0 globZ=94000.0
	zmin=93995.0 zmax=94005.0 kill=1
BLCMDgenericbend::Construct solbend_48.1 parent= relZ=96050.0 globZ=96050.0
	zmin=96000.0 zmax=96100.0
BLCMDgenericbend::Construct solbend_48.2 parent= relZ=96950.0 globZ=96950.0
	zmin=96900.0 zmax=97000.0
BLCMDgenericbend::Construct solbend_48.3 parent= relZ=97050.0 globZ=97050.0
	zmin=97000.0 zmax=97100.0
BLCMDgenericbend::Construct solbend_48.4 parent= relZ=97950.0 globZ=97950.0
	zmin=97900.0 zmax=98000.0
BLMappedMagnet::Construct field_map_48 parent= relZ=98000.0
Checking overlaps for volume minus:0 (G4Tubs) ... OK! 
BLCMDtubs::Construct minus parent= relZ=96000.0 globZ=96000.0
	zmin=95995.0 zmax=96005.0 kill=1
Checking overlaps for volume plus:0 (G4Tubs) ... OK! 
BLCMDtubs::Construct plus parent= relZ=96000.0 globZ=96000.0
	zmin=95995.0 zmax=96005.0 kill=1
BLCMDgenericbend::Construct solbend_49.1 parent= relZ=98050.0 globZ=98050.0
	zmin=98000.0 zmax=98100.0
BLCMDgenericbend::Construct solbend_49.2 parent= relZ=98950.0 globZ=98950.0
	zmin=98900.0 zmax=99000.0
BLCMDgenericbend::Construct solbend_49.3 parent= relZ=99050.0 globZ=99050.0
	zmin=99000.0 zmax=99100.0
BLCMDgenericbend::Construct solbend_49.4 parent= relZ=99950.0 globZ=99950.0
	zmin=99900.0 zmax=100000.0
BLMappedMagnet::Construct field_map_49 parent= relZ=100000.0
Checking overlaps for volume minus:0 (G4Tubs) ... OK! 
BLCMDtubs::Construct minus parent= relZ=98000.0 globZ=98000.0
	zmin=97995.0 zmax=98005.0 kill=1
Checking overlaps for volume plus:0 (G4Tubs) ... OK! 
BLCMDtubs::Construct plus parent= relZ=98000.0 globZ=98000.0
	zmin=97995.0 zmax=98005.0 kill=1
BLCMDgenericbend::Construct solbend_50.1 parent= relZ=100050.0 globZ=100050.0
	zmin=100000.0 zmax=100100.0
BLCMDgenericbend::Construct solbend_50.2 parent= relZ=100950.0 globZ=100950.0
	zmin=100900.0 zmax=101000.0
BLCMDgenericbend::Construct solbend_50.3 parent= relZ=101050.0 globZ=101050.0
	zmin=101000.0 zmax=101100.0
BLCMDgenericbend::Construct solbend_50.4 parent= relZ=101950.0 globZ=101950.0
	zmin=101900.0 zmax=102000.0
BLMappedMagnet::Construct field_map_50 parent= relZ=102000.0
Checking overlaps for volume minus:0 (G4Tubs) ... OK! 
BLCMDtubs::Construct minus parent= relZ=100000.0 globZ=100000.0
	zmin=99995.0 zmax=100005.0 kill=1
Checking overlaps for volume plus:0 (G4Tubs) ... OK! 
BLCMDtubs::Construct plus parent= relZ=100000.0 globZ=100000.0
	zmin=99995.0 zmax=100005.0 kill=1
BLCMDgenericbend::Construct solbend_51.1 parent= relZ=102050.0 globZ=102050.0
	zmin=102000.0 zmax=102100.0
BLCMDgenericbend::Construct solbend_51.2 parent= relZ=102950.0 globZ=102950.0
	zmin=102900.0 zmax=103000.0
BLCMDgenericbend::Construct solbend_51.3 parent= relZ=103050.0 globZ=103050.0
	zmin=103000.0 zmax=103100.0
BLCMDgenericbend::Construct solbend_51.4 parent= relZ=103950.0 globZ=103950.0
	zmin=103900.0 zmax=104000.0
BLMappedMagnet::Construct field_map_51 parent= relZ=104000.0
Checking overlaps for volume minus:0 (G4Tubs) ... OK! 
BLCMDtubs::Construct minus parent= relZ=102000.0 globZ=102000.0
	zmin=101995.0 zmax=102005.0 kill=1
Checking overlaps for volume plus:0 (G4Tubs) ... OK! 
BLCMDtubs::Construct plus parent= relZ=102000.0 globZ=102000.0
	zmin=101995.0 zmax=102005.0 kill=1
BLCMDgenericbend::Construct solbend_52.1 parent= relZ=104050.0 globZ=104050.0
	zmin=104000.0 zmax=104100.0
BLCMDgenericbend::Construct solbend_52.2 parent= relZ=104950.0 globZ=104950.0
	zmin=104900.0 zmax=105000.0
BLCMDgenericbend::Construct solbend_52.3 parent= relZ=105050.0 globZ=105050.0
	zmin=105000.0 zmax=105100.0
BLCMDgenericbend::Construct solbend_52.4 parent= relZ=105950.0 globZ=105950.0
	zmin=105900.0 zmax=106000.0
BLMappedMagnet::Construct field_map_52 parent= relZ=106000.0
Checking overlaps for volume minus:0 (G4Tubs) ... OK! 
BLCMDtubs::Construct minus parent= relZ=104000.0 globZ=104000.0
	zmin=103995.0 zmax=104005.0 kill=1
Checking overlaps for volume plus:0 (G4Tubs) ... OK! 
BLCMDtubs::Construct plus parent= relZ=104000.0 globZ=104000.0
	zmin=103995.0 zmax=104005.0 kill=1
BLCMDgenericbend::Construct solbend_53.1 parent= relZ=106050.0 globZ=106050.0
	zmin=106000.0 zmax=106100.0
BLCMDgenericbend::Construct solbend_53.2 parent= relZ=106950.0 globZ=106950.0
	zmin=106900.0 zmax=107000.0
BLCMDgenericbend::Construct solbend_53.3 parent= relZ=107050.0 globZ=107050.0
	zmin=107000.0 zmax=107100.0
BLCMDgenericbend::Construct solbend_53.4 parent= relZ=107950.0 globZ=107950.0
	zmin=107900.0 zmax=108000.0
BLMappedMagnet::Construct field_map_53 parent= relZ=108000.0
Checking overlaps for volume minus:0 (G4Tubs) ... OK! 
BLCMDtubs::Construct minus parent= relZ=106000.0 globZ=106000.0
	zmin=105995.0 zmax=106005.0 kill=1
Checking overlaps for volume plus:0 (G4Tubs) ... OK! 
BLCMDtubs::Construct plus parent= relZ=106000.0 globZ=106000.0
	zmin=105995.0 zmax=106005.0 kill=1
BLCMDgenericbend::Construct solbend_54.1 parent= relZ=108050.0 globZ=108050.0
	zmin=108000.0 zmax=108100.0
BLCMDgenericbend::Construct solbend_54.2 parent= relZ=108950.0 globZ=108950.0
	zmin=108900.0 zmax=109000.0
BLCMDgenericbend::Construct solbend_54.3 parent= relZ=109050.0 globZ=109050.0
	zmin=109000.0 zmax=109100.0
BLCMDgenericbend::Construct solbend_54.4 parent= relZ=109950.0 globZ=109950.0
	zmin=109900.0 zmax=110000.0
BLMappedMagnet::Construct field_map_54 parent= relZ=110000.0
Checking overlaps for volume minus:0 (G4Tubs) ... OK! 
BLCMDtubs::Construct minus parent= relZ=108000.0 globZ=108000.0
	zmin=107995.0 zmax=108005.0 kill=1
Checking overlaps for volume plus:0 (G4Tubs) ... OK! 
BLCMDtubs::Construct plus parent= relZ=108000.0 globZ=108000.0
	zmin=107995.0 zmax=108005.0 kill=1
BLCMDgenericbend::Construct solbend_55.1 parent= relZ=110050.0 globZ=110050.0
	zmin=110000.0 zmax=110100.0
BLCMDgenericbend::Construct solbend_55.2 parent= relZ=110950.0 globZ=110950.0
	zmin=110900.0 zmax=111000.0
BLCMDgenericbend::Construct solbend_55.3 parent= relZ=111050.0 globZ=111050.0
	zmin=111000.0 zmax=111100.0
BLCMDgenericbend::Construct solbend_55.4 parent= relZ=111950.0 globZ=111950.0
	zmin=111900.0 zmax=112000.0
BLMappedMagnet::Construct field_map_55 parent= relZ=112000.0
Checking overlaps for volume minus:0 (G4Tubs) ... OK! 
BLCMDtubs::Construct minus parent= relZ=110000.0 globZ=110000.0
	zmin=109995.0 zmax=110005.0 kill=1
Checking overlaps for volume plus:0 (G4Tubs) ... OK! 
BLCMDtubs::Construct plus parent= relZ=110000.0 globZ=110000.0
	zmin=109995.0 zmax=110005.0 kill=1
BLCMDgenericbend::Construct solbend_56.1 parent= relZ=112050.0 globZ=112050.0
	zmin=112000.0 zmax=112100.0
BLCMDgenericbend::Construct solbend_56.2 parent= relZ=112950.0 globZ=112950.0
	zmin=112900.0 zmax=113000.0
BLCMDgenericbend::Construct solbend_56.3 parent= relZ=113050.0 globZ=113050.0
	zmin=113000.0 zmax=113100.0
BLCMDgenericbend::Construct solbend_56.4 parent= relZ=113950.0 globZ=113950.0
	zmin=113900.0 zmax=114000.0
BLMappedMagnet::Construct field_map_56 parent= relZ=114000.0
Checking overlaps for volume minus:0 (G4Tubs) ... OK! 
BLCMDtubs::Construct minus parent= relZ=112000.0 globZ=112000.0
	zmin=111995.0 zmax=112005.0 kill=1
Checking overlaps for volume plus:0 (G4Tubs) ... OK! 
BLCMDtubs::Construct plus parent= relZ=112000.0 globZ=112000.0
	zmin=111995.0 zmax=112005.0 kill=1
BLCMDgenericbend::Construct solbend_57.1 parent= relZ=114050.0 globZ=114050.0
	zmin=114000.0 zmax=114100.0
BLCMDgenericbend::Construct solbend_57.2 parent= relZ=114950.0 globZ=114950.0
	zmin=114900.0 zmax=115000.0
BLCMDgenericbend::Construct solbend_57.3 parent= relZ=115050.0 globZ=115050.0
	zmin=115000.0 zmax=115100.0
BLCMDgenericbend::Construct solbend_57.4 parent= relZ=115950.0 globZ=115950.0
	zmin=115900.0 zmax=116000.0
BLMappedMagnet::Construct field_map_57 parent= relZ=116000.0
Checking overlaps for volume minus:0 (G4Tubs) ... OK! 
BLCMDtubs::Construct minus parent= relZ=114000.0 globZ=114000.0
	zmin=113995.0 zmax=114005.0 kill=1
Checking overlaps for volume plus:0 (G4Tubs) ... OK! 
BLCMDtubs::Construct plus parent= relZ=114000.0 globZ=114000.0
	zmin=113995.0 zmax=114005.0 kill=1
BLCMDgenericbend::Construct solbend_58.1 parent= relZ=116050.0 globZ=116050.0
	zmin=116000.0 zmax=116100.0
BLCMDgenericbend::Construct solbend_58.2 parent= relZ=116950.0 globZ=116950.0
	zmin=116900.0 zmax=117000.0
BLCMDgenericbend::Construct solbend_58.3 parent= relZ=117050.0 globZ=117050.0
	zmin=117000.0 zmax=117100.0
BLCMDgenericbend::Construct solbend_58.4 parent= relZ=117950.0 globZ=117950.0
	zmin=117900.0 zmax=118000.0
BLMappedMagnet::Construct field_map_58 parent= relZ=118000.0
Checking overlaps for volume minus:0 (G4Tubs) ... OK! 
BLCMDtubs::Construct minus parent= relZ=116000.0 globZ=116000.0
	zmin=115995.0 zmax=116005.0 kill=1
Checking overlaps for volume plus:0 (G4Tubs) ... OK! 
BLCMDtubs::Construct plus parent= relZ=116000.0 globZ=116000.0
	zmin=115995.0 zmax=116005.0 kill=1
BLCMDgenericbend::Construct solbend_59.1 parent= relZ=118050.0 globZ=118050.0
	zmin=118000.0 zmax=118100.0
BLCMDgenericbend::Construct solbend_59.2 parent= relZ=118950.0 globZ=118950.0
	zmin=118900.0 zmax=119000.0
BLCMDgenericbend::Construct solbend_59.3 parent= relZ=119050.0 globZ=119050.0
	zmin=119000.0 zmax=119100.0
BLCMDgenericbend::Construct solbend_59.4 parent= relZ=119950.0 globZ=119950.0
	zmin=119900.0 zmax=120000.0
BLMappedMagnet::Construct field_map_59 parent= relZ=120000.0
Checking overlaps for volume minus:0 (G4Tubs) ... OK! 
BLCMDtubs::Construct minus parent= relZ=118000.0 globZ=118000.0
	zmin=117995.0 zmax=118005.0 kill=1
Checking overlaps for volume plus:0 (G4Tubs) ... OK! 
BLCMDtubs::Construct plus parent= relZ=118000.0 globZ=118000.0
	zmin=117995.0 zmax=118005.0 kill=1
BLCMDgenericbend::Construct solbend_60.1 parent= relZ=120050.0 globZ=120050.0
	zmin=120000.0 zmax=120100.0
BLCMDgenericbend::Construct solbend_60.2 parent= relZ=120950.0 globZ=120950.0
	zmin=120900.0 zmax=121000.0
BLCMDgenericbend::Construct solbend_60.3 parent= relZ=121050.0 globZ=121050.0
	zmin=121000.0 zmax=121100.0
BLCMDgenericbend::Construct solbend_60.4 parent= relZ=121950.0 globZ=121950.0
	zmin=121900.0 zmax=122000.0
BLMappedMagnet::Construct field_map_60 parent= relZ=122000.0
Checking overlaps for volume minus:0 (G4Tubs) ... OK! 
BLCMDtubs::Construct minus parent= relZ=120000.0 globZ=120000.0
	zmin=119995.0 zmax=120005.0 kill=1
Checking overlaps for volume plus:0 (G4Tubs) ... OK! 
BLCMDtubs::Construct plus parent= relZ=120000.0 globZ=120000.0
	zmin=119995.0 zmax=120005.0 kill=1
Checking overlaps for volume wedge_marker_a_0:0 (G4Tubs) ... OK! 
BLCMDtubs::Construct wedge_marker_a_0 parent= relZ=-10.0 globZ=-10.0
	zmin=-10.5 zmax=-9.5 kill=0
Checking overlaps for volume wedge_marker_b_0:0 (G4Tubs) ... OK! 
BLCMDtubs::Construct wedge_marker_b_0 parent= relZ=10.0 globZ=10.0
	zmin=9.5 zmax=10.5 kill=0
Checking overlaps for volume wedge0:0 (G4IntersectionSolid) ... OK! 
BLCMDboolean::Construct wedge0 parent= relZ=0.0 globZ=0.0
	zmin=-225.0 zmax=225.0
Checking overlaps for volume rf_0.1Pipe:0 (G4Tubs) ... OK! 
Checking overlaps for volume rf_0.1UsWall:0 (G4Tubs) ... OK! 
Checking overlaps for volume rf_0.1DsWall:0 (G4Tubs) ... OK! 
Checking overlaps for volume rf_0.1DsHalf:0 (G4Tubs) ... OK! 
Checking overlaps for volume rf_0.1TimingVol:0 (G4Tubs) ... OK! 
Checking overlaps for volume rf_0.1:0 (G4Tubs) ... OK! 
BLCMDpillbox::construct rf_0.1 parent= relZ=305.6 globZ=305.6
	zmin=211.0 zmax=400.3
Checking overlaps for volume rf_window_0.1:0 (G4Tubs) ... OK! 
BLCMDtubs::Construct rf_window_0.1 parent= relZ=208.5 globZ=208.5
	zmin=208.5 zmax=208.5 kill=0
Checking overlaps for volume rf_0.2Pipe:0 (G4Tubs) ... OK! 
Checking overlaps for volume rf_0.2UsWall:0 (G4Tubs) ... OK! 
Checking overlaps for volume rf_0.2DsWall:0 (G4Tubs) ... OK! 
Checking overlaps for volume rf_0.2DsHalf:0 (G4Tubs) ... OK! 
Checking overlaps for volume rf_0.2TimingVol:0 (G4Tubs) ... OK! 
Checking overlaps for volume rf_0.2:0 (G4Tubs) ... OK! 
BLCMDpillbox::construct rf_0.2 parent= relZ=500.0 globZ=500.0
	zmin=405.3 zmax=594.7
Checking overlaps for volume rf_window_0.2:0 (G4Tubs) ... OK! 
BLCMDtubs::Construct rf_window_0.2 parent= relZ=402.8 globZ=402.8
	zmin=402.8 zmax=402.8 kill=0
Checking overlaps for volume rf_0.3Pipe:0 (G4Tubs) ... OK! 
Checking overlaps for volume rf_0.3UsWall:0 (G4Tubs) ... OK! 
Checking overlaps for volume rf_0.3DsWall:0 (G4Tubs) ... OK! 
Checking overlaps for volume rf_0.3DsHalf:0 (G4Tubs) ... OK! 
Checking overlaps for volume rf_0.3TimingVol:0 (G4Tubs) ... OK! 
Checking overlaps for volume rf_0.3:0 (G4Tubs) ... OK! 
BLCMDpillbox::construct rf_0.3 parent= relZ=694.4 globZ=694.4
	zmin=599.7 zmax=789.0
Checking overlaps for volume rf_window_0.3:0 (G4Tubs) ... OK! 
BLCMDtubs::Construct rf_window_0.3 parent= relZ=597.2 globZ=597.2
	zmin=597.2 zmax=597.2 kill=0
Checking overlaps for volume rf_window_0.3:0 (G4Tubs) ... OK! 
BLCMDtubs::Construct rf_window_0.3 parent= relZ=791.5 globZ=791.5
	zmin=791.5 zmax=791.5 kill=0
Checking overlaps for volume wedge_marker_c_0:0 (G4Tubs) ... OK! 
BLCMDtubs::Construct wedge_marker_c_0 parent= relZ=990.0 globZ=990.0
	zmin=989.5 zmax=990.5 kill=0
Checking overlaps for volume wedge_marker_d_0:0 (G4Tubs) ... OK! 
BLCMDtubs::Construct wedge_marker_d_0 parent= relZ=1010.0 globZ=1010.0
	zmin=1009.5 zmax=1010.5 kill=0
Checking overlaps for volume wedge0:0 (G4IntersectionSolid) ... OK! 
BLCMDboolean::Construct wedge0 parent= relZ=1000.0 globZ=1000.0
	zmin=775.0 zmax=1225.0
Checking overlaps for volume rf_b_0.1Pipe:0 (G4Tubs) ... OK! 
Checking overlaps for volume rf_b_0.1UsWall:0 (G4Tubs) ... OK! 
Checking overlaps for volume rf_b_0.1DsWall:0 (G4Tubs) ... OK! 
Checking overlaps for volume rf_b_0.1DsHalf:0 (G4Tubs) ... OK! 
Checking overlaps for volume rf_b_0.1TimingVol:0 (G4Tubs) ... OK! 
Checking overlaps for volume rf_b_0.1:0 (G4Tubs) ... OK! 
BLCMDpillbox::construct rf_b_0.1 parent= relZ=1305.6 globZ=1305.6
	zmin=1211.0 zmax=1400.3
Checking overlaps for volume rf_window_b_0.1:0 (G4Tubs) ... OK! 
BLCMDtubs::Construct rf_window_b_0.1 parent= relZ=1208.5 globZ=1208.5
	zmin=1208.5 zmax=1208.5 kill=0
Checking overlaps for volume rf_b_0.2Pipe:0 (G4Tubs) ... OK! 
Checking overlaps for volume rf_b_0.2UsWall:0 (G4Tubs) ... OK! 
Checking overlaps for volume rf_b_0.2DsWall:0 (G4Tubs) ... OK! 
Checking overlaps for volume rf_b_0.2DsHalf:0 (G4Tubs) ... OK! 
Checking overlaps for volume rf_b_0.2TimingVol:0 (G4Tubs) ... OK! 
Checking overlaps for volume rf_b_0.2:0 (G4Tubs) ... OK! 
BLCMDpillbox::construct rf_b_0.2 parent= relZ=1500.0 globZ=1500.0
	zmin=1405.3 zmax=1594.7
Checking overlaps for volume rf_window_b_0.2:0 (G4Tubs) ... OK! 
BLCMDtubs::Construct rf_window_b_0.2 parent= relZ=1402.8 globZ=1402.8
	zmin=1402.8 zmax=1402.8 kill=0
Checking overlaps for volume rf_b_0.3Pipe:0 (G4Tubs) ... OK! 
Checking overlaps for volume rf_b_0.3UsWall:0 (G4Tubs) ... OK! 
Checking overlaps for volume rf_b_0.3DsWall:0 (G4Tubs) ... OK! 
Checking overlaps for volume rf_b_0.3DsHalf:0 (G4Tubs) ... OK! 
Checking overlaps for volume rf_b_0.3TimingVol:0 (G4Tubs) ... OK! 
Checking overlaps for volume rf_b_0.3:0 (G4Tubs) ... OK! 
BLCMDpillbox::construct rf_b_0.3 parent= relZ=1694.4 globZ=1694.4
	zmin=1599.7 zmax=1789.0
Checking overlaps for volume rf_window_b_0.3:0 (G4Tubs) ... OK! 
BLCMDtubs::Construct rf_window_b_0.3 parent= relZ=1597.2 globZ=1597.2
	zmin=1597.2 zmax=1597.2 kill=0
Checking overlaps for volume rf_window_b_0.3:0 (G4Tubs) ... OK! 
BLCMDtubs::Construct rf_window_b_0.3 parent= relZ=1791.5 globZ=1791.5
	zmin=1791.5 zmax=1791.5 kill=0
Checking overlaps for volume wedge_marker_a_1:0 (G4Tubs) ... OK! 
BLCMDtubs::Construct wedge_marker_a_1 parent= relZ=1990.0 globZ=1990.0
	zmin=1989.5 zmax=1990.5 kill=0
Checking overlaps for volume wedge_marker_b_1:0 (G4Tubs) ... OK! 
BLCMDtubs::Construct wedge_marker_b_1 parent= relZ=2010.0 globZ=2010.0
	zmin=2009.5 zmax=2010.5 kill=0
Checking overlaps for volume wedge1:0 (G4IntersectionSolid) ... OK! 
BLCMDboolean::Construct wedge1 parent= relZ=2000.0 globZ=2000.0
	zmin=1775.0 zmax=2225.0
Checking overlaps for volume rf_1.1Pipe:0 (G4Tubs) ... OK! 
Checking overlaps for volume rf_1.1UsWall:0 (G4Tubs) ... OK! 
Checking overlaps for volume rf_1.1DsWall:0 (G4Tubs) ... OK! 
Checking overlaps for volume rf_1.1DsHalf:0 (G4Tubs) ... OK! 
Checking overlaps for volume rf_1.1TimingVol:0 (G4Tubs) ... OK! 
Checking overlaps for volume rf_1.1:0 (G4Tubs) ... OK! 
BLCMDpillbox::construct rf_1.1 parent= relZ=2305.6 globZ=2305.6
	zmin=2211.0 zmax=2400.3
Checking overlaps for volume rf_window_1.1:0 (G4Tubs) ... OK! 
BLCMDtubs::Construct rf_window_1.1 parent= relZ=2208.5 globZ=2208.5
	zmin=2208.5 zmax=2208.5 kill=0
Checking overlaps for volume rf_1.2Pipe:0 (G4Tubs) ... OK! 
Checking overlaps for volume rf_1.2UsWall:0 (G4Tubs) ... OK! 
Checking overlaps for volume rf_1.2DsWall:0 (G4Tubs) ... OK! 
Checking overlaps for volume rf_1.2DsHalf:0 (G4Tubs) ... OK! 
Checking overlaps for volume rf_1.2TimingVol:0 (G4Tubs) ... OK! 
Checking overlaps for volume rf_1.2:0 (G4Tubs) ... OK! 
BLCMDpillbox::construct rf_1.2 parent= relZ=2500.0 globZ=2500.0
	zmin=2405.3 zmax=2594.7
Checking overlaps for volume rf_window_1.2:0 (G4Tubs) ... OK! 
BLCMDtubs::Construct rf_window_1.2 parent= relZ=2402.8 globZ=2402.8
	zmin=2402.8 zmax=2402.8 kill=0
Checking overlaps for volume rf_1.3Pipe:0 (G4Tubs) ... OK! 
Checking overlaps for volume rf_1.3UsWall:0 (G4Tubs) ... OK! 
Checking overlaps for volume rf_1.3DsWall:0 (G4Tubs) ... OK! 
Checking overlaps for volume rf_1.3DsHalf:0 (G4Tubs) ... OK! 
Checking overlaps for volume rf_1.3TimingVol:0 (G4Tubs) ... OK! 
Checking overlaps for volume rf_1.3:0 (G4Tubs) ... OK! 
BLCMDpillbox::construct rf_1.3 parent= relZ=2694.4 globZ=2694.4
	zmin=2599.7 zmax=2789.0
Checking overlaps for volume rf_window_1.3:0 (G4Tubs) ... OK! 
BLCMDtubs::Construct rf_window_1.3 parent= relZ=2597.2 globZ=2597.2
	zmin=2597.2 zmax=2597.2 kill=0
Checking overlaps for volume rf_window_1.3:0 (G4Tubs) ... OK! 
BLCMDtubs::Construct rf_window_1.3 parent= relZ=2791.5 globZ=2791.5
	zmin=2791.5 zmax=2791.5 kill=0
Checking overlaps for volume wedge_marker_c_1:0 (G4Tubs) ... OK! 
BLCMDtubs::Construct wedge_marker_c_1 parent= relZ=2990.0 globZ=2990.0
	zmin=2989.5 zmax=2990.5 kill=0
Checking overlaps for volume wedge_marker_d_1:0 (G4Tubs) ... OK! 
BLCMDtubs::Construct wedge_marker_d_1 parent= relZ=3010.0 globZ=3010.0
	zmin=3009.5 zmax=3010.5 kill=0
Checking overlaps for volume wedge1:0 (G4IntersectionSolid) ... OK! 
BLCMDboolean::Construct wedge1 parent= relZ=3000.0 globZ=3000.0
	zmin=2775.0 zmax=3225.0
Checking overlaps for volume rf_b_1.1Pipe:0 (G4Tubs) ... OK! 
Checking overlaps for volume rf_b_1.1UsWall:0 (G4Tubs) ... OK! 
Checking overlaps for volume rf_b_1.1DsWall:0 (G4Tubs) ... OK! 
Checking overlaps for volume rf_b_1.1DsHalf:0 (G4Tubs) ... OK! 
Checking overlaps for volume rf_b_1.1TimingVol:0 (G4Tubs) ... OK! 
Checking overlaps for volume rf_b_1.1:0 (G4Tubs) ... OK! 
BLCMDpillbox::construct rf_b_1.1 parent= relZ=3305.6 globZ=3305.6
	zmin=3211.0 zmax=3400.3
Checking overlaps for volume rf_window_b_1.1:0 (G4Tubs) ... OK! 
BLCMDtubs::Construct rf_window_b_1.1 parent= relZ=3208.5 globZ=3208.5
	zmin=3208.5 zmax=3208.5 kill=0
Checking overlaps for volume rf_b_1.2Pipe:0 (G4Tubs) ... OK! 
Checking overlaps for volume rf_b_1.2UsWall:0 (G4Tubs) ... OK! 
Checking overlaps for volume rf_b_1.2DsWall:0 (G4Tubs) ... OK! 
Checking overlaps for volume rf_b_1.2DsHalf:0 (G4Tubs) ... OK! 
Checking overlaps for volume rf_b_1.2TimingVol:0 (G4Tubs) ... OK! 
Checking overlaps for volume rf_b_1.2:0 (G4Tubs) ... OK! 
BLCMDpillbox::construct rf_b_1.2 parent= relZ=3500.0 globZ=3500.0
	zmin=3405.3 zmax=3594.7
Checking overlaps for volume rf_window_b_1.2:0 (G4Tubs) ... OK! 
BLCMDtubs::Construct rf_window_b_1.2 parent= relZ=3402.8 globZ=3402.8
	zmin=3402.8 zmax=3402.8 kill=0
Checking overlaps for volume rf_b_1.3Pipe:0 (G4Tubs) ... OK! 
Checking overlaps for volume rf_b_1.3UsWall:0 (G4Tubs) ... OK! 
Checking overlaps for volume rf_b_1.3DsWall:0 (G4Tubs) ... OK! 
Checking overlaps for volume rf_b_1.3DsHalf:0 (G4Tubs) ... OK! 
Checking overlaps for volume rf_b_1.3TimingVol:0 (G4Tubs) ... OK! 
Checking overlaps for volume rf_b_1.3:0 (G4Tubs) ... OK! 
BLCMDpillbox::construct rf_b_1.3 parent= relZ=3694.4 globZ=3694.4
	zmin=3599.7 zmax=3789.0
Checking overlaps for volume rf_window_b_1.3:0 (G4Tubs) ... OK! 
BLCMDtubs::Construct rf_window_b_1.3 parent= relZ=3597.2 globZ=3597.2
	zmin=3597.2 zmax=3597.2 kill=0
Checking overlaps for volume rf_window_b_1.3:0 (G4Tubs) ... OK! 
BLCMDtubs::Construct rf_window_b_1.3 parent= relZ=3791.5 globZ=3791.5
	zmin=3791.5 zmax=3791.5 kill=0
Checking overlaps for volume wedge_marker_a_2:0 (G4Tubs) ... OK! 
BLCMDtubs::Construct wedge_marker_a_2 parent= relZ=3990.0 globZ=3990.0
	zmin=3989.5 zmax=3990.5 kill=0
Checking overlaps for volume wedge_marker_b_2:0 (G4Tubs) ... OK! 
BLCMDtubs::Construct wedge_marker_b_2 parent= relZ=4010.0 globZ=4010.0
	zmin=4009.5 zmax=4010.5 kill=0
Checking overlaps for volume wedge2:0 (G4IntersectionSolid) ... OK! 
BLCMDboolean::Construct wedge2 parent= relZ=4000.0 globZ=4000.0
	zmin=3775.0 zmax=4225.0
Checking overlaps for volume rf_2.1Pipe:0 (G4Tubs) ... OK! 
Checking overlaps for volume rf_2.1UsWall:0 (G4Tubs) ... OK! 
Checking overlaps for volume rf_2.1DsWall:0 (G4Tubs) ... OK! 
Checking overlaps for volume rf_2.1DsHalf:0 (G4Tubs) ... OK! 
Checking overlaps for volume rf_2.1TimingVol:0 (G4Tubs) ... OK! 
Checking overlaps for volume rf_2.1:0 (G4Tubs) ... OK! 
BLCMDpillbox::construct rf_2.1 parent= relZ=4305.6 globZ=4305.6
	zmin=4211.0 zmax=4400.3
Checking overlaps for volume rf_window_2.1:0 (G4Tubs) ... OK! 
BLCMDtubs::Construct rf_window_2.1 parent= relZ=4208.5 globZ=4208.5
	zmin=4208.5 zmax=4208.5 kill=0
Checking overlaps for volume rf_2.2Pipe:0 (G4Tubs) ... OK! 
Checking overlaps for volume rf_2.2UsWall:0 (G4Tubs) ... OK! 
Checking overlaps for volume rf_2.2DsWall:0 (G4Tubs) ... OK! 
Checking overlaps for volume rf_2.2DsHalf:0 (G4Tubs) ... OK! 
Checking overlaps for volume rf_2.2TimingVol:0 (G4Tubs) ... OK! 
Checking overlaps for volume rf_2.2:0 (G4Tubs) ... OK! 
BLCMDpillbox::construct rf_2.2 parent= relZ=4500.0 globZ=4500.0
	zmin=4405.3 zmax=4594.7
Checking overlaps for volume rf_window_2.2:0 (G4Tubs) ... OK! 
BLCMDtubs::Construct rf_window_2.2 parent= relZ=4402.8 globZ=4402.8
	zmin=4402.8 zmax=4402.8 kill=0
Checking overlaps for volume rf_2.3Pipe:0 (G4Tubs) ... OK! 
Checking overlaps for volume rf_2.3UsWall:0 (G4Tubs) ... OK! 
Checking overlaps for volume rf_2.3DsWall:0 (G4Tubs) ... OK! 
Checking overlaps for volume rf_2.3DsHalf:0 (G4Tubs) ... OK! 
Checking overlaps for volume rf_2.3TimingVol:0 (G4Tubs) ... OK! 
Checking overlaps for volume rf_2.3:0 (G4Tubs) ... OK! 
BLCMDpillbox::construct rf_2.3 parent= relZ=4694.4 globZ=4694.4
	zmin=4599.7 zmax=4789.0
Checking overlaps for volume rf_window_2.3:0 (G4Tubs) ... OK! 
BLCMDtubs::Construct rf_window_2.3 parent= relZ=4597.2 globZ=4597.2
	zmin=4597.2 zmax=4597.2 kill=0
Checking overlaps for volume rf_window_2.3:0 (G4Tubs) ... OK! 
BLCMDtubs::Construct rf_window_2.3 parent= relZ=4791.5 globZ=4791.5
	zmin=4791.5 zmax=4791.5 kill=0
Checking overlaps for volume wedge_marker_c_2:0 (G4Tubs) ... OK! 
BLCMDtubs::Construct wedge_marker_c_2 parent= relZ=4990.0 globZ=4990.0
	zmin=4989.5 zmax=4990.5 kill=0
Checking overlaps for volume wedge_marker_d_2:0 (G4Tubs) ... OK! 
BLCMDtubs::Construct wedge_marker_d_2 parent= relZ=5010.0 globZ=5010.0
	zmin=5009.5 zmax=5010.5 kill=0
Checking overlaps for volume wedge2:0 (G4IntersectionSolid) ... OK! 
BLCMDboolean::Construct wedge2 parent= relZ=5000.0 globZ=5000.0
	zmin=4775.0 zmax=5225.0
Checking overlaps for volume rf_b_2.1Pipe:0 (G4Tubs) ... OK! 
Checking overlaps for volume rf_b_2.1UsWall:0 (G4Tubs) ... OK! 
Checking overlaps for volume rf_b_2.1DsWall:0 (G4Tubs) ... OK! 
Checking overlaps for volume rf_b_2.1DsHalf:0 (G4Tubs) ... OK! 
Checking overlaps for volume rf_b_2.1TimingVol:0 (G4Tubs) ... OK! 
Checking overlaps for volume rf_b_2.1:0 (G4Tubs) ... OK! 
BLCMDpillbox::construct rf_b_2.1 parent= relZ=5305.6 globZ=5305.6
	zmin=5211.0 zmax=5400.3
Checking overlaps for volume rf_window_b_2.1:0 (G4Tubs) ... OK! 
BLCMDtubs::Construct rf_window_b_2.1 parent= relZ=5208.5 globZ=5208.5
	zmin=5208.5 zmax=5208.5 kill=0
Checking overlaps for volume rf_b_2.2Pipe:0 (G4Tubs) ... OK! 
Checking overlaps for volume rf_b_2.2UsWall:0 (G4Tubs) ... OK! 
Checking overlaps for volume rf_b_2.2DsWall:0 (G4Tubs) ... OK! 
Checking overlaps for volume rf_b_2.2DsHalf:0 (G4Tubs) ... OK! 
Checking overlaps for volume rf_b_2.2TimingVol:0 (G4Tubs) ... OK! 
Checking overlaps for volume rf_b_2.2:0 (G4Tubs) ... OK! 
BLCMDpillbox::construct rf_b_2.2 parent= relZ=5500.0 globZ=5500.0
	zmin=5405.3 zmax=5594.7
Checking overlaps for volume rf_window_b_2.2:0 (G4Tubs) ... OK! 
BLCMDtubs::Construct rf_window_b_2.2 parent= relZ=5402.8 globZ=5402.8
	zmin=5402.8 zmax=5402.8 kill=0
Checking overlaps for volume rf_b_2.3Pipe:0 (G4Tubs) ... OK! 
Checking overlaps for volume rf_b_2.3UsWall:0 (G4Tubs) ... OK! 
Checking overlaps for volume rf_b_2.3DsWall:0 (G4Tubs) ... OK! 
Checking overlaps for volume rf_b_2.3DsHalf:0 (G4Tubs) ... OK! 
Checking overlaps for volume rf_b_2.3TimingVol:0 (G4Tubs) ... OK! 
Checking overlaps for volume rf_b_2.3:0 (G4Tubs) ... OK! 
BLCMDpillbox::construct rf_b_2.3 parent= relZ=5694.4 globZ=5694.4
	zmin=5599.7 zmax=5789.0
Checking overlaps for volume rf_window_b_2.3:0 (G4Tubs) ... OK! 
BLCMDtubs::Construct rf_window_b_2.3 parent= relZ=5597.2 globZ=5597.2
	zmin=5597.2 zmax=5597.2 kill=0
Checking overlaps for volume rf_window_b_2.3:0 (G4Tubs) ... OK! 
BLCMDtubs::Construct rf_window_b_2.3 parent= relZ=5791.5 globZ=5791.5
	zmin=5791.5 zmax=5791.5 kill=0
Checking overlaps for volume wedge_marker_a_3:0 (G4Tubs) ... OK! 
BLCMDtubs::Construct wedge_marker_a_3 parent= relZ=5990.0 globZ=5990.0
	zmin=5989.5 zmax=5990.5 kill=0
Checking overlaps for volume wedge_marker_b_3:0 (G4Tubs) ... OK! 
BLCMDtubs::Construct wedge_marker_b_3 parent= relZ=6010.0 globZ=6010.0
	zmin=6009.5 zmax=6010.5 kill=0
Checking overlaps for volume wedge3:0 (G4IntersectionSolid) ... OK! 
BLCMDboolean::Construct wedge3 parent= relZ=6000.0 globZ=6000.0
	zmin=5775.0 zmax=6225.0
Checking overlaps for volume rf_3.1Pipe:0 (G4Tubs) ... OK! 
Checking overlaps for volume rf_3.1UsWall:0 (G4Tubs) ... OK! 
Checking overlaps for volume rf_3.1DsWall:0 (G4Tubs) ... OK! 
Checking overlaps for volume rf_3.1DsHalf:0 (G4Tubs) ... OK! 
Checking overlaps for volume rf_3.1TimingVol:0 (G4Tubs) ... OK! 
Checking overlaps for volume rf_3.1:0 (G4Tubs) ... OK! 
BLCMDpillbox::construct rf_3.1 parent= relZ=6305.6 globZ=6305.6
	zmin=6211.0 zmax=6400.3
Checking overlaps for volume rf_window_3.1:0 (G4Tubs) ... OK! 
BLCMDtubs::Construct rf_window_3.1 parent= relZ=6208.5 globZ=6208.5
	zmin=6208.5 zmax=6208.5 kill=0
Checking overlaps for volume rf_3.2Pipe:0 (G4Tubs) ... OK! 
Checking overlaps for volume rf_3.2UsWall:0 (G4Tubs) ... OK! 
Checking overlaps for volume rf_3.2DsWall:0 (G4Tubs) ... OK! 
Checking overlaps for volume rf_3.2DsHalf:0 (G4Tubs) ... OK! 
Checking overlaps for volume rf_3.2TimingVol:0 (G4Tubs) ... OK! 
Checking overlaps for volume rf_3.2:0 (G4Tubs) ... OK! 
BLCMDpillbox::construct rf_3.2 parent= relZ=6500.0 globZ=6500.0
	zmin=6405.3 zmax=6594.7
Checking overlaps for volume rf_window_3.2:0 (G4Tubs) ... OK! 
BLCMDtubs::Construct rf_window_3.2 parent= relZ=6402.8 globZ=6402.8
	zmin=6402.8 zmax=6402.8 kill=0
Checking overlaps for volume rf_3.3Pipe:0 (G4Tubs) ... OK! 
Checking overlaps for volume rf_3.3UsWall:0 (G4Tubs) ... OK! 
Checking overlaps for volume rf_3.3DsWall:0 (G4Tubs) ... OK! 
Checking overlaps for volume rf_3.3DsHalf:0 (G4Tubs) ... OK! 
Checking overlaps for volume rf_3.3TimingVol:0 (G4Tubs) ... OK! 
Checking overlaps for volume rf_3.3:0 (G4Tubs) ... OK! 
BLCMDpillbox::construct rf_3.3 parent= relZ=6694.4 globZ=6694.4
	zmin=6599.7 zmax=6789.0
Checking overlaps for volume rf_window_3.3:0 (G4Tubs) ... OK! 
BLCMDtubs::Construct rf_window_3.3 parent= relZ=6597.2 globZ=6597.2
	zmin=6597.2 zmax=6597.2 kill=0
Checking overlaps for volume rf_window_3.3:0 (G4Tubs) ... OK! 
BLCMDtubs::Construct rf_window_3.3 parent= relZ=6791.5 globZ=6791.5
	zmin=6791.5 zmax=6791.5 kill=0
Checking overlaps for volume wedge_marker_c_3:0 (G4Tubs) ... OK! 
BLCMDtubs::Construct wedge_marker_c_3 parent= relZ=6990.0 globZ=6990.0
	zmin=6989.5 zmax=6990.5 kill=0
Checking overlaps for volume wedge_marker_d_3:0 (G4Tubs) ... OK! 
BLCMDtubs::Construct wedge_marker_d_3 parent= relZ=7010.0 globZ=7010.0
	zmin=7009.5 zmax=7010.5 kill=0
Checking overlaps for volume wedge3:0 (G4IntersectionSolid) ... OK! 
BLCMDboolean::Construct wedge3 parent= relZ=7000.0 globZ=7000.0
	zmin=6775.0 zmax=7225.0
Checking overlaps for volume rf_b_3.1Pipe:0 (G4Tubs) ... OK! 
Checking overlaps for volume rf_b_3.1UsWall:0 (G4Tubs) ... OK! 
Checking overlaps for volume rf_b_3.1DsWall:0 (G4Tubs) ... OK! 
Checking overlaps for volume rf_b_3.1DsHalf:0 (G4Tubs) ... OK! 
Checking overlaps for volume rf_b_3.1TimingVol:0 (G4Tubs) ... OK! 
Checking overlaps for volume rf_b_3.1:0 (G4Tubs) ... OK! 
BLCMDpillbox::construct rf_b_3.1 parent= relZ=7305.6 globZ=7305.6
	zmin=7211.0 zmax=7400.3
Checking overlaps for volume rf_window_b_3.1:0 (G4Tubs) ... OK! 
BLCMDtubs::Construct rf_window_b_3.1 parent= relZ=7208.5 globZ=7208.5
	zmin=7208.5 zmax=7208.5 kill=0
Checking overlaps for volume rf_b_3.2Pipe:0 (G4Tubs) ... OK! 
Checking overlaps for volume rf_b_3.2UsWall:0 (G4Tubs) ... OK! 
Checking overlaps for volume rf_b_3.2DsWall:0 (G4Tubs) ... OK! 
Checking overlaps for volume rf_b_3.2DsHalf:0 (G4Tubs) ... OK! 
Checking overlaps for volume rf_b_3.2TimingVol:0 (G4Tubs) ... OK! 
Checking overlaps for volume rf_b_3.2:0 (G4Tubs) ... OK! 
BLCMDpillbox::construct rf_b_3.2 parent= relZ=7500.0 globZ=7500.0
	zmin=7405.3 zmax=7594.7
Checking overlaps for volume rf_window_b_3.2:0 (G4Tubs) ... OK! 
BLCMDtubs::Construct rf_window_b_3.2 parent= relZ=7402.8 globZ=7402.8
	zmin=7402.8 zmax=7402.8 kill=0
Checking overlaps for volume rf_b_3.3Pipe:0 (G4Tubs) ... OK! 
Checking overlaps for volume rf_b_3.3UsWall:0 (G4Tubs) ... OK! 
Checking overlaps for volume rf_b_3.3DsWall:0 (G4Tubs) ... OK! 
Checking overlaps for volume rf_b_3.3DsHalf:0 (G4Tubs) ... OK! 
Checking overlaps for volume rf_b_3.3TimingVol:0 (G4Tubs) ... OK! 
Checking overlaps for volume rf_b_3.3:0 (G4Tubs) ... OK! 
BLCMDpillbox::construct rf_b_3.3 parent= relZ=7694.4 globZ=7694.4
	zmin=7599.7 zmax=7789.0
Checking overlaps for volume rf_window_b_3.3:0 (G4Tubs) ... OK! 
BLCMDtubs::Construct rf_window_b_3.3 parent= relZ=7597.2 globZ=7597.2
	zmin=7597.2 zmax=7597.2 kill=0
Checking overlaps for volume rf_window_b_3.3:0 (G4Tubs) ... OK! 
BLCMDtubs::Construct rf_window_b_3.3 parent= relZ=7791.5 globZ=7791.5
	zmin=7791.5 zmax=7791.5 kill=0
Checking overlaps for volume wedge_marker_a_4:0 (G4Tubs) ... OK! 
BLCMDtubs::Construct wedge_marker_a_4 parent= relZ=7990.0 globZ=7990.0
	zmin=7989.5 zmax=7990.5 kill=0
Checking overlaps for volume wedge_marker_b_4:0 (G4Tubs) ... OK! 
BLCMDtubs::Construct wedge_marker_b_4 parent= relZ=8010.0 globZ=8010.0
	zmin=8009.5 zmax=8010.5 kill=0
Checking overlaps for volume wedge4:0 (G4IntersectionSolid) ... OK! 
BLCMDboolean::Construct wedge4 parent= relZ=8000.0 globZ=8000.0
	zmin=7775.0 zmax=8225.0
Checking overlaps for volume rf_4.1Pipe:0 (G4Tubs) ... OK! 
Checking overlaps for volume rf_4.1UsWall:0 (G4Tubs) ... OK! 
Checking overlaps for volume rf_4.1DsWall:0 (G4Tubs) ... OK! 
Checking overlaps for volume rf_4.1DsHalf:0 (G4Tubs) ... OK! 
Checking overlaps for volume rf_4.1TimingVol:0 (G4Tubs) ... OK! 
Checking overlaps for volume rf_4.1:0 (G4Tubs) ... OK! 
BLCMDpillbox::construct rf_4.1 parent= relZ=8305.6 globZ=8305.6
	zmin=8211.0 zmax=8400.3
Checking overlaps for volume rf_window_4.1:0 (G4Tubs) ... OK! 
BLCMDtubs::Construct rf_window_4.1 parent= relZ=8208.5 globZ=8208.5
	zmin=8208.5 zmax=8208.5 kill=0
Checking overlaps for volume rf_4.2Pipe:0 (G4Tubs) ... OK! 
Checking overlaps for volume rf_4.2UsWall:0 (G4Tubs) ... OK! 
Checking overlaps for volume rf_4.2DsWall:0 (G4Tubs) ... OK! 
Checking overlaps for volume rf_4.2DsHalf:0 (G4Tubs) ... OK! 
Checking overlaps for volume rf_4.2TimingVol:0 (G4Tubs) ... OK! 
Checking overlaps for volume rf_4.2:0 (G4Tubs) ... OK! 
BLCMDpillbox::construct rf_4.2 parent= relZ=8500.0 globZ=8500.0
	zmin=8405.3 zmax=8594.7
Checking overlaps for volume rf_window_4.2:0 (G4Tubs) ... OK! 
BLCMDtubs::Construct rf_window_4.2 parent= relZ=8402.8 globZ=8402.8
	zmin=8402.8 zmax=8402.8 kill=0
Checking overlaps for volume rf_4.3Pipe:0 (G4Tubs) ... OK! 
Checking overlaps for volume rf_4.3UsWall:0 (G4Tubs) ... OK! 
Checking overlaps for volume rf_4.3DsWall:0 (G4Tubs) ... OK! 
Checking overlaps for volume rf_4.3DsHalf:0 (G4Tubs) ... OK! 
Checking overlaps for volume rf_4.3TimingVol:0 (G4Tubs) ... OK! 
Checking overlaps for volume rf_4.3:0 (G4Tubs) ... OK! 
BLCMDpillbox::construct rf_4.3 parent= relZ=8694.4 globZ=8694.4
	zmin=8599.7 zmax=8789.0
Checking overlaps for volume rf_window_4.3:0 (G4Tubs) ... OK! 
BLCMDtubs::Construct rf_window_4.3 parent= relZ=8597.2 globZ=8597.2
	zmin=8597.2 zmax=8597.2 kill=0
Checking overlaps for volume rf_window_4.3:0 (G4Tubs) ... OK! 
BLCMDtubs::Construct rf_window_4.3 parent= relZ=8791.5 globZ=8791.5
	zmin=8791.5 zmax=8791.5 kill=0
Checking overlaps for volume wedge_marker_c_4:0 (G4Tubs) ... OK! 
BLCMDtubs::Construct wedge_marker_c_4 parent= relZ=8990.0 globZ=8990.0
	zmin=8989.5 zmax=8990.5 kill=0
Checking overlaps for volume wedge_marker_d_4:0 (G4Tubs) ... OK! 
BLCMDtubs::Construct wedge_marker_d_4 parent= relZ=9010.0 globZ=9010.0
	zmin=9009.5 zmax=9010.5 kill=0
Checking overlaps for volume wedge4:0 (G4IntersectionSolid) ... OK! 
BLCMDboolean::Construct wedge4 parent= relZ=9000.0 globZ=9000.0
	zmin=8775.0 zmax=9225.0
Checking overlaps for volume rf_b_4.1Pipe:0 (G4Tubs) ... OK! 
Checking overlaps for volume rf_b_4.1UsWall:0 (G4Tubs) ... OK! 
Checking overlaps for volume rf_b_4.1DsWall:0 (G4Tubs) ... OK! 
Checking overlaps for volume rf_b_4.1DsHalf:0 (G4Tubs) ... OK! 
Checking overlaps for volume rf_b_4.1TimingVol:0 (G4Tubs) ... OK! 
Checking overlaps for volume rf_b_4.1:0 (G4Tubs) ... OK! 
BLCMDpillbox::construct rf_b_4.1 parent= relZ=9305.6 globZ=9305.6
	zmin=9211.0 zmax=9400.3
Checking overlaps for volume rf_window_b_4.1:0 (G4Tubs) ... OK! 
BLCMDtubs::Construct rf_window_b_4.1 parent= relZ=9208.5 globZ=9208.5
	zmin=9208.5 zmax=9208.5 kill=0
Checking overlaps for volume rf_b_4.2Pipe:0 (G4Tubs) ... OK! 
Checking overlaps for volume rf_b_4.2UsWall:0 (G4Tubs) ... OK! 
Checking overlaps for volume rf_b_4.2DsWall:0 (G4Tubs) ... OK! 
Checking overlaps for volume rf_b_4.2DsHalf:0 (G4Tubs) ... OK! 
Checking overlaps for volume rf_b_4.2TimingVol:0 (G4Tubs) ... OK! 
Checking overlaps for volume rf_b_4.2:0 (G4Tubs) ... OK! 
BLCMDpillbox::construct rf_b_4.2 parent= relZ=9500.0 globZ=9500.0
	zmin=9405.3 zmax=9594.7
Checking overlaps for volume rf_window_b_4.2:0 (G4Tubs) ... OK! 
BLCMDtubs::Construct rf_window_b_4.2 parent= relZ=9402.8 globZ=9402.8
	zmin=9402.8 zmax=9402.8 kill=0
Checking overlaps for volume rf_b_4.3Pipe:0 (G4Tubs) ... OK! 
Checking overlaps for volume rf_b_4.3UsWall:0 (G4Tubs) ... OK! 
Checking overlaps for volume rf_b_4.3DsWall:0 (G4Tubs) ... OK! 
Checking overlaps for volume rf_b_4.3DsHalf:0 (G4Tubs) ... OK! 
Checking overlaps for volume rf_b_4.3TimingVol:0 (G4Tubs) ... OK! 
Checking overlaps for volume rf_b_4.3:0 (G4Tubs) ... OK! 
BLCMDpillbox::construct rf_b_4.3 parent= relZ=9694.4 globZ=9694.4
	zmin=9599.7 zmax=9789.0
Checking overlaps for volume rf_window_b_4.3:0 (G4Tubs) ... OK! 
BLCMDtubs::Construct rf_window_b_4.3 parent= relZ=9597.2 globZ=9597.2
	zmin=9597.2 zmax=9597.2 kill=0
Checking overlaps for volume rf_window_b_4.3:0 (G4Tubs) ... OK! 
BLCMDtubs::Construct rf_window_b_4.3 parent= relZ=9791.5 globZ=9791.5
	zmin=9791.5 zmax=9791.5 kill=0
Checking overlaps for volume wedge_marker_a_5:0 (G4Tubs) ... OK! 
BLCMDtubs::Construct wedge_marker_a_5 parent= relZ=9990.0 globZ=9990.0
	zmin=9989.5 zmax=9990.5 kill=0
Checking overlaps for volume wedge_marker_b_5:0 (G4Tubs) ... OK! 
BLCMDtubs::Construct wedge_marker_b_5 parent= relZ=10010.0 globZ=10010.0
	zmin=10009.5 zmax=10010.5 kill=0
Checking overlaps for volume wedge5:0 (G4IntersectionSolid) ... OK! 
BLCMDboolean::Construct wedge5 parent= relZ=10000.0 globZ=10000.0
	zmin=9775.0 zmax=10225.0
Checking overlaps for volume rf_5.1Pipe:0 (G4Tubs) ... OK! 
Checking overlaps for volume rf_5.1UsWall:0 (G4Tubs) ... OK! 
Checking overlaps for volume rf_5.1DsWall:0 (G4Tubs) ... OK! 
Checking overlaps for volume rf_5.1DsHalf:0 (G4Tubs) ... OK! 
Checking overlaps for volume rf_5.1TimingVol:0 (G4Tubs) ... OK! 
Checking overlaps for volume rf_5.1:0 (G4Tubs) ... OK! 
BLCMDpillbox::construct rf_5.1 parent= relZ=10305.6 globZ=10305.6
	zmin=10211.0 zmax=10400.3
Checking overlaps for volume rf_window_5.1:0 (G4Tubs) ... OK! 
BLCMDtubs::Construct rf_window_5.1 parent= relZ=10208.5 globZ=10208.5
	zmin=10208.5 zmax=10208.5 kill=0
Checking overlaps for volume rf_5.2Pipe:0 (G4Tubs) ... OK! 
Checking overlaps for volume rf_5.2UsWall:0 (G4Tubs) ... OK! 
Checking overlaps for volume rf_5.2DsWall:0 (G4Tubs) ... OK! 
Checking overlaps for volume rf_5.2DsHalf:0 (G4Tubs) ... OK! 
Checking overlaps for volume rf_5.2TimingVol:0 (G4Tubs) ... OK! 
Checking overlaps for volume rf_5.2:0 (G4Tubs) ... OK! 
BLCMDpillbox::construct rf_5.2 parent= relZ=10500.0 globZ=10500.0
	zmin=10405.3 zmax=10594.7
Checking overlaps for volume rf_window_5.2:0 (G4Tubs) ... OK! 
BLCMDtubs::Construct rf_window_5.2 parent= relZ=10402.8 globZ=10402.8
	zmin=10402.8 zmax=10402.8 kill=0
Checking overlaps for volume rf_5.3Pipe:0 (G4Tubs) ... OK! 
Checking overlaps for volume rf_5.3UsWall:0 (G4Tubs) ... OK! 
Checking overlaps for volume rf_5.3DsWall:0 (G4Tubs) ... OK! 
Checking overlaps for volume rf_5.3DsHalf:0 (G4Tubs) ... OK! 
Checking overlaps for volume rf_5.3TimingVol:0 (G4Tubs) ... OK! 
Checking overlaps for volume rf_5.3:0 (G4Tubs) ... OK! 
BLCMDpillbox::construct rf_5.3 parent= relZ=10694.4 globZ=10694.4
	zmin=10599.7 zmax=10789.0
Checking overlaps for volume rf_window_5.3:0 (G4Tubs) ... OK! 
BLCMDtubs::Construct rf_window_5.3 parent= relZ=10597.2 globZ=10597.2
	zmin=10597.2 zmax=10597.2 kill=0
Checking overlaps for volume rf_window_5.3:0 (G4Tubs) ... OK! 
BLCMDtubs::Construct rf_window_5.3 parent= relZ=10791.5 globZ=10791.5
	zmin=10791.5 zmax=10791.5 kill=0
Checking overlaps for volume wedge_marker_c_5:0 (G4Tubs) ... OK! 
BLCMDtubs::Construct wedge_marker_c_5 parent= relZ=10990.0 globZ=10990.0
	zmin=10989.5 zmax=10990.5 kill=0
Checking overlaps for volume wedge_marker_d_5:0 (G4Tubs) ... OK! 
BLCMDtubs::Construct wedge_marker_d_5 parent= relZ=11010.0 globZ=11010.0
	zmin=11009.5 zmax=11010.5 kill=0
Checking overlaps for volume wedge5:0 (G4IntersectionSolid) ... OK! 
BLCMDboolean::Construct wedge5 parent= relZ=11000.0 globZ=11000.0
	zmin=10775.0 zmax=11225.0
Checking overlaps for volume rf_b_5.1Pipe:0 (G4Tubs) ... OK! 
Checking overlaps for volume rf_b_5.1UsWall:0 (G4Tubs) ... OK! 
Checking overlaps for volume rf_b_5.1DsWall:0 (G4Tubs) ... OK! 
Checking overlaps for volume rf_b_5.1DsHalf:0 (G4Tubs) ... OK! 
Checking overlaps for volume rf_b_5.1TimingVol:0 (G4Tubs) ... OK! 
Checking overlaps for volume rf_b_5.1:0 (G4Tubs) ... OK! 
BLCMDpillbox::construct rf_b_5.1 parent= relZ=11305.6 globZ=11305.6
	zmin=11211.0 zmax=11400.3
Checking overlaps for volume rf_window_b_5.1:0 (G4Tubs) ... OK! 
BLCMDtubs::Construct rf_window_b_5.1 parent= relZ=11208.5 globZ=11208.5
	zmin=11208.5 zmax=11208.5 kill=0
Checking overlaps for volume rf_b_5.2Pipe:0 (G4Tubs) ... OK! 
Checking overlaps for volume rf_b_5.2UsWall:0 (G4Tubs) ... OK! 
Checking overlaps for volume rf_b_5.2DsWall:0 (G4Tubs) ... OK! 
Checking overlaps for volume rf_b_5.2DsHalf:0 (G4Tubs) ... OK! 
Checking overlaps for volume rf_b_5.2TimingVol:0 (G4Tubs) ... OK! 
Checking overlaps for volume rf_b_5.2:0 (G4Tubs) ... OK! 
BLCMDpillbox::construct rf_b_5.2 parent= relZ=11500.0 globZ=11500.0
	zmin=11405.3 zmax=11594.7
Checking overlaps for volume rf_window_b_5.2:0 (G4Tubs) ... OK! 
BLCMDtubs::Construct rf_window_b_5.2 parent= relZ=11402.8 globZ=11402.8
	zmin=11402.8 zmax=11402.8 kill=0
Checking overlaps for volume rf_b_5.3Pipe:0 (G4Tubs) ... OK! 
Checking overlaps for volume rf_b_5.3UsWall:0 (G4Tubs) ... OK! 
Checking overlaps for volume rf_b_5.3DsWall:0 (G4Tubs) ... OK! 
Checking overlaps for volume rf_b_5.3DsHalf:0 (G4Tubs) ... OK! 
Checking overlaps for volume rf_b_5.3TimingVol:0 (G4Tubs) ... OK! 
Checking overlaps for volume rf_b_5.3:0 (G4Tubs) ... OK! 
BLCMDpillbox::construct rf_b_5.3 parent= relZ=11694.4 globZ=11694.4
	zmin=11599.7 zmax=11789.0
Checking overlaps for volume rf_window_b_5.3:0 (G4Tubs) ... OK! 
BLCMDtubs::Construct rf_window_b_5.3 parent= relZ=11597.2 globZ=11597.2
	zmin=11597.2 zmax=11597.2 kill=0
Checking overlaps for volume rf_window_b_5.3:0 (G4Tubs) ... OK! 
BLCMDtubs::Construct rf_window_b_5.3 parent= relZ=11791.5 globZ=11791.5
	zmin=11791.5 zmax=11791.5 kill=0
Checking overlaps for volume wedge_marker_a_6:0 (G4Tubs) ... OK! 
BLCMDtubs::Construct wedge_marker_a_6 parent= relZ=11990.0 globZ=11990.0
	zmin=11989.5 zmax=11990.5 kill=0
Checking overlaps for volume wedge_marker_b_6:0 (G4Tubs) ... OK! 
BLCMDtubs::Construct wedge_marker_b_6 parent= relZ=12010.0 globZ=12010.0
	zmin=12009.5 zmax=12010.5 kill=0
Checking overlaps for volume wedge6:0 (G4IntersectionSolid) ... OK! 
BLCMDboolean::Construct wedge6 parent= relZ=12000.0 globZ=12000.0
	zmin=11775.0 zmax=12225.0
Checking overlaps for volume rf_6.1Pipe:0 (G4Tubs) ... OK! 
Checking overlaps for volume rf_6.1UsWall:0 (G4Tubs) ... OK! 
Checking overlaps for volume rf_6.1DsWall:0 (G4Tubs) ... OK! 
Checking overlaps for volume rf_6.1DsHalf:0 (G4Tubs) ... OK! 
Checking overlaps for volume rf_6.1TimingVol:0 (G4Tubs) ... OK! 
Checking overlaps for volume rf_6.1:0 (G4Tubs) ... OK! 
BLCMDpillbox::construct rf_6.1 parent= relZ=12305.6 globZ=12305.6
	zmin=12211.0 zmax=12400.3
Checking overlaps for volume rf_window_6.1:0 (G4Tubs) ... OK! 
BLCMDtubs::Construct rf_window_6.1 parent= relZ=12208.5 globZ=12208.5
	zmin=12208.5 zmax=12208.5 kill=0
Checking overlaps for volume rf_6.2Pipe:0 (G4Tubs) ... OK! 
Checking overlaps for volume rf_6.2UsWall:0 (G4Tubs) ... OK! 
Checking overlaps for volume rf_6.2DsWall:0 (G4Tubs) ... OK! 
Checking overlaps for volume rf_6.2DsHalf:0 (G4Tubs) ... OK! 
Checking overlaps for volume rf_6.2TimingVol:0 (G4Tubs) ... OK! 
Checking overlaps for volume rf_6.2:0 (G4Tubs) ... OK! 
BLCMDpillbox::construct rf_6.2 parent= relZ=12500.0 globZ=12500.0
	zmin=12405.3 zmax=12594.7
Checking overlaps for volume rf_window_6.2:0 (G4Tubs) ... OK! 
BLCMDtubs::Construct rf_window_6.2 parent= relZ=12402.8 globZ=12402.8
	zmin=12402.8 zmax=12402.8 kill=0
Checking overlaps for volume rf_6.3Pipe:0 (G4Tubs) ... OK! 
Checking overlaps for volume rf_6.3UsWall:0 (G4Tubs) ... OK! 
Checking overlaps for volume rf_6.3DsWall:0 (G4Tubs) ... OK! 
Checking overlaps for volume rf_6.3DsHalf:0 (G4Tubs) ... OK! 
Checking overlaps for volume rf_6.3TimingVol:0 (G4Tubs) ... OK! 
Checking overlaps for volume rf_6.3:0 (G4Tubs) ... OK! 
BLCMDpillbox::construct rf_6.3 parent= relZ=12694.4 globZ=12694.4
	zmin=12599.7 zmax=12789.0
Checking overlaps for volume rf_window_6.3:0 (G4Tubs) ... OK! 
BLCMDtubs::Construct rf_window_6.3 parent= relZ=12597.2 globZ=12597.2
	zmin=12597.2 zmax=12597.2 kill=0
Checking overlaps for volume rf_window_6.3:0 (G4Tubs) ... OK! 
BLCMDtubs::Construct rf_window_6.3 parent= relZ=12791.5 globZ=12791.5
	zmin=12791.5 zmax=12791.5 kill=0
Checking overlaps for volume wedge_marker_c_6:0 (G4Tubs) ... OK! 
BLCMDtubs::Construct wedge_marker_c_6 parent= relZ=12990.0 globZ=12990.0
	zmin=12989.5 zmax=12990.5 kill=0
Checking overlaps for volume wedge_marker_d_6:0 (G4Tubs) ... OK! 
BLCMDtubs::Construct wedge_marker_d_6 parent= relZ=13010.0 globZ=13010.0
	zmin=13009.5 zmax=13010.5 kill=0
Checking overlaps for volume wedge6:0 (G4IntersectionSolid) ... OK! 
BLCMDboolean::Construct wedge6 parent= relZ=13000.0 globZ=13000.0
	zmin=12775.0 zmax=13225.0
Checking overlaps for volume rf_b_6.1Pipe:0 (G4Tubs) ... OK! 
Checking overlaps for volume rf_b_6.1UsWall:0 (G4Tubs) ... OK! 
Checking overlaps for volume rf_b_6.1DsWall:0 (G4Tubs) ... OK! 
Checking overlaps for volume rf_b_6.1DsHalf:0 (G4Tubs) ... OK! 
Checking overlaps for volume rf_b_6.1TimingVol:0 (G4Tubs) ... OK! 
Checking overlaps for volume rf_b_6.1:0 (G4Tubs) ... OK! 
BLCMDpillbox::construct rf_b_6.1 parent= relZ=13305.6 globZ=13305.6
	zmin=13211.0 zmax=13400.3
Checking overlaps for volume rf_window_b_6.1:0 (G4Tubs) ... OK! 
BLCMDtubs::Construct rf_window_b_6.1 parent= relZ=13208.5 globZ=13208.5
	zmin=13208.5 zmax=13208.5 kill=0
Checking overlaps for volume rf_b_6.2Pipe:0 (G4Tubs) ... OK! 
Checking overlaps for volume rf_b_6.2UsWall:0 (G4Tubs) ... OK! 
Checking overlaps for volume rf_b_6.2DsWall:0 (G4Tubs) ... OK! 
Checking overlaps for volume rf_b_6.2DsHalf:0 (G4Tubs) ... OK! 
Checking overlaps for volume rf_b_6.2TimingVol:0 (G4Tubs) ... OK! 
Checking overlaps for volume rf_b_6.2:0 (G4Tubs) ... OK! 
BLCMDpillbox::construct rf_b_6.2 parent= relZ=13500.0 globZ=13500.0
	zmin=13405.3 zmax=13594.7
Checking overlaps for volume rf_window_b_6.2:0 (G4Tubs) ... OK! 
BLCMDtubs::Construct rf_window_b_6.2 parent= relZ=13402.8 globZ=13402.8
	zmin=13402.8 zmax=13402.8 kill=0
Checking overlaps for volume rf_b_6.3Pipe:0 (G4Tubs) ... OK! 
Checking overlaps for volume rf_b_6.3UsWall:0 (G4Tubs) ... OK! 
Checking overlaps for volume rf_b_6.3DsWall:0 (G4Tubs) ... OK! 
Checking overlaps for volume rf_b_6.3DsHalf:0 (G4Tubs) ... OK! 
Checking overlaps for volume rf_b_6.3TimingVol:0 (G4Tubs) ... OK! 
Checking overlaps for volume rf_b_6.3:0 (G4Tubs) ... OK! 
BLCMDpillbox::construct rf_b_6.3 parent= relZ=13694.4 globZ=13694.4
	zmin=13599.7 zmax=13789.0
Checking overlaps for volume rf_window_b_6.3:0 (G4Tubs) ... OK! 
BLCMDtubs::Construct rf_window_b_6.3 parent= relZ=13597.2 globZ=13597.2
	zmin=13597.2 zmax=13597.2 kill=0
Checking overlaps for volume rf_window_b_6.3:0 (G4Tubs) ... OK! 
BLCMDtubs::Construct rf_window_b_6.3 parent= relZ=13791.5 globZ=13791.5
	zmin=13791.5 zmax=13791.5 kill=0
Checking overlaps for volume wedge_marker_a_7:0 (G4Tubs) ... OK! 
BLCMDtubs::Construct wedge_marker_a_7 parent= relZ=13990.0 globZ=13990.0
	zmin=13989.5 zmax=13990.5 kill=0
Checking overlaps for volume wedge_marker_b_7:0 (G4Tubs) ... OK! 
BLCMDtubs::Construct wedge_marker_b_7 parent= relZ=14010.0 globZ=14010.0
	zmin=14009.5 zmax=14010.5 kill=0
Checking overlaps for volume wedge7:0 (G4IntersectionSolid) ... OK! 
BLCMDboolean::Construct wedge7 parent= relZ=14000.0 globZ=14000.0
	zmin=13775.0 zmax=14225.0
Checking overlaps for volume rf_7.1Pipe:0 (G4Tubs) ... OK! 
Checking overlaps for volume rf_7.1UsWall:0 (G4Tubs) ... OK! 
Checking overlaps for volume rf_7.1DsWall:0 (G4Tubs) ... OK! 
Checking overlaps for volume rf_7.1DsHalf:0 (G4Tubs) ... OK! 
Checking overlaps for volume rf_7.1TimingVol:0 (G4Tubs) ... OK! 
Checking overlaps for volume rf_7.1:0 (G4Tubs) ... OK! 
BLCMDpillbox::construct rf_7.1 parent= relZ=14305.6 globZ=14305.6
	zmin=14211.0 zmax=14400.3
Checking overlaps for volume rf_window_7.1:0 (G4Tubs) ... OK! 
BLCMDtubs::Construct rf_window_7.1 parent= relZ=14208.5 globZ=14208.5
	zmin=14208.5 zmax=14208.5 kill=0
Checking overlaps for volume rf_7.2Pipe:0 (G4Tubs) ... OK! 
Checking overlaps for volume rf_7.2UsWall:0 (G4Tubs) ... OK! 
Checking overlaps for volume rf_7.2DsWall:0 (G4Tubs) ... OK! 
Checking overlaps for volume rf_7.2DsHalf:0 (G4Tubs) ... OK! 
Checking overlaps for volume rf_7.2TimingVol:0 (G4Tubs) ... OK! 
Checking overlaps for volume rf_7.2:0 (G4Tubs) ... OK! 
BLCMDpillbox::construct rf_7.2 parent= relZ=14500.0 globZ=14500.0
	zmin=14405.3 zmax=14594.7
Checking overlaps for volume rf_window_7.2:0 (G4Tubs) ... OK! 
BLCMDtubs::Construct rf_window_7.2 parent= relZ=14402.8 globZ=14402.8
	zmin=14402.8 zmax=14402.8 kill=0
Checking overlaps for volume rf_7.3Pipe:0 (G4Tubs) ... OK! 
Checking overlaps for volume rf_7.3UsWall:0 (G4Tubs) ... OK! 
Checking overlaps for volume rf_7.3DsWall:0 (G4Tubs) ... OK! 
Checking overlaps for volume rf_7.3DsHalf:0 (G4Tubs) ... OK! 
Checking overlaps for volume rf_7.3TimingVol:0 (G4Tubs) ... OK! 
Checking overlaps for volume rf_7.3:0 (G4Tubs) ... OK! 
BLCMDpillbox::construct rf_7.3 parent= relZ=14694.4 globZ=14694.4
	zmin=14599.7 zmax=14789.0
Checking overlaps for volume rf_window_7.3:0 (G4Tubs) ... OK! 
BLCMDtubs::Construct rf_window_7.3 parent= relZ=14597.2 globZ=14597.2
	zmin=14597.2 zmax=14597.2 kill=0
Checking overlaps for volume rf_window_7.3:0 (G4Tubs) ... OK! 
BLCMDtubs::Construct rf_window_7.3 parent= relZ=14791.5 globZ=14791.5
	zmin=14791.5 zmax=14791.5 kill=0
Checking overlaps for volume wedge_marker_c_7:0 (G4Tubs) ... OK! 
BLCMDtubs::Construct wedge_marker_c_7 parent= relZ=14990.0 globZ=14990.0
	zmin=14989.5 zmax=14990.5 kill=0
Checking overlaps for volume wedge_marker_d_7:0 (G4Tubs) ... OK! 
BLCMDtubs::Construct wedge_marker_d_7 parent= relZ=15010.0 globZ=15010.0
	zmin=15009.5 zmax=15010.5 kill=0
Checking overlaps for volume wedge7:0 (G4IntersectionSolid) ... OK! 
BLCMDboolean::Construct wedge7 parent= relZ=15000.0 globZ=15000.0
	zmin=14775.0 zmax=15225.0
Checking overlaps for volume rf_b_7.1Pipe:0 (G4Tubs) ... OK! 
Checking overlaps for volume rf_b_7.1UsWall:0 (G4Tubs) ... OK! 
Checking overlaps for volume rf_b_7.1DsWall:0 (G4Tubs) ... OK! 
Checking overlaps for volume rf_b_7.1DsHalf:0 (G4Tubs) ... OK! 
Checking overlaps for volume rf_b_7.1TimingVol:0 (G4Tubs) ... OK! 
Checking overlaps for volume rf_b_7.1:0 (G4Tubs) ... OK! 
BLCMDpillbox::construct rf_b_7.1 parent= relZ=15305.6 globZ=15305.6
	zmin=15211.0 zmax=15400.3
Checking overlaps for volume rf_window_b_7.1:0 (G4Tubs) ... OK! 
BLCMDtubs::Construct rf_window_b_7.1 parent= relZ=15208.5 globZ=15208.5
	zmin=15208.5 zmax=15208.5 kill=0
Checking overlaps for volume rf_b_7.2Pipe:0 (G4Tubs) ... OK! 
Checking overlaps for volume rf_b_7.2UsWall:0 (G4Tubs) ... OK! 
Checking overlaps for volume rf_b_7.2DsWall:0 (G4Tubs) ... OK! 
Checking overlaps for volume rf_b_7.2DsHalf:0 (G4Tubs) ... OK! 
Checking overlaps for volume rf_b_7.2TimingVol:0 (G4Tubs) ... OK! 
Checking overlaps for volume rf_b_7.2:0 (G4Tubs) ... OK! 
BLCMDpillbox::construct rf_b_7.2 parent= relZ=15500.0 globZ=15500.0
	zmin=15405.3 zmax=15594.7
Checking overlaps for volume rf_window_b_7.2:0 (G4Tubs) ... OK! 
BLCMDtubs::Construct rf_window_b_7.2 parent= relZ=15402.8 globZ=15402.8
	zmin=15402.8 zmax=15402.8 kill=0
Checking overlaps for volume rf_b_7.3Pipe:0 (G4Tubs) ... OK! 
Checking overlaps for volume rf_b_7.3UsWall:0 (G4Tubs) ... OK! 
Checking overlaps for volume rf_b_7.3DsWall:0 (G4Tubs) ... OK! 
Checking overlaps for volume rf_b_7.3DsHalf:0 (G4Tubs) ... OK! 
Checking overlaps for volume rf_b_7.3TimingVol:0 (G4Tubs) ... OK! 
Checking overlaps for volume rf_b_7.3:0 (G4Tubs) ... OK! 
BLCMDpillbox::construct rf_b_7.3 parent= relZ=15694.4 globZ=15694.4
	zmin=15599.7 zmax=15789.0
Checking overlaps for volume rf_window_b_7.3:0 (G4Tubs) ... OK! 
BLCMDtubs::Construct rf_window_b_7.3 parent= relZ=15597.2 globZ=15597.2
	zmin=15597.2 zmax=15597.2 kill=0
Checking overlaps for volume rf_window_b_7.3:0 (G4Tubs) ... OK! 
BLCMDtubs::Construct rf_window_b_7.3 parent= relZ=15791.5 globZ=15791.5
	zmin=15791.5 zmax=15791.5 kill=0
Checking overlaps for volume wedge_marker_a_8:0 (G4Tubs) ... OK! 
BLCMDtubs::Construct wedge_marker_a_8 parent= relZ=15990.0 globZ=15990.0
	zmin=15989.5 zmax=15990.5 kill=0
Checking overlaps for volume wedge_marker_b_8:0 (G4Tubs) ... OK! 
BLCMDtubs::Construct wedge_marker_b_8 parent= relZ=16010.0 globZ=16010.0
	zmin=16009.5 zmax=16010.5 kill=0
Checking overlaps for volume wedge8:0 (G4IntersectionSolid) ... OK! 
BLCMDboolean::Construct wedge8 parent= relZ=16000.0 globZ=16000.0
	zmin=15775.0 zmax=16225.0
Checking overlaps for volume rf_8.1Pipe:0 (G4Tubs) ... OK! 
Checking overlaps for volume rf_8.1UsWall:0 (G4Tubs) ... OK! 
Checking overlaps for volume rf_8.1DsWall:0 (G4Tubs) ... OK! 
Checking overlaps for volume rf_8.1DsHalf:0 (G4Tubs) ... OK! 
Checking overlaps for volume rf_8.1TimingVol:0 (G4Tubs) ... OK! 
Checking overlaps for volume rf_8.1:0 (G4Tubs) ... OK! 
BLCMDpillbox::construct rf_8.1 parent= relZ=16305.6 globZ=16305.6
	zmin=16211.0 zmax=16400.3
Checking overlaps for volume rf_window_8.1:0 (G4Tubs) ... OK! 
BLCMDtubs::Construct rf_window_8.1 parent= relZ=16208.5 globZ=16208.5
	zmin=16208.5 zmax=16208.5 kill=0
Checking overlaps for volume rf_8.2Pipe:0 (G4Tubs) ... OK! 
Checking overlaps for volume rf_8.2UsWall:0 (G4Tubs) ... OK! 
Checking overlaps for volume rf_8.2DsWall:0 (G4Tubs) ... OK! 
Checking overlaps for volume rf_8.2DsHalf:0 (G4Tubs) ... OK! 
Checking overlaps for volume rf_8.2TimingVol:0 (G4Tubs) ... OK! 
Checking overlaps for volume rf_8.2:0 (G4Tubs) ... OK! 
BLCMDpillbox::construct rf_8.2 parent= relZ=16500.0 globZ=16500.0
	zmin=16405.3 zmax=16594.7
Checking overlaps for volume rf_window_8.2:0 (G4Tubs) ... OK! 
BLCMDtubs::Construct rf_window_8.2 parent= relZ=16402.8 globZ=16402.8
	zmin=16402.8 zmax=16402.8 kill=0
Checking overlaps for volume rf_8.3Pipe:0 (G4Tubs) ... OK! 
Checking overlaps for volume rf_8.3UsWall:0 (G4Tubs) ... OK! 
Checking overlaps for volume rf_8.3DsWall:0 (G4Tubs) ... OK! 
Checking overlaps for volume rf_8.3DsHalf:0 (G4Tubs) ... OK! 
Checking overlaps for volume rf_8.3TimingVol:0 (G4Tubs) ... OK! 
Checking overlaps for volume rf_8.3:0 (G4Tubs) ... OK! 
BLCMDpillbox::construct rf_8.3 parent= relZ=16694.4 globZ=16694.4
	zmin=16599.7 zmax=16789.0
Checking overlaps for volume rf_window_8.3:0 (G4Tubs) ... OK! 
BLCMDtubs::Construct rf_window_8.3 parent= relZ=16597.2 globZ=16597.2
	zmin=16597.2 zmax=16597.2 kill=0
Checking overlaps for volume rf_window_8.3:0 (G4Tubs) ... OK! 
BLCMDtubs::Construct rf_window_8.3 parent= relZ=16791.5 globZ=16791.5
	zmin=16791.5 zmax=16791.5 kill=0
Checking overlaps for volume wedge_marker_c_8:0 (G4Tubs) ... OK! 
BLCMDtubs::Construct wedge_marker_c_8 parent= relZ=16990.0 globZ=16990.0
	zmin=16989.5 zmax=16990.5 kill=0
Checking overlaps for volume wedge_marker_d_8:0 (G4Tubs) ... OK! 
BLCMDtubs::Construct wedge_marker_d_8 parent= relZ=17010.0 globZ=17010.0
	zmin=17009.5 zmax=17010.5 kill=0
Checking overlaps for volume wedge8:0 (G4IntersectionSolid) ... OK! 
BLCMDboolean::Construct wedge8 parent= relZ=17000.0 globZ=17000.0
	zmin=16775.0 zmax=17225.0
Checking overlaps for volume rf_b_8.1Pipe:0 (G4Tubs) ... OK! 
Checking overlaps for volume rf_b_8.1UsWall:0 (G4Tubs) ... OK! 
Checking overlaps for volume rf_b_8.1DsWall:0 (G4Tubs) ... OK! 
Checking overlaps for volume rf_b_8.1DsHalf:0 (G4Tubs) ... OK! 
Checking overlaps for volume rf_b_8.1TimingVol:0 (G4Tubs) ... OK! 
Checking overlaps for volume rf_b_8.1:0 (G4Tubs) ... OK! 
BLCMDpillbox::construct rf_b_8.1 parent= relZ=17305.6 globZ=17305.6
	zmin=17211.0 zmax=17400.3
Checking overlaps for volume rf_window_b_8.1:0 (G4Tubs) ... OK! 
BLCMDtubs::Construct rf_window_b_8.1 parent= relZ=17208.5 globZ=17208.5
	zmin=17208.5 zmax=17208.5 kill=0
Checking overlaps for volume rf_b_8.2Pipe:0 (G4Tubs) ... OK! 
Checking overlaps for volume rf_b_8.2UsWall:0 (G4Tubs) ... OK! 
Checking overlaps for volume rf_b_8.2DsWall:0 (G4Tubs) ... OK! 
Checking overlaps for volume rf_b_8.2DsHalf:0 (G4Tubs) ... OK! 
Checking overlaps for volume rf_b_8.2TimingVol:0 (G4Tubs) ... OK! 
Checking overlaps for volume rf_b_8.2:0 (G4Tubs) ... OK! 
BLCMDpillbox::construct rf_b_8.2 parent= relZ=17500.0 globZ=17500.0
	zmin=17405.3 zmax=17594.7
Checking overlaps for volume rf_window_b_8.2:0 (G4Tubs) ... OK! 
BLCMDtubs::Construct rf_window_b_8.2 parent= relZ=17402.8 globZ=17402.8
	zmin=17402.8 zmax=17402.8 kill=0
Checking overlaps for volume rf_b_8.3Pipe:0 (G4Tubs) ... OK! 
Checking overlaps for volume rf_b_8.3UsWall:0 (G4Tubs) ... OK! 
Checking overlaps for volume rf_b_8.3DsWall:0 (G4Tubs) ... OK! 
Checking overlaps for volume rf_b_8.3DsHalf:0 (G4Tubs) ... OK! 
Checking overlaps for volume rf_b_8.3TimingVol:0 (G4Tubs) ... OK! 
Checking overlaps for volume rf_b_8.3:0 (G4Tubs) ... OK! 
BLCMDpillbox::construct rf_b_8.3 parent= relZ=17694.4 globZ=17694.4
	zmin=17599.7 zmax=17789.0
Checking overlaps for volume rf_window_b_8.3:0 (G4Tubs) ... OK! 
BLCMDtubs::Construct rf_window_b_8.3 parent= relZ=17597.2 globZ=17597.2
	zmin=17597.2 zmax=17597.2 kill=0
Checking overlaps for volume rf_window_b_8.3:0 (G4Tubs) ... OK! 
BLCMDtubs::Construct rf_window_b_8.3 parent= relZ=17791.5 globZ=17791.5
	zmin=17791.5 zmax=17791.5 kill=0
Checking overlaps for volume wedge_marker_a_9:0 (G4Tubs) ... OK! 
BLCMDtubs::Construct wedge_marker_a_9 parent= relZ=17990.0 globZ=17990.0
	zmin=17989.5 zmax=17990.5 kill=0
Checking overlaps for volume wedge_marker_b_9:0 (G4Tubs) ... OK! 
BLCMDtubs::Construct wedge_marker_b_9 parent= relZ=18010.0 globZ=18010.0
	zmin=18009.5 zmax=18010.5 kill=0
Checking overlaps for volume wedge9:0 (G4IntersectionSolid) ... OK! 
BLCMDboolean::Construct wedge9 parent= relZ=18000.0 globZ=18000.0
	zmin=17775.0 zmax=18225.0
Checking overlaps for volume rf_9.1Pipe:0 (G4Tubs) ... OK! 
Checking overlaps for volume rf_9.1UsWall:0 (G4Tubs) ... OK! 
Checking overlaps for volume rf_9.1DsWall:0 (G4Tubs) ... OK! 
Checking overlaps for volume rf_9.1DsHalf:0 (G4Tubs) ... OK! 
Checking overlaps for volume rf_9.1TimingVol:0 (G4Tubs) ... OK! 
Checking overlaps for volume rf_9.1:0 (G4Tubs) ... OK! 
BLCMDpillbox::construct rf_9.1 parent= relZ=18305.6 globZ=18305.6
	zmin=18211.0 zmax=18400.3
Checking overlaps for volume rf_window_9.1:0 (G4Tubs) ... OK! 
BLCMDtubs::Construct rf_window_9.1 parent= relZ=18208.5 globZ=18208.5
	zmin=18208.5 zmax=18208.5 kill=0
Checking overlaps for volume rf_9.2Pipe:0 (G4Tubs) ... OK! 
Checking overlaps for volume rf_9.2UsWall:0 (G4Tubs) ... OK! 
Checking overlaps for volume rf_9.2DsWall:0 (G4Tubs) ... OK! 
Checking overlaps for volume rf_9.2DsHalf:0 (G4Tubs) ... OK! 
Checking overlaps for volume rf_9.2TimingVol:0 (G4Tubs) ... OK! 
Checking overlaps for volume rf_9.2:0 (G4Tubs) ... OK! 
BLCMDpillbox::construct rf_9.2 parent= relZ=18500.0 globZ=18500.0
	zmin=18405.3 zmax=18594.7
Checking overlaps for volume rf_window_9.2:0 (G4Tubs) ... OK! 
BLCMDtubs::Construct rf_window_9.2 parent= relZ=18402.8 globZ=18402.8
	zmin=18402.8 zmax=18402.8 kill=0
Checking overlaps for volume rf_9.3Pipe:0 (G4Tubs) ... OK! 
Checking overlaps for volume rf_9.3UsWall:0 (G4Tubs) ... OK! 
Checking overlaps for volume rf_9.3DsWall:0 (G4Tubs) ... OK! 
Checking overlaps for volume rf_9.3DsHalf:0 (G4Tubs) ... OK! 
Checking overlaps for volume rf_9.3TimingVol:0 (G4Tubs) ... OK! 
Checking overlaps for volume rf_9.3:0 (G4Tubs) ... OK! 
BLCMDpillbox::construct rf_9.3 parent= relZ=18694.4 globZ=18694.4
	zmin=18599.7 zmax=18789.0
Checking overlaps for volume rf_window_9.3:0 (G4Tubs) ... OK! 
BLCMDtubs::Construct rf_window_9.3 parent= relZ=18597.2 globZ=18597.2
	zmin=18597.2 zmax=18597.2 kill=0
Checking overlaps for volume rf_window_9.3:0 (G4Tubs) ... OK! 
BLCMDtubs::Construct rf_window_9.3 parent= relZ=18791.5 globZ=18791.5
	zmin=18791.5 zmax=18791.5 kill=0
Checking overlaps for volume wedge_marker_c_9:0 (G4Tubs) ... OK! 
BLCMDtubs::Construct wedge_marker_c_9 parent= relZ=18990.0 globZ=18990.0
	zmin=18989.5 zmax=18990.5 kill=0
Checking overlaps for volume wedge_marker_d_9:0 (G4Tubs) ... OK! 
BLCMDtubs::Construct wedge_marker_d_9 parent= relZ=19010.0 globZ=19010.0
	zmin=19009.5 zmax=19010.5 kill=0
Checking overlaps for volume wedge9:0 (G4IntersectionSolid) ... OK! 
BLCMDboolean::Construct wedge9 parent= relZ=19000.0 globZ=19000.0
	zmin=18775.0 zmax=19225.0
Checking overlaps for volume rf_b_9.1Pipe:0 (G4Tubs) ... OK! 
Checking overlaps for volume rf_b_9.1UsWall:0 (G4Tubs) ... OK! 
Checking overlaps for volume rf_b_9.1DsWall:0 (G4Tubs) ... OK! 
Checking overlaps for volume rf_b_9.1DsHalf:0 (G4Tubs) ... OK! 
Checking overlaps for volume rf_b_9.1TimingVol:0 (G4Tubs) ... OK! 
Checking overlaps for volume rf_b_9.1:0 (G4Tubs) ... OK! 
BLCMDpillbox::construct rf_b_9.1 parent= relZ=19305.6 globZ=19305.6
	zmin=19211.0 zmax=19400.3
Checking overlaps for volume rf_window_b_9.1:0 (G4Tubs) ... OK! 
BLCMDtubs::Construct rf_window_b_9.1 parent= relZ=19208.5 globZ=19208.5
	zmin=19208.5 zmax=19208.5 kill=0
Checking overlaps for volume rf_b_9.2Pipe:0 (G4Tubs) ... OK! 
Checking overlaps for volume rf_b_9.2UsWall:0 (G4Tubs) ... OK! 
Checking overlaps for volume rf_b_9.2DsWall:0 (G4Tubs) ... OK! 
Checking overlaps for volume rf_b_9.2DsHalf:0 (G4Tubs) ... OK! 
Checking overlaps for volume rf_b_9.2TimingVol:0 (G4Tubs) ... OK! 
Checking overlaps for volume rf_b_9.2:0 (G4Tubs) ... OK! 
BLCMDpillbox::construct rf_b_9.2 parent= relZ=19500.0 globZ=19500.0
	zmin=19405.3 zmax=19594.7
Checking overlaps for volume rf_window_b_9.2:0 (G4Tubs) ... OK! 
BLCMDtubs::Construct rf_window_b_9.2 parent= relZ=19402.8 globZ=19402.8
	zmin=19402.8 zmax=19402.8 kill=0
Checking overlaps for volume rf_b_9.3Pipe:0 (G4Tubs) ... OK! 
Checking overlaps for volume rf_b_9.3UsWall:0 (G4Tubs) ... OK! 
Checking overlaps for volume rf_b_9.3DsWall:0 (G4Tubs) ... OK! 
Checking overlaps for volume rf_b_9.3DsHalf:0 (G4Tubs) ... OK! 
Checking overlaps for volume rf_b_9.3TimingVol:0 (G4Tubs) ... OK! 
Checking overlaps for volume rf_b_9.3:0 (G4Tubs) ... OK! 
BLCMDpillbox::construct rf_b_9.3 parent= relZ=19694.4 globZ=19694.4
	zmin=19599.7 zmax=19789.0
Checking overlaps for volume rf_window_b_9.3:0 (G4Tubs) ... OK! 
BLCMDtubs::Construct rf_window_b_9.3 parent= relZ=19597.2 globZ=19597.2
	zmin=19597.2 zmax=19597.2 kill=0
Checking overlaps for volume rf_window_b_9.3:0 (G4Tubs) ... OK! 
BLCMDtubs::Construct rf_window_b_9.3 parent= relZ=19791.5 globZ=19791.5
	zmin=19791.5 zmax=19791.5 kill=0
Checking overlaps for volume wedge_marker_a_10:0 (G4Tubs) ... OK! 
BLCMDtubs::Construct wedge_marker_a_10 parent= relZ=19990.0 globZ=19990.0
	zmin=19989.5 zmax=19990.5 kill=0
Checking overlaps for volume wedge_marker_b_10:0 (G4Tubs) ... OK! 
BLCMDtubs::Construct wedge_marker_b_10 parent= relZ=20010.0 globZ=20010.0
	zmin=20009.5 zmax=20010.5 kill=0
Checking overlaps for volume wedge10:0 (G4IntersectionSolid) ... OK! 
BLCMDboolean::Construct wedge10 parent= relZ=20000.0 globZ=20000.0
	zmin=19775.0 zmax=20225.0
Checking overlaps for volume rf_10.1Pipe:0 (G4Tubs) ... OK! 
Checking overlaps for volume rf_10.1UsWall:0 (G4Tubs) ... OK! 
Checking overlaps for volume rf_10.1DsWall:0 (G4Tubs) ... OK! 
Checking overlaps for volume rf_10.1DsHalf:0 (G4Tubs) ... OK! 
Checking overlaps for volume rf_10.1TimingVol:0 (G4Tubs) ... OK! 
Checking overlaps for volume rf_10.1:0 (G4Tubs) ... OK! 
BLCMDpillbox::construct rf_10.1 parent= relZ=20305.6 globZ=20305.6
	zmin=20211.0 zmax=20400.3
Checking overlaps for volume rf_window_10.1:0 (G4Tubs) ... OK! 
BLCMDtubs::Construct rf_window_10.1 parent= relZ=20208.5 globZ=20208.5
	zmin=20208.5 zmax=20208.5 kill=0
Checking overlaps for volume rf_10.2Pipe:0 (G4Tubs) ... OK! 
Checking overlaps for volume rf_10.2UsWall:0 (G4Tubs) ... OK! 
Checking overlaps for volume rf_10.2DsWall:0 (G4Tubs) ... OK! 
Checking overlaps for volume rf_10.2DsHalf:0 (G4Tubs) ... OK! 
Checking overlaps for volume rf_10.2TimingVol:0 (G4Tubs) ... OK! 
Checking overlaps for volume rf_10.2:0 (G4Tubs) ... OK! 
BLCMDpillbox::construct rf_10.2 parent= relZ=20500.0 globZ=20500.0
	zmin=20405.3 zmax=20594.7
Checking overlaps for volume rf_window_10.2:0 (G4Tubs) ... OK! 
BLCMDtubs::Construct rf_window_10.2 parent= relZ=20402.8 globZ=20402.8
	zmin=20402.8 zmax=20402.8 kill=0
Checking overlaps for volume rf_10.3Pipe:0 (G4Tubs) ... OK! 
Checking overlaps for volume rf_10.3UsWall:0 (G4Tubs) ... OK! 
Checking overlaps for volume rf_10.3DsWall:0 (G4Tubs) ... OK! 
Checking overlaps for volume rf_10.3DsHalf:0 (G4Tubs) ... OK! 
Checking overlaps for volume rf_10.3TimingVol:0 (G4Tubs) ... OK! 
Checking overlaps for volume rf_10.3:0 (G4Tubs) ... OK! 
BLCMDpillbox::construct rf_10.3 parent= relZ=20694.4 globZ=20694.4
	zmin=20599.7 zmax=20789.0
Checking overlaps for volume rf_window_10.3:0 (G4Tubs) ... OK! 
BLCMDtubs::Construct rf_window_10.3 parent= relZ=20597.2 globZ=20597.2
	zmin=20597.2 zmax=20597.2 kill=0
Checking overlaps for volume rf_window_10.3:0 (G4Tubs) ... OK! 
BLCMDtubs::Construct rf_window_10.3 parent= relZ=20791.5 globZ=20791.5
	zmin=20791.5 zmax=20791.5 kill=0
Checking overlaps for volume wedge_marker_c_10:0 (G4Tubs) ... OK! 
BLCMDtubs::Construct wedge_marker_c_10 parent= relZ=20990.0 globZ=20990.0
	zmin=20989.5 zmax=20990.5 kill=0
Checking overlaps for volume wedge_marker_d_10:0 (G4Tubs) ... OK! 
BLCMDtubs::Construct wedge_marker_d_10 parent= relZ=21010.0 globZ=21010.0
	zmin=21009.5 zmax=21010.5 kill=0
Checking overlaps for volume wedge10:0 (G4IntersectionSolid) ... OK! 
BLCMDboolean::Construct wedge10 parent= relZ=21000.0 globZ=21000.0
	zmin=20775.0 zmax=21225.0
Checking overlaps for volume rf_b_10.1Pipe:0 (G4Tubs) ... OK! 
Checking overlaps for volume rf_b_10.1UsWall:0 (G4Tubs) ... OK! 
Checking overlaps for volume rf_b_10.1DsWall:0 (G4Tubs) ... OK! 
Checking overlaps for volume rf_b_10.1DsHalf:0 (G4Tubs) ... OK! 
Checking overlaps for volume rf_b_10.1TimingVol:0 (G4Tubs) ... OK! 
Checking overlaps for volume rf_b_10.1:0 (G4Tubs) ... OK! 
BLCMDpillbox::construct rf_b_10.1 parent= relZ=21305.6 globZ=21305.6
	zmin=21211.0 zmax=21400.3
Checking overlaps for volume rf_window_b_10.1:0 (G4Tubs) ... OK! 
BLCMDtubs::Construct rf_window_b_10.1 parent= relZ=21208.5 globZ=21208.5
	zmin=21208.5 zmax=21208.5 kill=0
Checking overlaps for volume rf_b_10.2Pipe:0 (G4Tubs) ... OK! 
Checking overlaps for volume rf_b_10.2UsWall:0 (G4Tubs) ... OK! 
Checking overlaps for volume rf_b_10.2DsWall:0 (G4Tubs) ... OK! 
Checking overlaps for volume rf_b_10.2DsHalf:0 (G4Tubs) ... OK! 
Checking overlaps for volume rf_b_10.2TimingVol:0 (G4Tubs) ... OK! 
Checking overlaps for volume rf_b_10.2:0 (G4Tubs) ... OK! 
BLCMDpillbox::construct rf_b_10.2 parent= relZ=21500.0 globZ=21500.0
	zmin=21405.3 zmax=21594.7
Checking overlaps for volume rf_window_b_10.2:0 (G4Tubs) ... OK! 
BLCMDtubs::Construct rf_window_b_10.2 parent= relZ=21402.8 globZ=21402.8
	zmin=21402.8 zmax=21402.8 kill=0
Checking overlaps for volume rf_b_10.3Pipe:0 (G4Tubs) ... OK! 
Checking overlaps for volume rf_b_10.3UsWall:0 (G4Tubs) ... OK! 
Checking overlaps for volume rf_b_10.3DsWall:0 (G4Tubs) ... OK! 
Checking overlaps for volume rf_b_10.3DsHalf:0 (G4Tubs) ... OK! 
Checking overlaps for volume rf_b_10.3TimingVol:0 (G4Tubs) ... OK! 
Checking overlaps for volume rf_b_10.3:0 (G4Tubs) ... OK! 
BLCMDpillbox::construct rf_b_10.3 parent= relZ=21694.4 globZ=21694.4
	zmin=21599.7 zmax=21789.0
Checking overlaps for volume rf_window_b_10.3:0 (G4Tubs) ... OK! 
BLCMDtubs::Construct rf_window_b_10.3 parent= relZ=21597.2 globZ=21597.2
	zmin=21597.2 zmax=21597.2 kill=0
Checking overlaps for volume rf_window_b_10.3:0 (G4Tubs) ... OK! 
BLCMDtubs::Construct rf_window_b_10.3 parent= relZ=21791.5 globZ=21791.5
	zmin=21791.5 zmax=21791.5 kill=0
Checking overlaps for volume wedge_marker_a_11:0 (G4Tubs) ... OK! 
BLCMDtubs::Construct wedge_marker_a_11 parent= relZ=21990.0 globZ=21990.0
	zmin=21989.5 zmax=21990.5 kill=0
Checking overlaps for volume wedge_marker_b_11:0 (G4Tubs) ... OK! 
BLCMDtubs::Construct wedge_marker_b_11 parent= relZ=22010.0 globZ=22010.0
	zmin=22009.5 zmax=22010.5 kill=0
Checking overlaps for volume wedge11:0 (G4IntersectionSolid) ... OK! 
BLCMDboolean::Construct wedge11 parent= relZ=22000.0 globZ=22000.0
	zmin=21775.0 zmax=22225.0
Checking overlaps for volume rf_11.1Pipe:0 (G4Tubs) ... OK! 
Checking overlaps for volume rf_11.1UsWall:0 (G4Tubs) ... OK! 
Checking overlaps for volume rf_11.1DsWall:0 (G4Tubs) ... OK! 
Checking overlaps for volume rf_11.1DsHalf:0 (G4Tubs) ... OK! 
Checking overlaps for volume rf_11.1TimingVol:0 (G4Tubs) ... OK! 
Checking overlaps for volume rf_11.1:0 (G4Tubs) ... OK! 
BLCMDpillbox::construct rf_11.1 parent= relZ=22305.6 globZ=22305.6
	zmin=22211.0 zmax=22400.3
Checking overlaps for volume rf_window_11.1:0 (G4Tubs) ... OK! 
BLCMDtubs::Construct rf_window_11.1 parent= relZ=22208.5 globZ=22208.5
	zmin=22208.5 zmax=22208.5 kill=0
Checking overlaps for volume rf_11.2Pipe:0 (G4Tubs) ... OK! 
Checking overlaps for volume rf_11.2UsWall:0 (G4Tubs) ... OK! 
Checking overlaps for volume rf_11.2DsWall:0 (G4Tubs) ... OK! 
Checking overlaps for volume rf_11.2DsHalf:0 (G4Tubs) ... OK! 
Checking overlaps for volume rf_11.2TimingVol:0 (G4Tubs) ... OK! 
Checking overlaps for volume rf_11.2:0 (G4Tubs) ... OK! 
BLCMDpillbox::construct rf_11.2 parent= relZ=22500.0 globZ=22500.0
	zmin=22405.3 zmax=22594.7
Checking overlaps for volume rf_window_11.2:0 (G4Tubs) ... OK! 
BLCMDtubs::Construct rf_window_11.2 parent= relZ=22402.8 globZ=22402.8
	zmin=22402.8 zmax=22402.8 kill=0
Checking overlaps for volume rf_11.3Pipe:0 (G4Tubs) ... OK! 
Checking overlaps for volume rf_11.3UsWall:0 (G4Tubs) ... OK! 
Checking overlaps for volume rf_11.3DsWall:0 (G4Tubs) ... OK! 
Checking overlaps for volume rf_11.3DsHalf:0 (G4Tubs) ... OK! 
Checking overlaps for volume rf_11.3TimingVol:0 (G4Tubs) ... OK! 
Checking overlaps for volume rf_11.3:0 (G4Tubs) ... OK! 
BLCMDpillbox::construct rf_11.3 parent= relZ=22694.4 globZ=22694.4
	zmin=22599.7 zmax=22789.0
Checking overlaps for volume rf_window_11.3:0 (G4Tubs) ... OK! 
BLCMDtubs::Construct rf_window_11.3 parent= relZ=22597.2 globZ=22597.2
	zmin=22597.2 zmax=22597.2 kill=0
Checking overlaps for volume rf_window_11.3:0 (G4Tubs) ... OK! 
BLCMDtubs::Construct rf_window_11.3 parent= relZ=22791.5 globZ=22791.5
	zmin=22791.5 zmax=22791.5 kill=0
Checking overlaps for volume wedge_marker_c_11:0 (G4Tubs) ... OK! 
BLCMDtubs::Construct wedge_marker_c_11 parent= relZ=22990.0 globZ=22990.0
	zmin=22989.5 zmax=22990.5 kill=0
Checking overlaps for volume wedge_marker_d_11:0 (G4Tubs) ... OK! 
BLCMDtubs::Construct wedge_marker_d_11 parent= relZ=23010.0 globZ=23010.0
	zmin=23009.5 zmax=23010.5 kill=0
Checking overlaps for volume wedge11:0 (G4IntersectionSolid) ... OK! 
BLCMDboolean::Construct wedge11 parent= relZ=23000.0 globZ=23000.0
	zmin=22775.0 zmax=23225.0
Checking overlaps for volume rf_b_11.1Pipe:0 (G4Tubs) ... OK! 
Checking overlaps for volume rf_b_11.1UsWall:0 (G4Tubs) ... OK! 
Checking overlaps for volume rf_b_11.1DsWall:0 (G4Tubs) ... OK! 
Checking overlaps for volume rf_b_11.1DsHalf:0 (G4Tubs) ... OK! 
Checking overlaps for volume rf_b_11.1TimingVol:0 (G4Tubs) ... OK! 
Checking overlaps for volume rf_b_11.1:0 (G4Tubs) ... OK! 
BLCMDpillbox::construct rf_b_11.1 parent= relZ=23305.6 globZ=23305.6
	zmin=23211.0 zmax=23400.3
Checking overlaps for volume rf_window_b_11.1:0 (G4Tubs) ... OK! 
BLCMDtubs::Construct rf_window_b_11.1 parent= relZ=23208.5 globZ=23208.5
	zmin=23208.5 zmax=23208.5 kill=0
Checking overlaps for volume rf_b_11.2Pipe:0 (G4Tubs) ... OK! 
Checking overlaps for volume rf_b_11.2UsWall:0 (G4Tubs) ... OK! 
Checking overlaps for volume rf_b_11.2DsWall:0 (G4Tubs) ... OK! 
Checking overlaps for volume rf_b_11.2DsHalf:0 (G4Tubs) ... OK! 
Checking overlaps for volume rf_b_11.2TimingVol:0 (G4Tubs) ... OK! 
Checking overlaps for volume rf_b_11.2:0 (G4Tubs) ... OK! 
BLCMDpillbox::construct rf_b_11.2 parent= relZ=23500.0 globZ=23500.0
	zmin=23405.3 zmax=23594.7
Checking overlaps for volume rf_window_b_11.2:0 (G4Tubs) ... OK! 
BLCMDtubs::Construct rf_window_b_11.2 parent= relZ=23402.8 globZ=23402.8
	zmin=23402.8 zmax=23402.8 kill=0
Checking overlaps for volume rf_b_11.3Pipe:0 (G4Tubs) ... OK! 
Checking overlaps for volume rf_b_11.3UsWall:0 (G4Tubs) ... OK! 
Checking overlaps for volume rf_b_11.3DsWall:0 (G4Tubs) ... OK! 
Checking overlaps for volume rf_b_11.3DsHalf:0 (G4Tubs) ... OK! 
Checking overlaps for volume rf_b_11.3TimingVol:0 (G4Tubs) ... OK! 
Checking overlaps for volume rf_b_11.3:0 (G4Tubs) ... OK! 
BLCMDpillbox::construct rf_b_11.3 parent= relZ=23694.4 globZ=23694.4
	zmin=23599.7 zmax=23789.0
Checking overlaps for volume rf_window_b_11.3:0 (G4Tubs) ... OK! 
BLCMDtubs::Construct rf_window_b_11.3 parent= relZ=23597.2 globZ=23597.2
	zmin=23597.2 zmax=23597.2 kill=0
Checking overlaps for volume rf_window_b_11.3:0 (G4Tubs) ... OK! 
BLCMDtubs::Construct rf_window_b_11.3 parent= relZ=23791.5 globZ=23791.5
	zmin=23791.5 zmax=23791.5 kill=0
Checking overlaps for volume wedge_marker_a_12:0 (G4Tubs) ... OK! 
BLCMDtubs::Construct wedge_marker_a_12 parent= relZ=23990.0 globZ=23990.0
	zmin=23989.5 zmax=23990.5 kill=0
Checking overlaps for volume wedge_marker_b_12:0 (G4Tubs) ... OK! 
BLCMDtubs::Construct wedge_marker_b_12 parent= relZ=24010.0 globZ=24010.0
	zmin=24009.5 zmax=24010.5 kill=0
Checking overlaps for volume wedge12:0 (G4IntersectionSolid) ... OK! 
BLCMDboolean::Construct wedge12 parent= relZ=24000.0 globZ=24000.0
	zmin=23775.0 zmax=24225.0
Checking overlaps for volume rf_12.1Pipe:0 (G4Tubs) ... OK! 
Checking overlaps for volume rf_12.1UsWall:0 (G4Tubs) ... OK! 
Checking overlaps for volume rf_12.1DsWall:0 (G4Tubs) ... OK! 
Checking overlaps for volume rf_12.1DsHalf:0 (G4Tubs) ... OK! 
Checking overlaps for volume rf_12.1TimingVol:0 (G4Tubs) ... OK! 
Checking overlaps for volume rf_12.1:0 (G4Tubs) ... OK! 
BLCMDpillbox::construct rf_12.1 parent= relZ=24305.6 globZ=24305.6
	zmin=24211.0 zmax=24400.3
Checking overlaps for volume rf_window_12.1:0 (G4Tubs) ... OK! 
BLCMDtubs::Construct rf_window_12.1 parent= relZ=24208.5 globZ=24208.5
	zmin=24208.5 zmax=24208.5 kill=0
Checking overlaps for volume rf_12.2Pipe:0 (G4Tubs) ... OK! 
Checking overlaps for volume rf_12.2UsWall:0 (G4Tubs) ... OK! 
Checking overlaps for volume rf_12.2DsWall:0 (G4Tubs) ... OK! 
Checking overlaps for volume rf_12.2DsHalf:0 (G4Tubs) ... OK! 
Checking overlaps for volume rf_12.2TimingVol:0 (G4Tubs) ... OK! 
Checking overlaps for volume rf_12.2:0 (G4Tubs) ... OK! 
BLCMDpillbox::construct rf_12.2 parent= relZ=24500.0 globZ=24500.0
	zmin=24405.3 zmax=24594.7
Checking overlaps for volume rf_window_12.2:0 (G4Tubs) ... OK! 
BLCMDtubs::Construct rf_window_12.2 parent= relZ=24402.8 globZ=24402.8
	zmin=24402.8 zmax=24402.8 kill=0
Checking overlaps for volume rf_12.3Pipe:0 (G4Tubs) ... OK! 
Checking overlaps for volume rf_12.3UsWall:0 (G4Tubs) ... OK! 
Checking overlaps for volume rf_12.3DsWall:0 (G4Tubs) ... OK! 
Checking overlaps for volume rf_12.3DsHalf:0 (G4Tubs) ... OK! 
Checking overlaps for volume rf_12.3TimingVol:0 (G4Tubs) ... OK! 
Checking overlaps for volume rf_12.3:0 (G4Tubs) ... OK! 
BLCMDpillbox::construct rf_12.3 parent= relZ=24694.4 globZ=24694.4
	zmin=24599.7 zmax=24789.0
Checking overlaps for volume rf_window_12.3:0 (G4Tubs) ... OK! 
BLCMDtubs::Construct rf_window_12.3 parent= relZ=24597.2 globZ=24597.2
	zmin=24597.2 zmax=24597.2 kill=0
Checking overlaps for volume rf_window_12.3:0 (G4Tubs) ... OK! 
BLCMDtubs::Construct rf_window_12.3 parent= relZ=24791.5 globZ=24791.5
	zmin=24791.5 zmax=24791.5 kill=0
Checking overlaps for volume wedge_marker_c_12:0 (G4Tubs) ... OK! 
BLCMDtubs::Construct wedge_marker_c_12 parent= relZ=24990.0 globZ=24990.0
	zmin=24989.5 zmax=24990.5 kill=0
Checking overlaps for volume wedge_marker_d_12:0 (G4Tubs) ... OK! 
BLCMDtubs::Construct wedge_marker_d_12 parent= relZ=25010.0 globZ=25010.0
	zmin=25009.5 zmax=25010.5 kill=0
Checking overlaps for volume wedge12:0 (G4IntersectionSolid) ... OK! 
BLCMDboolean::Construct wedge12 parent= relZ=25000.0 globZ=25000.0
	zmin=24775.0 zmax=25225.0
Checking overlaps for volume rf_b_12.1Pipe:0 (G4Tubs) ... OK! 
Checking overlaps for volume rf_b_12.1UsWall:0 (G4Tubs) ... OK! 
Checking overlaps for volume rf_b_12.1DsWall:0 (G4Tubs) ... OK! 
Checking overlaps for volume rf_b_12.1DsHalf:0 (G4Tubs) ... OK! 
Checking overlaps for volume rf_b_12.1TimingVol:0 (G4Tubs) ... OK! 
Checking overlaps for volume rf_b_12.1:0 (G4Tubs) ... OK! 
BLCMDpillbox::construct rf_b_12.1 parent= relZ=25305.6 globZ=25305.6
	zmin=25211.0 zmax=25400.3
Checking overlaps for volume rf_window_b_12.1:0 (G4Tubs) ... OK! 
BLCMDtubs::Construct rf_window_b_12.1 parent= relZ=25208.5 globZ=25208.5
	zmin=25208.5 zmax=25208.5 kill=0
Checking overlaps for volume rf_b_12.2Pipe:0 (G4Tubs) ... OK! 
Checking overlaps for volume rf_b_12.2UsWall:0 (G4Tubs) ... OK! 
Checking overlaps for volume rf_b_12.2DsWall:0 (G4Tubs) ... OK! 
Checking overlaps for volume rf_b_12.2DsHalf:0 (G4Tubs) ... OK! 
Checking overlaps for volume rf_b_12.2TimingVol:0 (G4Tubs) ... OK! 
Checking overlaps for volume rf_b_12.2:0 (G4Tubs) ... OK! 
BLCMDpillbox::construct rf_b_12.2 parent= relZ=25500.0 globZ=25500.0
	zmin=25405.3 zmax=25594.7
Checking overlaps for volume rf_window_b_12.2:0 (G4Tubs) ... OK! 
BLCMDtubs::Construct rf_window_b_12.2 parent= relZ=25402.8 globZ=25402.8
	zmin=25402.8 zmax=25402.8 kill=0
Checking overlaps for volume rf_b_12.3Pipe:0 (G4Tubs) ... OK! 
Checking overlaps for volume rf_b_12.3UsWall:0 (G4Tubs) ... OK! 
Checking overlaps for volume rf_b_12.3DsWall:0 (G4Tubs) ... OK! 
Checking overlaps for volume rf_b_12.3DsHalf:0 (G4Tubs) ... OK! 
Checking overlaps for volume rf_b_12.3TimingVol:0 (G4Tubs) ... OK! 
Checking overlaps for volume rf_b_12.3:0 (G4Tubs) ... OK! 
BLCMDpillbox::construct rf_b_12.3 parent= relZ=25694.4 globZ=25694.4
	zmin=25599.7 zmax=25789.0
Checking overlaps for volume rf_window_b_12.3:0 (G4Tubs) ... OK! 
BLCMDtubs::Construct rf_window_b_12.3 parent= relZ=25597.2 globZ=25597.2
	zmin=25597.2 zmax=25597.2 kill=0
Checking overlaps for volume rf_window_b_12.3:0 (G4Tubs) ... OK! 
BLCMDtubs::Construct rf_window_b_12.3 parent= relZ=25791.5 globZ=25791.5
	zmin=25791.5 zmax=25791.5 kill=0
Checking overlaps for volume wedge_marker_a_13:0 (G4Tubs) ... OK! 
BLCMDtubs::Construct wedge_marker_a_13 parent= relZ=25990.0 globZ=25990.0
	zmin=25989.5 zmax=25990.5 kill=0
Checking overlaps for volume wedge_marker_b_13:0 (G4Tubs) ... OK! 
BLCMDtubs::Construct wedge_marker_b_13 parent= relZ=26010.0 globZ=26010.0
	zmin=26009.5 zmax=26010.5 kill=0
Checking overlaps for volume wedge13:0 (G4IntersectionSolid) ... OK! 
BLCMDboolean::Construct wedge13 parent= relZ=26000.0 globZ=26000.0
	zmin=25775.0 zmax=26225.0
Checking overlaps for volume rf_13.1Pipe:0 (G4Tubs) ... OK! 
Checking overlaps for volume rf_13.1UsWall:0 (G4Tubs) ... OK! 
Checking overlaps for volume rf_13.1DsWall:0 (G4Tubs) ... OK! 
Checking overlaps for volume rf_13.1DsHalf:0 (G4Tubs) ... OK! 
Checking overlaps for volume rf_13.1TimingVol:0 (G4Tubs) ... OK! 
Checking overlaps for volume rf_13.1:0 (G4Tubs) ... OK! 
BLCMDpillbox::construct rf_13.1 parent= relZ=26305.6 globZ=26305.6
	zmin=26211.0 zmax=26400.3
Checking overlaps for volume rf_window_13.1:0 (G4Tubs) ... OK! 
BLCMDtubs::Construct rf_window_13.1 parent= relZ=26208.5 globZ=26208.5
	zmin=26208.5 zmax=26208.5 kill=0
Checking overlaps for volume rf_13.2Pipe:0 (G4Tubs) ... OK! 
Checking overlaps for volume rf_13.2UsWall:0 (G4Tubs) ... OK! 
Checking overlaps for volume rf_13.2DsWall:0 (G4Tubs) ... OK! 
Checking overlaps for volume rf_13.2DsHalf:0 (G4Tubs) ... OK! 
Checking overlaps for volume rf_13.2TimingVol:0 (G4Tubs) ... OK! 
Checking overlaps for volume rf_13.2:0 (G4Tubs) ... OK! 
BLCMDpillbox::construct rf_13.2 parent= relZ=26500.0 globZ=26500.0
	zmin=26405.3 zmax=26594.7
Checking overlaps for volume rf_window_13.2:0 (G4Tubs) ... OK! 
BLCMDtubs::Construct rf_window_13.2 parent= relZ=26402.8 globZ=26402.8
	zmin=26402.8 zmax=26402.8 kill=0
Checking overlaps for volume rf_13.3Pipe:0 (G4Tubs) ... OK! 
Checking overlaps for volume rf_13.3UsWall:0 (G4Tubs) ... OK! 
Checking overlaps for volume rf_13.3DsWall:0 (G4Tubs) ... OK! 
Checking overlaps for volume rf_13.3DsHalf:0 (G4Tubs) ... OK! 
Checking overlaps for volume rf_13.3TimingVol:0 (G4Tubs) ... OK! 
Checking overlaps for volume rf_13.3:0 (G4Tubs) ... OK! 
BLCMDpillbox::construct rf_13.3 parent= relZ=26694.4 globZ=26694.4
	zmin=26599.7 zmax=26789.0
Checking overlaps for volume rf_window_13.3:0 (G4Tubs) ... OK! 
BLCMDtubs::Construct rf_window_13.3 parent= relZ=26597.2 globZ=26597.2
	zmin=26597.2 zmax=26597.2 kill=0
Checking overlaps for volume rf_window_13.3:0 (G4Tubs) ... OK! 
BLCMDtubs::Construct rf_window_13.3 parent= relZ=26791.5 globZ=26791.5
	zmin=26791.5 zmax=26791.5 kill=0
Checking overlaps for volume wedge_marker_c_13:0 (G4Tubs) ... OK! 
BLCMDtubs::Construct wedge_marker_c_13 parent= relZ=26990.0 globZ=26990.0
	zmin=26989.5 zmax=26990.5 kill=0
Checking overlaps for volume wedge_marker_d_13:0 (G4Tubs) ... OK! 
BLCMDtubs::Construct wedge_marker_d_13 parent= relZ=27010.0 globZ=27010.0
	zmin=27009.5 zmax=27010.5 kill=0
Checking overlaps for volume wedge13:0 (G4IntersectionSolid) ... OK! 
BLCMDboolean::Construct wedge13 parent= relZ=27000.0 globZ=27000.0
	zmin=26775.0 zmax=27225.0
Checking overlaps for volume rf_b_13.1Pipe:0 (G4Tubs) ... OK! 
Checking overlaps for volume rf_b_13.1UsWall:0 (G4Tubs) ... OK! 
Checking overlaps for volume rf_b_13.1DsWall:0 (G4Tubs) ... OK! 
Checking overlaps for volume rf_b_13.1DsHalf:0 (G4Tubs) ... OK! 
Checking overlaps for volume rf_b_13.1TimingVol:0 (G4Tubs) ... OK! 
Checking overlaps for volume rf_b_13.1:0 (G4Tubs) ... OK! 
BLCMDpillbox::construct rf_b_13.1 parent= relZ=27305.6 globZ=27305.6
	zmin=27211.0 zmax=27400.3
Checking overlaps for volume rf_window_b_13.1:0 (G4Tubs) ... OK! 
BLCMDtubs::Construct rf_window_b_13.1 parent= relZ=27208.5 globZ=27208.5
	zmin=27208.5 zmax=27208.5 kill=0
Checking overlaps for volume rf_b_13.2Pipe:0 (G4Tubs) ... OK! 
Checking overlaps for volume rf_b_13.2UsWall:0 (G4Tubs) ... OK! 
Checking overlaps for volume rf_b_13.2DsWall:0 (G4Tubs) ... OK! 
Checking overlaps for volume rf_b_13.2DsHalf:0 (G4Tubs) ... OK! 
Checking overlaps for volume rf_b_13.2TimingVol:0 (G4Tubs) ... OK! 
Checking overlaps for volume rf_b_13.2:0 (G4Tubs) ... OK! 
BLCMDpillbox::construct rf_b_13.2 parent= relZ=27500.0 globZ=27500.0
	zmin=27405.3 zmax=27594.7
Checking overlaps for volume rf_window_b_13.2:0 (G4Tubs) ... OK! 
BLCMDtubs::Construct rf_window_b_13.2 parent= relZ=27402.8 globZ=27402.8
	zmin=27402.8 zmax=27402.8 kill=0
Checking overlaps for volume rf_b_13.3Pipe:0 (G4Tubs) ... OK! 
Checking overlaps for volume rf_b_13.3UsWall:0 (G4Tubs) ... OK! 
Checking overlaps for volume rf_b_13.3DsWall:0 (G4Tubs) ... OK! 
Checking overlaps for volume rf_b_13.3DsHalf:0 (G4Tubs) ... OK! 
Checking overlaps for volume rf_b_13.3TimingVol:0 (G4Tubs) ... OK! 
Checking overlaps for volume rf_b_13.3:0 (G4Tubs) ... OK! 
BLCMDpillbox::construct rf_b_13.3 parent= relZ=27694.4 globZ=27694.4
	zmin=27599.7 zmax=27789.0
Checking overlaps for volume rf_window_b_13.3:0 (G4Tubs) ... OK! 
BLCMDtubs::Construct rf_window_b_13.3 parent= relZ=27597.2 globZ=27597.2
	zmin=27597.2 zmax=27597.2 kill=0
Checking overlaps for volume rf_window_b_13.3:0 (G4Tubs) ... OK! 
BLCMDtubs::Construct rf_window_b_13.3 parent= relZ=27791.5 globZ=27791.5
	zmin=27791.5 zmax=27791.5 kill=0
Checking overlaps for volume wedge_marker_a_14:0 (G4Tubs) ... OK! 
BLCMDtubs::Construct wedge_marker_a_14 parent= relZ=27990.0 globZ=27990.0
	zmin=27989.5 zmax=27990.5 kill=0
Checking overlaps for volume wedge_marker_b_14:0 (G4Tubs) ... OK! 
BLCMDtubs::Construct wedge_marker_b_14 parent= relZ=28010.0 globZ=28010.0
	zmin=28009.5 zmax=28010.5 kill=0
Checking overlaps for volume wedge14:0 (G4IntersectionSolid) ... OK! 
BLCMDboolean::Construct wedge14 parent= relZ=28000.0 globZ=28000.0
	zmin=27775.0 zmax=28225.0
Checking overlaps for volume rf_14.1Pipe:0 (G4Tubs) ... OK! 
Checking overlaps for volume rf_14.1UsWall:0 (G4Tubs) ... OK! 
Checking overlaps for volume rf_14.1DsWall:0 (G4Tubs) ... OK! 
Checking overlaps for volume rf_14.1DsHalf:0 (G4Tubs) ... OK! 
Checking overlaps for volume rf_14.1TimingVol:0 (G4Tubs) ... OK! 
Checking overlaps for volume rf_14.1:0 (G4Tubs) ... OK! 
BLCMDpillbox::construct rf_14.1 parent= relZ=28305.6 globZ=28305.6
	zmin=28211.0 zmax=28400.3
Checking overlaps for volume rf_window_14.1:0 (G4Tubs) ... OK! 
BLCMDtubs::Construct rf_window_14.1 parent= relZ=28208.5 globZ=28208.5
	zmin=28208.5 zmax=28208.5 kill=0
Checking overlaps for volume rf_14.2Pipe:0 (G4Tubs) ... OK! 
Checking overlaps for volume rf_14.2UsWall:0 (G4Tubs) ... OK! 
Checking overlaps for volume rf_14.2DsWall:0 (G4Tubs) ... OK! 
Checking overlaps for volume rf_14.2DsHalf:0 (G4Tubs) ... OK! 
Checking overlaps for volume rf_14.2TimingVol:0 (G4Tubs) ... OK! 
Checking overlaps for volume rf_14.2:0 (G4Tubs) ... OK! 
BLCMDpillbox::construct rf_14.2 parent= relZ=28500.0 globZ=28500.0
	zmin=28405.3 zmax=28594.7
Checking overlaps for volume rf_window_14.2:0 (G4Tubs) ... OK! 
BLCMDtubs::Construct rf_window_14.2 parent= relZ=28402.8 globZ=28402.8
	zmin=28402.8 zmax=28402.8 kill=0
Checking overlaps for volume rf_14.3Pipe:0 (G4Tubs) ... OK! 
Checking overlaps for volume rf_14.3UsWall:0 (G4Tubs) ... OK! 
Checking overlaps for volume rf_14.3DsWall:0 (G4Tubs) ... OK! 
Checking overlaps for volume rf_14.3DsHalf:0 (G4Tubs) ... OK! 
Checking overlaps for volume rf_14.3TimingVol:0 (G4Tubs) ... OK! 
Checking overlaps for volume rf_14.3:0 (G4Tubs) ... OK! 
BLCMDpillbox::construct rf_14.3 parent= relZ=28694.4 globZ=28694.4
	zmin=28599.7 zmax=28789.0
Checking overlaps for volume rf_window_14.3:0 (G4Tubs) ... OK! 
BLCMDtubs::Construct rf_window_14.3 parent= relZ=28597.2 globZ=28597.2
	zmin=28597.2 zmax=28597.2 kill=0
Checking overlaps for volume rf_window_14.3:0 (G4Tubs) ... OK! 
BLCMDtubs::Construct rf_window_14.3 parent= relZ=28791.5 globZ=28791.5
	zmin=28791.5 zmax=28791.5 kill=0
Checking overlaps for volume wedge_marker_c_14:0 (G4Tubs) ... OK! 
BLCMDtubs::Construct wedge_marker_c_14 parent= relZ=28990.0 globZ=28990.0
	zmin=28989.5 zmax=28990.5 kill=0
Checking overlaps for volume wedge_marker_d_14:0 (G4Tubs) ... OK! 
BLCMDtubs::Construct wedge_marker_d_14 parent= relZ=29010.0 globZ=29010.0
	zmin=29009.5 zmax=29010.5 kill=0
Checking overlaps for volume wedge14:0 (G4IntersectionSolid) ... OK! 
BLCMDboolean::Construct wedge14 parent= relZ=29000.0 globZ=29000.0
	zmin=28775.0 zmax=29225.0
Checking overlaps for volume rf_b_14.1Pipe:0 (G4Tubs) ... OK! 
Checking overlaps for volume rf_b_14.1UsWall:0 (G4Tubs) ... OK! 
Checking overlaps for volume rf_b_14.1DsWall:0 (G4Tubs) ... OK! 
Checking overlaps for volume rf_b_14.1DsHalf:0 (G4Tubs) ... OK! 
Checking overlaps for volume rf_b_14.1TimingVol:0 (G4Tubs) ... OK! 
Checking overlaps for volume rf_b_14.1:0 (G4Tubs) ... OK! 
BLCMDpillbox::construct rf_b_14.1 parent= relZ=29305.6 globZ=29305.6
	zmin=29211.0 zmax=29400.3
Checking overlaps for volume rf_window_b_14.1:0 (G4Tubs) ... OK! 
BLCMDtubs::Construct rf_window_b_14.1 parent= relZ=29208.5 globZ=29208.5
	zmin=29208.5 zmax=29208.5 kill=0
Checking overlaps for volume rf_b_14.2Pipe:0 (G4Tubs) ... OK! 
Checking overlaps for volume rf_b_14.2UsWall:0 (G4Tubs) ... OK! 
Checking overlaps for volume rf_b_14.2DsWall:0 (G4Tubs) ... OK! 
Checking overlaps for volume rf_b_14.2DsHalf:0 (G4Tubs) ... OK! 
Checking overlaps for volume rf_b_14.2TimingVol:0 (G4Tubs) ... OK! 
Checking overlaps for volume rf_b_14.2:0 (G4Tubs) ... OK! 
BLCMDpillbox::construct rf_b_14.2 parent= relZ=29500.0 globZ=29500.0
	zmin=29405.3 zmax=29594.7
Checking overlaps for volume rf_window_b_14.2:0 (G4Tubs) ... OK! 
BLCMDtubs::Construct rf_window_b_14.2 parent= relZ=29402.8 globZ=29402.8
	zmin=29402.8 zmax=29402.8 kill=0
Checking overlaps for volume rf_b_14.3Pipe:0 (G4Tubs) ... OK! 
Checking overlaps for volume rf_b_14.3UsWall:0 (G4Tubs) ... OK! 
Checking overlaps for volume rf_b_14.3DsWall:0 (G4Tubs) ... OK! 
Checking overlaps for volume rf_b_14.3DsHalf:0 (G4Tubs) ... OK! 
Checking overlaps for volume rf_b_14.3TimingVol:0 (G4Tubs) ... OK! 
Checking overlaps for volume rf_b_14.3:0 (G4Tubs) ... OK! 
BLCMDpillbox::construct rf_b_14.3 parent= relZ=29694.4 globZ=29694.4
	zmin=29599.7 zmax=29789.0
Checking overlaps for volume rf_window_b_14.3:0 (G4Tubs) ... OK! 
BLCMDtubs::Construct rf_window_b_14.3 parent= relZ=29597.2 globZ=29597.2
	zmin=29597.2 zmax=29597.2 kill=0
Checking overlaps for volume rf_window_b_14.3:0 (G4Tubs) ... OK! 
BLCMDtubs::Construct rf_window_b_14.3 parent= relZ=29791.5 globZ=29791.5
	zmin=29791.5 zmax=29791.5 kill=0
Checking overlaps for volume wedge_marker_a_15:0 (G4Tubs) ... OK! 
BLCMDtubs::Construct wedge_marker_a_15 parent= relZ=29990.0 globZ=29990.0
	zmin=29989.5 zmax=29990.5 kill=0
Checking overlaps for volume wedge_marker_b_15:0 (G4Tubs) ... OK! 
BLCMDtubs::Construct wedge_marker_b_15 parent= relZ=30010.0 globZ=30010.0
	zmin=30009.5 zmax=30010.5 kill=0
Checking overlaps for volume wedge15:0 (G4IntersectionSolid) ... OK! 
BLCMDboolean::Construct wedge15 parent= relZ=30000.0 globZ=30000.0
	zmin=29775.0 zmax=30225.0
Checking overlaps for volume rf_15.1Pipe:0 (G4Tubs) ... OK! 
Checking overlaps for volume rf_15.1UsWall:0 (G4Tubs) ... OK! 
Checking overlaps for volume rf_15.1DsWall:0 (G4Tubs) ... OK! 
Checking overlaps for volume rf_15.1DsHalf:0 (G4Tubs) ... OK! 
Checking overlaps for volume rf_15.1TimingVol:0 (G4Tubs) ... OK! 
Checking overlaps for volume rf_15.1:0 (G4Tubs) ... OK! 
BLCMDpillbox::construct rf_15.1 parent= relZ=30305.6 globZ=30305.6
	zmin=30211.0 zmax=30400.3
Checking overlaps for volume rf_window_15.1:0 (G4Tubs) ... OK! 
BLCMDtubs::Construct rf_window_15.1 parent= relZ=30208.5 globZ=30208.5
	zmin=30208.5 zmax=30208.5 kill=0
Checking overlaps for volume rf_15.2Pipe:0 (G4Tubs) ... OK! 
Checking overlaps for volume rf_15.2UsWall:0 (G4Tubs) ... OK! 
Checking overlaps for volume rf_15.2DsWall:0 (G4Tubs) ... OK! 
Checking overlaps for volume rf_15.2DsHalf:0 (G4Tubs) ... OK! 
Checking overlaps for volume rf_15.2TimingVol:0 (G4Tubs) ... OK! 
Checking overlaps for volume rf_15.2:0 (G4Tubs) ... OK! 
BLCMDpillbox::construct rf_15.2 parent= relZ=30500.0 globZ=30500.0
	zmin=30405.3 zmax=30594.7
Checking overlaps for volume rf_window_15.2:0 (G4Tubs) ... OK! 
BLCMDtubs::Construct rf_window_15.2 parent= relZ=30402.8 globZ=30402.8
	zmin=30402.8 zmax=30402.8 kill=0
Checking overlaps for volume rf_15.3Pipe:0 (G4Tubs) ... OK! 
Checking overlaps for volume rf_15.3UsWall:0 (G4Tubs) ... OK! 
Checking overlaps for volume rf_15.3DsWall:0 (G4Tubs) ... OK! 
Checking overlaps for volume rf_15.3DsHalf:0 (G4Tubs) ... OK! 
Checking overlaps for volume rf_15.3TimingVol:0 (G4Tubs) ... OK! 
Checking overlaps for volume rf_15.3:0 (G4Tubs) ... OK! 
BLCMDpillbox::construct rf_15.3 parent= relZ=30694.4 globZ=30694.4
	zmin=30599.7 zmax=30789.0
Checking overlaps for volume rf_window_15.3:0 (G4Tubs) ... OK! 
BLCMDtubs::Construct rf_window_15.3 parent= relZ=30597.2 globZ=30597.2
	zmin=30597.2 zmax=30597.2 kill=0
Checking overlaps for volume rf_window_15.3:0 (G4Tubs) ... OK! 
BLCMDtubs::Construct rf_window_15.3 parent= relZ=30791.5 globZ=30791.5
	zmin=30791.5 zmax=30791.5 kill=0
Checking overlaps for volume wedge_marker_c_15:0 (G4Tubs) ... OK! 
BLCMDtubs::Construct wedge_marker_c_15 parent= relZ=30990.0 globZ=30990.0
	zmin=30989.5 zmax=30990.5 kill=0
Checking overlaps for volume wedge_marker_d_15:0 (G4Tubs) ... OK! 
BLCMDtubs::Construct wedge_marker_d_15 parent= relZ=31010.0 globZ=31010.0
	zmin=31009.5 zmax=31010.5 kill=0
Checking overlaps for volume wedge15:0 (G4IntersectionSolid) ... OK! 
BLCMDboolean::Construct wedge15 parent= relZ=31000.0 globZ=31000.0
	zmin=30775.0 zmax=31225.0
Checking overlaps for volume rf_b_15.1Pipe:0 (G4Tubs) ... OK! 
Checking overlaps for volume rf_b_15.1UsWall:0 (G4Tubs) ... OK! 
Checking overlaps for volume rf_b_15.1DsWall:0 (G4Tubs) ... OK! 
Checking overlaps for volume rf_b_15.1DsHalf:0 (G4Tubs) ... OK! 
Checking overlaps for volume rf_b_15.1TimingVol:0 (G4Tubs) ... OK! 
Checking overlaps for volume rf_b_15.1:0 (G4Tubs) ... OK! 
BLCMDpillbox::construct rf_b_15.1 parent= relZ=31305.6 globZ=31305.6
	zmin=31211.0 zmax=31400.3
Checking overlaps for volume rf_window_b_15.1:0 (G4Tubs) ... OK! 
BLCMDtubs::Construct rf_window_b_15.1 parent= relZ=31208.5 globZ=31208.5
	zmin=31208.5 zmax=31208.5 kill=0
Checking overlaps for volume rf_b_15.2Pipe:0 (G4Tubs) ... OK! 
Checking overlaps for volume rf_b_15.2UsWall:0 (G4Tubs) ... OK! 
Checking overlaps for volume rf_b_15.2DsWall:0 (G4Tubs) ... OK! 
Checking overlaps for volume rf_b_15.2DsHalf:0 (G4Tubs) ... OK! 
Checking overlaps for volume rf_b_15.2TimingVol:0 (G4Tubs) ... OK! 
Checking overlaps for volume rf_b_15.2:0 (G4Tubs) ... OK! 
BLCMDpillbox::construct rf_b_15.2 parent= relZ=31500.0 globZ=31500.0
	zmin=31405.3 zmax=31594.7
Checking overlaps for volume rf_window_b_15.2:0 (G4Tubs) ... OK! 
BLCMDtubs::Construct rf_window_b_15.2 parent= relZ=31402.8 globZ=31402.8
	zmin=31402.8 zmax=31402.8 kill=0
Checking overlaps for volume rf_b_15.3Pipe:0 (G4Tubs) ... OK! 
Checking overlaps for volume rf_b_15.3UsWall:0 (G4Tubs) ... OK! 
Checking overlaps for volume rf_b_15.3DsWall:0 (G4Tubs) ... OK! 
Checking overlaps for volume rf_b_15.3DsHalf:0 (G4Tubs) ... OK! 
Checking overlaps for volume rf_b_15.3TimingVol:0 (G4Tubs) ... OK! 
Checking overlaps for volume rf_b_15.3:0 (G4Tubs) ... OK! 
BLCMDpillbox::construct rf_b_15.3 parent= relZ=31694.4 globZ=31694.4
	zmin=31599.7 zmax=31789.0
Checking overlaps for volume rf_window_b_15.3:0 (G4Tubs) ... OK! 
BLCMDtubs::Construct rf_window_b_15.3 parent= relZ=31597.2 globZ=31597.2
	zmin=31597.2 zmax=31597.2 kill=0
Checking overlaps for volume rf_window_b_15.3:0 (G4Tubs) ... OK! 
BLCMDtubs::Construct rf_window_b_15.3 parent= relZ=31791.5 globZ=31791.5
	zmin=31791.5 zmax=31791.5 kill=0
Checking overlaps for volume wedge_marker_a_16:0 (G4Tubs) ... OK! 
BLCMDtubs::Construct wedge_marker_a_16 parent= relZ=31990.0 globZ=31990.0
	zmin=31989.5 zmax=31990.5 kill=0
Checking overlaps for volume wedge_marker_b_16:0 (G4Tubs) ... OK! 
BLCMDtubs::Construct wedge_marker_b_16 parent= relZ=32010.0 globZ=32010.0
	zmin=32009.5 zmax=32010.5 kill=0
Checking overlaps for volume wedge16:0 (G4IntersectionSolid) ... OK! 
BLCMDboolean::Construct wedge16 parent= relZ=32000.0 globZ=32000.0
	zmin=31775.0 zmax=32225.0
Checking overlaps for volume rf_16.1Pipe:0 (G4Tubs) ... OK! 
Checking overlaps for volume rf_16.1UsWall:0 (G4Tubs) ... OK! 
Checking overlaps for volume rf_16.1DsWall:0 (G4Tubs) ... OK! 
Checking overlaps for volume rf_16.1DsHalf:0 (G4Tubs) ... OK! 
Checking overlaps for volume rf_16.1TimingVol:0 (G4Tubs) ... OK! 
Checking overlaps for volume rf_16.1:0 (G4Tubs) ... OK! 
BLCMDpillbox::construct rf_16.1 parent= relZ=32305.6 globZ=32305.6
	zmin=32211.0 zmax=32400.3
Checking overlaps for volume rf_window_16.1:0 (G4Tubs) ... OK! 
BLCMDtubs::Construct rf_window_16.1 parent= relZ=32208.5 globZ=32208.5
	zmin=32208.5 zmax=32208.5 kill=0
Checking overlaps for volume rf_16.2Pipe:0 (G4Tubs) ... OK! 
Checking overlaps for volume rf_16.2UsWall:0 (G4Tubs) ... OK! 
Checking overlaps for volume rf_16.2DsWall:0 (G4Tubs) ... OK! 
Checking overlaps for volume rf_16.2DsHalf:0 (G4Tubs) ... OK! 
Checking overlaps for volume rf_16.2TimingVol:0 (G4Tubs) ... OK! 
Checking overlaps for volume rf_16.2:0 (G4Tubs) ... OK! 
BLCMDpillbox::construct rf_16.2 parent= relZ=32500.0 globZ=32500.0
	zmin=32405.3 zmax=32594.7
Checking overlaps for volume rf_window_16.2:0 (G4Tubs) ... OK! 
BLCMDtubs::Construct rf_window_16.2 parent= relZ=32402.8 globZ=32402.8
	zmin=32402.8 zmax=32402.8 kill=0
Checking overlaps for volume rf_16.3Pipe:0 (G4Tubs) ... OK! 
Checking overlaps for volume rf_16.3UsWall:0 (G4Tubs) ... OK! 
Checking overlaps for volume rf_16.3DsWall:0 (G4Tubs) ... OK! 
Checking overlaps for volume rf_16.3DsHalf:0 (G4Tubs) ... OK! 
Checking overlaps for volume rf_16.3TimingVol:0 (G4Tubs) ... OK! 
Checking overlaps for volume rf_16.3:0 (G4Tubs) ... OK! 
BLCMDpillbox::construct rf_16.3 parent= relZ=32694.4 globZ=32694.4
	zmin=32599.7 zmax=32789.0
Checking overlaps for volume rf_window_16.3:0 (G4Tubs) ... OK! 
BLCMDtubs::Construct rf_window_16.3 parent= relZ=32597.2 globZ=32597.2
	zmin=32597.2 zmax=32597.2 kill=0
Checking overlaps for volume rf_window_16.3:0 (G4Tubs) ... OK! 
BLCMDtubs::Construct rf_window_16.3 parent= relZ=32791.5 globZ=32791.5
	zmin=32791.5 zmax=32791.5 kill=0
Checking overlaps for volume wedge_marker_c_16:0 (G4Tubs) ... OK! 
BLCMDtubs::Construct wedge_marker_c_16 parent= relZ=32990.0 globZ=32990.0
	zmin=32989.5 zmax=32990.5 kill=0
Checking overlaps for volume wedge_marker_d_16:0 (G4Tubs) ... OK! 
BLCMDtubs::Construct wedge_marker_d_16 parent= relZ=33010.0 globZ=33010.0
	zmin=33009.5 zmax=33010.5 kill=0
Checking overlaps for volume wedge16:0 (G4IntersectionSolid) ... OK! 
BLCMDboolean::Construct wedge16 parent= relZ=33000.0 globZ=33000.0
	zmin=32775.0 zmax=33225.0
Checking overlaps for volume rf_b_16.1Pipe:0 (G4Tubs) ... OK! 
Checking overlaps for volume rf_b_16.1UsWall:0 (G4Tubs) ... OK! 
Checking overlaps for volume rf_b_16.1DsWall:0 (G4Tubs) ... OK! 
Checking overlaps for volume rf_b_16.1DsHalf:0 (G4Tubs) ... OK! 
Checking overlaps for volume rf_b_16.1TimingVol:0 (G4Tubs) ... OK! 
Checking overlaps for volume rf_b_16.1:0 (G4Tubs) ... OK! 
BLCMDpillbox::construct rf_b_16.1 parent= relZ=33305.6 globZ=33305.6
	zmin=33211.0 zmax=33400.3
Checking overlaps for volume rf_window_b_16.1:0 (G4Tubs) ... OK! 
BLCMDtubs::Construct rf_window_b_16.1 parent= relZ=33208.5 globZ=33208.5
	zmin=33208.5 zmax=33208.5 kill=0
Checking overlaps for volume rf_b_16.2Pipe:0 (G4Tubs) ... OK! 
Checking overlaps for volume rf_b_16.2UsWall:0 (G4Tubs) ... OK! 
Checking overlaps for volume rf_b_16.2DsWall:0 (G4Tubs) ... OK! 
Checking overlaps for volume rf_b_16.2DsHalf:0 (G4Tubs) ... OK! 
Checking overlaps for volume rf_b_16.2TimingVol:0 (G4Tubs) ... OK! 
Checking overlaps for volume rf_b_16.2:0 (G4Tubs) ... OK! 
BLCMDpillbox::construct rf_b_16.2 parent= relZ=33500.0 globZ=33500.0
	zmin=33405.3 zmax=33594.7
Checking overlaps for volume rf_window_b_16.2:0 (G4Tubs) ... OK! 
BLCMDtubs::Construct rf_window_b_16.2 parent= relZ=33402.8 globZ=33402.8
	zmin=33402.8 zmax=33402.8 kill=0
Checking overlaps for volume rf_b_16.3Pipe:0 (G4Tubs) ... OK! 
Checking overlaps for volume rf_b_16.3UsWall:0 (G4Tubs) ... OK! 
Checking overlaps for volume rf_b_16.3DsWall:0 (G4Tubs) ... OK! 
Checking overlaps for volume rf_b_16.3DsHalf:0 (G4Tubs) ... OK! 
Checking overlaps for volume rf_b_16.3TimingVol:0 (G4Tubs) ... OK! 
Checking overlaps for volume rf_b_16.3:0 (G4Tubs) ... OK! 
BLCMDpillbox::construct rf_b_16.3 parent= relZ=33694.4 globZ=33694.4
	zmin=33599.7 zmax=33789.0
Checking overlaps for volume rf_window_b_16.3:0 (G4Tubs) ... OK! 
BLCMDtubs::Construct rf_window_b_16.3 parent= relZ=33597.2 globZ=33597.2
	zmin=33597.2 zmax=33597.2 kill=0
Checking overlaps for volume rf_window_b_16.3:0 (G4Tubs) ... OK! 
BLCMDtubs::Construct rf_window_b_16.3 parent= relZ=33791.5 globZ=33791.5
	zmin=33791.5 zmax=33791.5 kill=0
Checking overlaps for volume wedge_marker_a_17:0 (G4Tubs) ... OK! 
BLCMDtubs::Construct wedge_marker_a_17 parent= relZ=33990.0 globZ=33990.0
	zmin=33989.5 zmax=33990.5 kill=0
Checking overlaps for volume wedge_marker_b_17:0 (G4Tubs) ... OK! 
BLCMDtubs::Construct wedge_marker_b_17 parent= relZ=34010.0 globZ=34010.0
	zmin=34009.5 zmax=34010.5 kill=0
Checking overlaps for volume wedge17:0 (G4IntersectionSolid) ... OK! 
BLCMDboolean::Construct wedge17 parent= relZ=34000.0 globZ=34000.0
	zmin=33775.0 zmax=34225.0
Checking overlaps for volume rf_17.1Pipe:0 (G4Tubs) ... OK! 
Checking overlaps for volume rf_17.1UsWall:0 (G4Tubs) ... OK! 
Checking overlaps for volume rf_17.1DsWall:0 (G4Tubs) ... OK! 
Checking overlaps for volume rf_17.1DsHalf:0 (G4Tubs) ... OK! 
Checking overlaps for volume rf_17.1TimingVol:0 (G4Tubs) ... OK! 
Checking overlaps for volume rf_17.1:0 (G4Tubs) ... OK! 
BLCMDpillbox::construct rf_17.1 parent= relZ=34305.6 globZ=34305.6
	zmin=34211.0 zmax=34400.3
Checking overlaps for volume rf_window_17.1:0 (G4Tubs) ... OK! 
BLCMDtubs::Construct rf_window_17.1 parent= relZ=34208.5 globZ=34208.5
	zmin=34208.5 zmax=34208.5 kill=0
Checking overlaps for volume rf_17.2Pipe:0 (G4Tubs) ... OK! 
Checking overlaps for volume rf_17.2UsWall:0 (G4Tubs) ... OK! 
Checking overlaps for volume rf_17.2DsWall:0 (G4Tubs) ... OK! 
Checking overlaps for volume rf_17.2DsHalf:0 (G4Tubs) ... OK! 
Checking overlaps for volume rf_17.2TimingVol:0 (G4Tubs) ... OK! 
Checking overlaps for volume rf_17.2:0 (G4Tubs) ... OK! 
BLCMDpillbox::construct rf_17.2 parent= relZ=34500.0 globZ=34500.0
	zmin=34405.3 zmax=34594.7
Checking overlaps for volume rf_window_17.2:0 (G4Tubs) ... OK! 
BLCMDtubs::Construct rf_window_17.2 parent= relZ=34402.8 globZ=34402.8
	zmin=34402.8 zmax=34402.8 kill=0
Checking overlaps for volume rf_17.3Pipe:0 (G4Tubs) ... OK! 
Checking overlaps for volume rf_17.3UsWall:0 (G4Tubs) ... OK! 
Checking overlaps for volume rf_17.3DsWall:0 (G4Tubs) ... OK! 
Checking overlaps for volume rf_17.3DsHalf:0 (G4Tubs) ... OK! 
Checking overlaps for volume rf_17.3TimingVol:0 (G4Tubs) ... OK! 
Checking overlaps for volume rf_17.3:0 (G4Tubs) ... OK! 
BLCMDpillbox::construct rf_17.3 parent= relZ=34694.4 globZ=34694.4
	zmin=34599.7 zmax=34789.0
Checking overlaps for volume rf_window_17.3:0 (G4Tubs) ... OK! 
BLCMDtubs::Construct rf_window_17.3 parent= relZ=34597.2 globZ=34597.2
	zmin=34597.2 zmax=34597.2 kill=0
Checking overlaps for volume rf_window_17.3:0 (G4Tubs) ... OK! 
BLCMDtubs::Construct rf_window_17.3 parent= relZ=34791.5 globZ=34791.5
	zmin=34791.5 zmax=34791.5 kill=0
Checking overlaps for volume wedge_marker_c_17:0 (G4Tubs) ... OK! 
BLCMDtubs::Construct wedge_marker_c_17 parent= relZ=34990.0 globZ=34990.0
	zmin=34989.5 zmax=34990.5 kill=0
Checking overlaps for volume wedge_marker_d_17:0 (G4Tubs) ... OK! 
BLCMDtubs::Construct wedge_marker_d_17 parent= relZ=35010.0 globZ=35010.0
	zmin=35009.5 zmax=35010.5 kill=0
Checking overlaps for volume wedge17:0 (G4IntersectionSolid) ... OK! 
BLCMDboolean::Construct wedge17 parent= relZ=35000.0 globZ=35000.0
	zmin=34775.0 zmax=35225.0
Checking overlaps for volume rf_b_17.1Pipe:0 (G4Tubs) ... OK! 
Checking overlaps for volume rf_b_17.1UsWall:0 (G4Tubs) ... OK! 
Checking overlaps for volume rf_b_17.1DsWall:0 (G4Tubs) ... OK! 
Checking overlaps for volume rf_b_17.1DsHalf:0 (G4Tubs) ... OK! 
Checking overlaps for volume rf_b_17.1TimingVol:0 (G4Tubs) ... OK! 
Checking overlaps for volume rf_b_17.1:0 (G4Tubs) ... OK! 
BLCMDpillbox::construct rf_b_17.1 parent= relZ=35305.6 globZ=35305.6
	zmin=35211.0 zmax=35400.3
Checking overlaps for volume rf_window_b_17.1:0 (G4Tubs) ... OK! 
BLCMDtubs::Construct rf_window_b_17.1 parent= relZ=35208.5 globZ=35208.5
	zmin=35208.5 zmax=35208.5 kill=0
Checking overlaps for volume rf_b_17.2Pipe:0 (G4Tubs) ... OK! 
Checking overlaps for volume rf_b_17.2UsWall:0 (G4Tubs) ... OK! 
Checking overlaps for volume rf_b_17.2DsWall:0 (G4Tubs) ... OK! 
Checking overlaps for volume rf_b_17.2DsHalf:0 (G4Tubs) ... OK! 
Checking overlaps for volume rf_b_17.2TimingVol:0 (G4Tubs) ... OK! 
Checking overlaps for volume rf_b_17.2:0 (G4Tubs) ... OK! 
BLCMDpillbox::construct rf_b_17.2 parent= relZ=35500.0 globZ=35500.0
	zmin=35405.3 zmax=35594.7
Checking overlaps for volume rf_window_b_17.2:0 (G4Tubs) ... OK! 
BLCMDtubs::Construct rf_window_b_17.2 parent= relZ=35402.8 globZ=35402.8
	zmin=35402.8 zmax=35402.8 kill=0
Checking overlaps for volume rf_b_17.3Pipe:0 (G4Tubs) ... OK! 
Checking overlaps for volume rf_b_17.3UsWall:0 (G4Tubs) ... OK! 
Checking overlaps for volume rf_b_17.3DsWall:0 (G4Tubs) ... OK! 
Checking overlaps for volume rf_b_17.3DsHalf:0 (G4Tubs) ... OK! 
Checking overlaps for volume rf_b_17.3TimingVol:0 (G4Tubs) ... OK! 
Checking overlaps for volume rf_b_17.3:0 (G4Tubs) ... OK! 
BLCMDpillbox::construct rf_b_17.3 parent= relZ=35694.4 globZ=35694.4
	zmin=35599.7 zmax=35789.0
Checking overlaps for volume rf_window_b_17.3:0 (G4Tubs) ... OK! 
BLCMDtubs::Construct rf_window_b_17.3 parent= relZ=35597.2 globZ=35597.2
	zmin=35597.2 zmax=35597.2 kill=0
Checking overlaps for volume rf_window_b_17.3:0 (G4Tubs) ... OK! 
BLCMDtubs::Construct rf_window_b_17.3 parent= relZ=35791.5 globZ=35791.5
	zmin=35791.5 zmax=35791.5 kill=0
Checking overlaps for volume wedge_marker_a_18:0 (G4Tubs) ... OK! 
BLCMDtubs::Construct wedge_marker_a_18 parent= relZ=35990.0 globZ=35990.0
	zmin=35989.5 zmax=35990.5 kill=0
Checking overlaps for volume wedge_marker_b_18:0 (G4Tubs) ... OK! 
BLCMDtubs::Construct wedge_marker_b_18 parent= relZ=36010.0 globZ=36010.0
	zmin=36009.5 zmax=36010.5 kill=0
Checking overlaps for volume wedge18:0 (G4IntersectionSolid) ... OK! 
BLCMDboolean::Construct wedge18 parent= relZ=36000.0 globZ=36000.0
	zmin=35775.0 zmax=36225.0
Checking overlaps for volume rf_18.1Pipe:0 (G4Tubs) ... OK! 
Checking overlaps for volume rf_18.1UsWall:0 (G4Tubs) ... OK! 
Checking overlaps for volume rf_18.1DsWall:0 (G4Tubs) ... OK! 
Checking overlaps for volume rf_18.1DsHalf:0 (G4Tubs) ... OK! 
Checking overlaps for volume rf_18.1TimingVol:0 (G4Tubs) ... OK! 
Checking overlaps for volume rf_18.1:0 (G4Tubs) ... OK! 
BLCMDpillbox::construct rf_18.1 parent= relZ=36305.6 globZ=36305.6
	zmin=36211.0 zmax=36400.3
Checking overlaps for volume rf_window_18.1:0 (G4Tubs) ... OK! 
BLCMDtubs::Construct rf_window_18.1 parent= relZ=36208.5 globZ=36208.5
	zmin=36208.5 zmax=36208.5 kill=0
Checking overlaps for volume rf_18.2Pipe:0 (G4Tubs) ... OK! 
Checking overlaps for volume rf_18.2UsWall:0 (G4Tubs) ... OK! 
Checking overlaps for volume rf_18.2DsWall:0 (G4Tubs) ... OK! 
Checking overlaps for volume rf_18.2DsHalf:0 (G4Tubs) ... OK! 
Checking overlaps for volume rf_18.2TimingVol:0 (G4Tubs) ... OK! 
Checking overlaps for volume rf_18.2:0 (G4Tubs) ... OK! 
BLCMDpillbox::construct rf_18.2 parent= relZ=36500.0 globZ=36500.0
	zmin=36405.3 zmax=36594.7
Checking overlaps for volume rf_window_18.2:0 (G4Tubs) ... OK! 
BLCMDtubs::Construct rf_window_18.2 parent= relZ=36402.8 globZ=36402.8
	zmin=36402.8 zmax=36402.8 kill=0
Checking overlaps for volume rf_18.3Pipe:0 (G4Tubs) ... OK! 
Checking overlaps for volume rf_18.3UsWall:0 (G4Tubs) ... OK! 
Checking overlaps for volume rf_18.3DsWall:0 (G4Tubs) ... OK! 
Checking overlaps for volume rf_18.3DsHalf:0 (G4Tubs) ... OK! 
Checking overlaps for volume rf_18.3TimingVol:0 (G4Tubs) ... OK! 
Checking overlaps for volume rf_18.3:0 (G4Tubs) ... OK! 
BLCMDpillbox::construct rf_18.3 parent= relZ=36694.4 globZ=36694.4
	zmin=36599.7 zmax=36789.0
Checking overlaps for volume rf_window_18.3:0 (G4Tubs) ... OK! 
BLCMDtubs::Construct rf_window_18.3 parent= relZ=36597.2 globZ=36597.2
	zmin=36597.2 zmax=36597.2 kill=0
Checking overlaps for volume rf_window_18.3:0 (G4Tubs) ... OK! 
BLCMDtubs::Construct rf_window_18.3 parent= relZ=36791.5 globZ=36791.5
	zmin=36791.5 zmax=36791.5 kill=0
Checking overlaps for volume wedge_marker_c_18:0 (G4Tubs) ... OK! 
BLCMDtubs::Construct wedge_marker_c_18 parent= relZ=36990.0 globZ=36990.0
	zmin=36989.5 zmax=36990.5 kill=0
Checking overlaps for volume wedge_marker_d_18:0 (G4Tubs) ... OK! 
BLCMDtubs::Construct wedge_marker_d_18 parent= relZ=37010.0 globZ=37010.0
	zmin=37009.5 zmax=37010.5 kill=0
Checking overlaps for volume wedge18:0 (G4IntersectionSolid) ... OK! 
BLCMDboolean::Construct wedge18 parent= relZ=37000.0 globZ=37000.0
	zmin=36775.0 zmax=37225.0
Checking overlaps for volume rf_b_18.1Pipe:0 (G4Tubs) ... OK! 
Checking overlaps for volume rf_b_18.1UsWall:0 (G4Tubs) ... OK! 
Checking overlaps for volume rf_b_18.1DsWall:0 (G4Tubs) ... OK! 
Checking overlaps for volume rf_b_18.1DsHalf:0 (G4Tubs) ... OK! 
Checking overlaps for volume rf_b_18.1TimingVol:0 (G4Tubs) ... OK! 
Checking overlaps for volume rf_b_18.1:0 (G4Tubs) ... OK! 
BLCMDpillbox::construct rf_b_18.1 parent= relZ=37305.6 globZ=37305.6
	zmin=37211.0 zmax=37400.3
Checking overlaps for volume rf_window_b_18.1:0 (G4Tubs) ... OK! 
BLCMDtubs::Construct rf_window_b_18.1 parent= relZ=37208.5 globZ=37208.5
	zmin=37208.5 zmax=37208.5 kill=0
Checking overlaps for volume rf_b_18.2Pipe:0 (G4Tubs) ... OK! 
Checking overlaps for volume rf_b_18.2UsWall:0 (G4Tubs) ... OK! 
Checking overlaps for volume rf_b_18.2DsWall:0 (G4Tubs) ... OK! 
Checking overlaps for volume rf_b_18.2DsHalf:0 (G4Tubs) ... OK! 
Checking overlaps for volume rf_b_18.2TimingVol:0 (G4Tubs) ... OK! 
Checking overlaps for volume rf_b_18.2:0 (G4Tubs) ... OK! 
BLCMDpillbox::construct rf_b_18.2 parent= relZ=37500.0 globZ=37500.0
	zmin=37405.3 zmax=37594.7
Checking overlaps for volume rf_window_b_18.2:0 (G4Tubs) ... OK! 
BLCMDtubs::Construct rf_window_b_18.2 parent= relZ=37402.8 globZ=37402.8
	zmin=37402.8 zmax=37402.8 kill=0
Checking overlaps for volume rf_b_18.3Pipe:0 (G4Tubs) ... OK! 
Checking overlaps for volume rf_b_18.3UsWall:0 (G4Tubs) ... OK! 
Checking overlaps for volume rf_b_18.3DsWall:0 (G4Tubs) ... OK! 
Checking overlaps for volume rf_b_18.3DsHalf:0 (G4Tubs) ... OK! 
Checking overlaps for volume rf_b_18.3TimingVol:0 (G4Tubs) ... OK! 
Checking overlaps for volume rf_b_18.3:0 (G4Tubs) ... OK! 
BLCMDpillbox::construct rf_b_18.3 parent= relZ=37694.4 globZ=37694.4
	zmin=37599.7 zmax=37789.0
Checking overlaps for volume rf_window_b_18.3:0 (G4Tubs) ... OK! 
BLCMDtubs::Construct rf_window_b_18.3 parent= relZ=37597.2 globZ=37597.2
	zmin=37597.2 zmax=37597.2 kill=0
Checking overlaps for volume rf_window_b_18.3:0 (G4Tubs) ... OK! 
BLCMDtubs::Construct rf_window_b_18.3 parent= relZ=37791.5 globZ=37791.5
	zmin=37791.5 zmax=37791.5 kill=0
Checking overlaps for volume wedge_marker_a_19:0 (G4Tubs) ... OK! 
BLCMDtubs::Construct wedge_marker_a_19 parent= relZ=37990.0 globZ=37990.0
	zmin=37989.5 zmax=37990.5 kill=0
Checking overlaps for volume wedge_marker_b_19:0 (G4Tubs) ... OK! 
BLCMDtubs::Construct wedge_marker_b_19 parent= relZ=38010.0 globZ=38010.0
	zmin=38009.5 zmax=38010.5 kill=0
Checking overlaps for volume wedge19:0 (G4IntersectionSolid) ... OK! 
BLCMDboolean::Construct wedge19 parent= relZ=38000.0 globZ=38000.0
	zmin=37775.0 zmax=38225.0
Checking overlaps for volume rf_19.1Pipe:0 (G4Tubs) ... OK! 
Checking overlaps for volume rf_19.1UsWall:0 (G4Tubs) ... OK! 
Checking overlaps for volume rf_19.1DsWall:0 (G4Tubs) ... OK! 
Checking overlaps for volume rf_19.1DsHalf:0 (G4Tubs) ... OK! 
Checking overlaps for volume rf_19.1TimingVol:0 (G4Tubs) ... OK! 
Checking overlaps for volume rf_19.1:0 (G4Tubs) ... OK! 
BLCMDpillbox::construct rf_19.1 parent= relZ=38305.6 globZ=38305.6
	zmin=38211.0 zmax=38400.3
Checking overlaps for volume rf_window_19.1:0 (G4Tubs) ... OK! 
BLCMDtubs::Construct rf_window_19.1 parent= relZ=38208.5 globZ=38208.5
	zmin=38208.5 zmax=38208.5 kill=0
Checking overlaps for volume rf_19.2Pipe:0 (G4Tubs) ... OK! 
Checking overlaps for volume rf_19.2UsWall:0 (G4Tubs) ... OK! 
Checking overlaps for volume rf_19.2DsWall:0 (G4Tubs) ... OK! 
Checking overlaps for volume rf_19.2DsHalf:0 (G4Tubs) ... OK! 
Checking overlaps for volume rf_19.2TimingVol:0 (G4Tubs) ... OK! 
Checking overlaps for volume rf_19.2:0 (G4Tubs) ... OK! 
BLCMDpillbox::construct rf_19.2 parent= relZ=38500.0 globZ=38500.0
	zmin=38405.3 zmax=38594.7
Checking overlaps for volume rf_window_19.2:0 (G4Tubs) ... OK! 
BLCMDtubs::Construct rf_window_19.2 parent= relZ=38402.8 globZ=38402.8
	zmin=38402.8 zmax=38402.8 kill=0
Checking overlaps for volume rf_19.3Pipe:0 (G4Tubs) ... OK! 
Checking overlaps for volume rf_19.3UsWall:0 (G4Tubs) ... OK! 
Checking overlaps for volume rf_19.3DsWall:0 (G4Tubs) ... OK! 
Checking overlaps for volume rf_19.3DsHalf:0 (G4Tubs) ... OK! 
Checking overlaps for volume rf_19.3TimingVol:0 (G4Tubs) ... OK! 
Checking overlaps for volume rf_19.3:0 (G4Tubs) ... OK! 
BLCMDpillbox::construct rf_19.3 parent= relZ=38694.4 globZ=38694.4
	zmin=38599.7 zmax=38789.0
Checking overlaps for volume rf_window_19.3:0 (G4Tubs) ... OK! 
BLCMDtubs::Construct rf_window_19.3 parent= relZ=38597.2 globZ=38597.2
	zmin=38597.2 zmax=38597.2 kill=0
Checking overlaps for volume rf_window_19.3:0 (G4Tubs) ... OK! 
BLCMDtubs::Construct rf_window_19.3 parent= relZ=38791.5 globZ=38791.5
	zmin=38791.5 zmax=38791.5 kill=0
Checking overlaps for volume wedge_marker_c_19:0 (G4Tubs) ... OK! 
BLCMDtubs::Construct wedge_marker_c_19 parent= relZ=38990.0 globZ=38990.0
	zmin=38989.5 zmax=38990.5 kill=0
Checking overlaps for volume wedge_marker_d_19:0 (G4Tubs) ... OK! 
BLCMDtubs::Construct wedge_marker_d_19 parent= relZ=39010.0 globZ=39010.0
	zmin=39009.5 zmax=39010.5 kill=0
Checking overlaps for volume wedge19:0 (G4IntersectionSolid) ... OK! 
BLCMDboolean::Construct wedge19 parent= relZ=39000.0 globZ=39000.0
	zmin=38775.0 zmax=39225.0
Checking overlaps for volume rf_b_19.1Pipe:0 (G4Tubs) ... OK! 
Checking overlaps for volume rf_b_19.1UsWall:0 (G4Tubs) ... OK! 
Checking overlaps for volume rf_b_19.1DsWall:0 (G4Tubs) ... OK! 
Checking overlaps for volume rf_b_19.1DsHalf:0 (G4Tubs) ... OK! 
Checking overlaps for volume rf_b_19.1TimingVol:0 (G4Tubs) ... OK! 
Checking overlaps for volume rf_b_19.1:0 (G4Tubs) ... OK! 
BLCMDpillbox::construct rf_b_19.1 parent= relZ=39305.6 globZ=39305.6
	zmin=39211.0 zmax=39400.3
Checking overlaps for volume rf_window_b_19.1:0 (G4Tubs) ... OK! 
BLCMDtubs::Construct rf_window_b_19.1 parent= relZ=39208.5 globZ=39208.5
	zmin=39208.5 zmax=39208.5 kill=0
Checking overlaps for volume rf_b_19.2Pipe:0 (G4Tubs) ... OK! 
Checking overlaps for volume rf_b_19.2UsWall:0 (G4Tubs) ... OK! 
Checking overlaps for volume rf_b_19.2DsWall:0 (G4Tubs) ... OK! 
Checking overlaps for volume rf_b_19.2DsHalf:0 (G4Tubs) ... OK! 
Checking overlaps for volume rf_b_19.2TimingVol:0 (G4Tubs) ... OK! 
Checking overlaps for volume rf_b_19.2:0 (G4Tubs) ... OK! 
BLCMDpillbox::construct rf_b_19.2 parent= relZ=39500.0 globZ=39500.0
	zmin=39405.3 zmax=39594.7
Checking overlaps for volume rf_window_b_19.2:0 (G4Tubs) ... OK! 
BLCMDtubs::Construct rf_window_b_19.2 parent= relZ=39402.8 globZ=39402.8
	zmin=39402.8 zmax=39402.8 kill=0
Checking overlaps for volume rf_b_19.3Pipe:0 (G4Tubs) ... OK! 
Checking overlaps for volume rf_b_19.3UsWall:0 (G4Tubs) ... OK! 
Checking overlaps for volume rf_b_19.3DsWall:0 (G4Tubs) ... OK! 
Checking overlaps for volume rf_b_19.3DsHalf:0 (G4Tubs) ... OK! 
Checking overlaps for volume rf_b_19.3TimingVol:0 (G4Tubs) ... OK! 
Checking overlaps for volume rf_b_19.3:0 (G4Tubs) ... OK! 
BLCMDpillbox::construct rf_b_19.3 parent= relZ=39694.4 globZ=39694.4
	zmin=39599.7 zmax=39789.0
Checking overlaps for volume rf_window_b_19.3:0 (G4Tubs) ... OK! 
BLCMDtubs::Construct rf_window_b_19.3 parent= relZ=39597.2 globZ=39597.2
	zmin=39597.2 zmax=39597.2 kill=0
Checking overlaps for volume rf_window_b_19.3:0 (G4Tubs) ... OK! 
BLCMDtubs::Construct rf_window_b_19.3 parent= relZ=39791.5 globZ=39791.5
	zmin=39791.5 zmax=39791.5 kill=0
Checking overlaps for volume wedge_marker_a_20:0 (G4Tubs) ... OK! 
BLCMDtubs::Construct wedge_marker_a_20 parent= relZ=39990.0 globZ=39990.0
	zmin=39989.5 zmax=39990.5 kill=0
Checking overlaps for volume wedge_marker_b_20:0 (G4Tubs) ... OK! 
BLCMDtubs::Construct wedge_marker_b_20 parent= relZ=40010.0 globZ=40010.0
	zmin=40009.5 zmax=40010.5 kill=0
Checking overlaps for volume wedge20:0 (G4IntersectionSolid) ... OK! 
BLCMDboolean::Construct wedge20 parent= relZ=40000.0 globZ=40000.0
	zmin=39775.0 zmax=40225.0
Checking overlaps for volume rf_20.1Pipe:0 (G4Tubs) ... OK! 
Checking overlaps for volume rf_20.1UsWall:0 (G4Tubs) ... OK! 
Checking overlaps for volume rf_20.1DsWall:0 (G4Tubs) ... OK! 
Checking overlaps for volume rf_20.1DsHalf:0 (G4Tubs) ... OK! 
Checking overlaps for volume rf_20.1TimingVol:0 (G4Tubs) ... OK! 
Checking overlaps for volume rf_20.1:0 (G4Tubs) ... OK! 
BLCMDpillbox::construct rf_20.1 parent= relZ=40305.6 globZ=40305.6
	zmin=40211.0 zmax=40400.3
Checking overlaps for volume rf_window_20.1:0 (G4Tubs) ... OK! 
BLCMDtubs::Construct rf_window_20.1 parent= relZ=40208.5 globZ=40208.5
	zmin=40208.5 zmax=40208.5 kill=0
Checking overlaps for volume rf_20.2Pipe:0 (G4Tubs) ... OK! 
Checking overlaps for volume rf_20.2UsWall:0 (G4Tubs) ... OK! 
Checking overlaps for volume rf_20.2DsWall:0 (G4Tubs) ... OK! 
Checking overlaps for volume rf_20.2DsHalf:0 (G4Tubs) ... OK! 
Checking overlaps for volume rf_20.2TimingVol:0 (G4Tubs) ... OK! 
Checking overlaps for volume rf_20.2:0 (G4Tubs) ... OK! 
BLCMDpillbox::construct rf_20.2 parent= relZ=40500.0 globZ=40500.0
	zmin=40405.3 zmax=40594.7
Checking overlaps for volume rf_window_20.2:0 (G4Tubs) ... OK! 
BLCMDtubs::Construct rf_window_20.2 parent= relZ=40402.8 globZ=40402.8
	zmin=40402.8 zmax=40402.8 kill=0
Checking overlaps for volume rf_20.3Pipe:0 (G4Tubs) ... OK! 
Checking overlaps for volume rf_20.3UsWall:0 (G4Tubs) ... OK! 
Checking overlaps for volume rf_20.3DsWall:0 (G4Tubs) ... OK! 
Checking overlaps for volume rf_20.3DsHalf:0 (G4Tubs) ... OK! 
Checking overlaps for volume rf_20.3TimingVol:0 (G4Tubs) ... OK! 
Checking overlaps for volume rf_20.3:0 (G4Tubs) ... OK! 
BLCMDpillbox::construct rf_20.3 parent= relZ=40694.4 globZ=40694.4
	zmin=40599.7 zmax=40789.0
Checking overlaps for volume rf_window_20.3:0 (G4Tubs) ... OK! 
BLCMDtubs::Construct rf_window_20.3 parent= relZ=40597.2 globZ=40597.2
	zmin=40597.2 zmax=40597.2 kill=0
Checking overlaps for volume rf_window_20.3:0 (G4Tubs) ... OK! 
BLCMDtubs::Construct rf_window_20.3 parent= relZ=40791.5 globZ=40791.5
	zmin=40791.5 zmax=40791.5 kill=0
Checking overlaps for volume wedge_marker_c_20:0 (G4Tubs) ... OK! 
BLCMDtubs::Construct wedge_marker_c_20 parent= relZ=40990.0 globZ=40990.0
	zmin=40989.5 zmax=40990.5 kill=0
Checking overlaps for volume wedge_marker_d_20:0 (G4Tubs) ... OK! 
BLCMDtubs::Construct wedge_marker_d_20 parent= relZ=41010.0 globZ=41010.0
	zmin=41009.5 zmax=41010.5 kill=0
Checking overlaps for volume wedge20:0 (G4IntersectionSolid) ... OK! 
BLCMDboolean::Construct wedge20 parent= relZ=41000.0 globZ=41000.0
	zmin=40775.0 zmax=41225.0
Checking overlaps for volume rf_b_20.1Pipe:0 (G4Tubs) ... OK! 
Checking overlaps for volume rf_b_20.1UsWall:0 (G4Tubs) ... OK! 
Checking overlaps for volume rf_b_20.1DsWall:0 (G4Tubs) ... OK! 
Checking overlaps for volume rf_b_20.1DsHalf:0 (G4Tubs) ... OK! 
Checking overlaps for volume rf_b_20.1TimingVol:0 (G4Tubs) ... OK! 
Checking overlaps for volume rf_b_20.1:0 (G4Tubs) ... OK! 
BLCMDpillbox::construct rf_b_20.1 parent= relZ=41305.6 globZ=41305.6
	zmin=41211.0 zmax=41400.3
Checking overlaps for volume rf_window_b_20.1:0 (G4Tubs) ... OK! 
BLCMDtubs::Construct rf_window_b_20.1 parent= relZ=41208.5 globZ=41208.5
	zmin=41208.5 zmax=41208.5 kill=0
Checking overlaps for volume rf_b_20.2Pipe:0 (G4Tubs) ... OK! 
Checking overlaps for volume rf_b_20.2UsWall:0 (G4Tubs) ... OK! 
Checking overlaps for volume rf_b_20.2DsWall:0 (G4Tubs) ... OK! 
Checking overlaps for volume rf_b_20.2DsHalf:0 (G4Tubs) ... OK! 
Checking overlaps for volume rf_b_20.2TimingVol:0 (G4Tubs) ... OK! 
Checking overlaps for volume rf_b_20.2:0 (G4Tubs) ... OK! 
BLCMDpillbox::construct rf_b_20.2 parent= relZ=41500.0 globZ=41500.0
	zmin=41405.3 zmax=41594.7
Checking overlaps for volume rf_window_b_20.2:0 (G4Tubs) ... OK! 
BLCMDtubs::Construct rf_window_b_20.2 parent= relZ=41402.8 globZ=41402.8
	zmin=41402.8 zmax=41402.8 kill=0
Checking overlaps for volume rf_b_20.3Pipe:0 (G4Tubs) ... OK! 
Checking overlaps for volume rf_b_20.3UsWall:0 (G4Tubs) ... OK! 
Checking overlaps for volume rf_b_20.3DsWall:0 (G4Tubs) ... OK! 
Checking overlaps for volume rf_b_20.3DsHalf:0 (G4Tubs) ... OK! 
Checking overlaps for volume rf_b_20.3TimingVol:0 (G4Tubs) ... OK! 
Checking overlaps for volume rf_b_20.3:0 (G4Tubs) ... OK! 
BLCMDpillbox::construct rf_b_20.3 parent= relZ=41694.4 globZ=41694.4
	zmin=41599.7 zmax=41789.0
Checking overlaps for volume rf_window_b_20.3:0 (G4Tubs) ... OK! 
BLCMDtubs::Construct rf_window_b_20.3 parent= relZ=41597.2 globZ=41597.2
	zmin=41597.2 zmax=41597.2 kill=0
Checking overlaps for volume rf_window_b_20.3:0 (G4Tubs) ... OK! 
BLCMDtubs::Construct rf_window_b_20.3 parent= relZ=41791.5 globZ=41791.5
	zmin=41791.5 zmax=41791.5 kill=0
Checking overlaps for volume wedge_marker_a_21:0 (G4Tubs) ... OK! 
BLCMDtubs::Construct wedge_marker_a_21 parent= relZ=41990.0 globZ=41990.0
	zmin=41989.5 zmax=41990.5 kill=0
Checking overlaps for volume wedge_marker_b_21:0 (G4Tubs) ... OK! 
BLCMDtubs::Construct wedge_marker_b_21 parent= relZ=42010.0 globZ=42010.0
	zmin=42009.5 zmax=42010.5 kill=0
Checking overlaps for volume wedge21:0 (G4IntersectionSolid) ... OK! 
BLCMDboolean::Construct wedge21 parent= relZ=42000.0 globZ=42000.0
	zmin=41775.0 zmax=42225.0
Checking overlaps for volume rf_21.1Pipe:0 (G4Tubs) ... OK! 
Checking overlaps for volume rf_21.1UsWall:0 (G4Tubs) ... OK! 
Checking overlaps for volume rf_21.1DsWall:0 (G4Tubs) ... OK! 
Checking overlaps for volume rf_21.1DsHalf:0 (G4Tubs) ... OK! 
Checking overlaps for volume rf_21.1TimingVol:0 (G4Tubs) ... OK! 
Checking overlaps for volume rf_21.1:0 (G4Tubs) ... OK! 
BLCMDpillbox::construct rf_21.1 parent= relZ=42305.6 globZ=42305.6
	zmin=42211.0 zmax=42400.3
Checking overlaps for volume rf_window_21.1:0 (G4Tubs) ... OK! 
BLCMDtubs::Construct rf_window_21.1 parent= relZ=42208.5 globZ=42208.5
	zmin=42208.5 zmax=42208.5 kill=0
Checking overlaps for volume rf_21.2Pipe:0 (G4Tubs) ... OK! 
Checking overlaps for volume rf_21.2UsWall:0 (G4Tubs) ... OK! 
Checking overlaps for volume rf_21.2DsWall:0 (G4Tubs) ... OK! 
Checking overlaps for volume rf_21.2DsHalf:0 (G4Tubs) ... OK! 
Checking overlaps for volume rf_21.2TimingVol:0 (G4Tubs) ... OK! 
Checking overlaps for volume rf_21.2:0 (G4Tubs) ... OK! 
BLCMDpillbox::construct rf_21.2 parent= relZ=42500.0 globZ=42500.0
	zmin=42405.3 zmax=42594.7
Checking overlaps for volume rf_window_21.2:0 (G4Tubs) ... OK! 
BLCMDtubs::Construct rf_window_21.2 parent= relZ=42402.8 globZ=42402.8
	zmin=42402.8 zmax=42402.8 kill=0
Checking overlaps for volume rf_21.3Pipe:0 (G4Tubs) ... OK! 
Checking overlaps for volume rf_21.3UsWall:0 (G4Tubs) ... OK! 
Checking overlaps for volume rf_21.3DsWall:0 (G4Tubs) ... OK! 
Checking overlaps for volume rf_21.3DsHalf:0 (G4Tubs) ... OK! 
Checking overlaps for volume rf_21.3TimingVol:0 (G4Tubs) ... OK! 
Checking overlaps for volume rf_21.3:0 (G4Tubs) ... OK! 
BLCMDpillbox::construct rf_21.3 parent= relZ=42694.4 globZ=42694.4
	zmin=42599.7 zmax=42789.0
Checking overlaps for volume rf_window_21.3:0 (G4Tubs) ... OK! 
BLCMDtubs::Construct rf_window_21.3 parent= relZ=42597.2 globZ=42597.2
	zmin=42597.2 zmax=42597.2 kill=0
Checking overlaps for volume rf_window_21.3:0 (G4Tubs) ... OK! 
BLCMDtubs::Construct rf_window_21.3 parent= relZ=42791.5 globZ=42791.5
	zmin=42791.5 zmax=42791.5 kill=0
Checking overlaps for volume wedge_marker_c_21:0 (G4Tubs) ... OK! 
BLCMDtubs::Construct wedge_marker_c_21 parent= relZ=42990.0 globZ=42990.0
	zmin=42989.5 zmax=42990.5 kill=0
Checking overlaps for volume wedge_marker_d_21:0 (G4Tubs) ... OK! 
BLCMDtubs::Construct wedge_marker_d_21 parent= relZ=43010.0 globZ=43010.0
	zmin=43009.5 zmax=43010.5 kill=0
Checking overlaps for volume wedge21:0 (G4IntersectionSolid) ... OK! 
BLCMDboolean::Construct wedge21 parent= relZ=43000.0 globZ=43000.0
	zmin=42775.0 zmax=43225.0
Checking overlaps for volume rf_b_21.1Pipe:0 (G4Tubs) ... OK! 
Checking overlaps for volume rf_b_21.1UsWall:0 (G4Tubs) ... OK! 
Checking overlaps for volume rf_b_21.1DsWall:0 (G4Tubs) ... OK! 
Checking overlaps for volume rf_b_21.1DsHalf:0 (G4Tubs) ... OK! 
Checking overlaps for volume rf_b_21.1TimingVol:0 (G4Tubs) ... OK! 
Checking overlaps for volume rf_b_21.1:0 (G4Tubs) ... OK! 
BLCMDpillbox::construct rf_b_21.1 parent= relZ=43305.6 globZ=43305.6
	zmin=43211.0 zmax=43400.3
Checking overlaps for volume rf_window_b_21.1:0 (G4Tubs) ... OK! 
BLCMDtubs::Construct rf_window_b_21.1 parent= relZ=43208.5 globZ=43208.5
	zmin=43208.5 zmax=43208.5 kill=0
Checking overlaps for volume rf_b_21.2Pipe:0 (G4Tubs) ... OK! 
Checking overlaps for volume rf_b_21.2UsWall:0 (G4Tubs) ... OK! 
Checking overlaps for volume rf_b_21.2DsWall:0 (G4Tubs) ... OK! 
Checking overlaps for volume rf_b_21.2DsHalf:0 (G4Tubs) ... OK! 
Checking overlaps for volume rf_b_21.2TimingVol:0 (G4Tubs) ... OK! 
Checking overlaps for volume rf_b_21.2:0 (G4Tubs) ... OK! 
BLCMDpillbox::construct rf_b_21.2 parent= relZ=43500.0 globZ=43500.0
	zmin=43405.3 zmax=43594.7
Checking overlaps for volume rf_window_b_21.2:0 (G4Tubs) ... OK! 
BLCMDtubs::Construct rf_window_b_21.2 parent= relZ=43402.8 globZ=43402.8
	zmin=43402.8 zmax=43402.8 kill=0
Checking overlaps for volume rf_b_21.3Pipe:0 (G4Tubs) ... OK! 
Checking overlaps for volume rf_b_21.3UsWall:0 (G4Tubs) ... OK! 
Checking overlaps for volume rf_b_21.3DsWall:0 (G4Tubs) ... OK! 
Checking overlaps for volume rf_b_21.3DsHalf:0 (G4Tubs) ... OK! 
Checking overlaps for volume rf_b_21.3TimingVol:0 (G4Tubs) ... OK! 
Checking overlaps for volume rf_b_21.3:0 (G4Tubs) ... OK! 
BLCMDpillbox::construct rf_b_21.3 parent= relZ=43694.4 globZ=43694.4
	zmin=43599.7 zmax=43789.0
Checking overlaps for volume rf_window_b_21.3:0 (G4Tubs) ... OK! 
BLCMDtubs::Construct rf_window_b_21.3 parent= relZ=43597.2 globZ=43597.2
	zmin=43597.2 zmax=43597.2 kill=0
Checking overlaps for volume rf_window_b_21.3:0 (G4Tubs) ... OK! 
BLCMDtubs::Construct rf_window_b_21.3 parent= relZ=43791.5 globZ=43791.5
	zmin=43791.5 zmax=43791.5 kill=0
Checking overlaps for volume wedge_marker_a_22:0 (G4Tubs) ... OK! 
BLCMDtubs::Construct wedge_marker_a_22 parent= relZ=43990.0 globZ=43990.0
	zmin=43989.5 zmax=43990.5 kill=0
Checking overlaps for volume wedge_marker_b_22:0 (G4Tubs) ... OK! 
BLCMDtubs::Construct wedge_marker_b_22 parent= relZ=44010.0 globZ=44010.0
	zmin=44009.5 zmax=44010.5 kill=0
Checking overlaps for volume wedge22:0 (G4IntersectionSolid) ... OK! 
BLCMDboolean::Construct wedge22 parent= relZ=44000.0 globZ=44000.0
	zmin=43775.0 zmax=44225.0
Checking overlaps for volume rf_22.1Pipe:0 (G4Tubs) ... OK! 
Checking overlaps for volume rf_22.1UsWall:0 (G4Tubs) ... OK! 
Checking overlaps for volume rf_22.1DsWall:0 (G4Tubs) ... OK! 
Checking overlaps for volume rf_22.1DsHalf:0 (G4Tubs) ... OK! 
Checking overlaps for volume rf_22.1TimingVol:0 (G4Tubs) ... OK! 
Checking overlaps for volume rf_22.1:0 (G4Tubs) ... OK! 
BLCMDpillbox::construct rf_22.1 parent= relZ=44305.6 globZ=44305.6
	zmin=44211.0 zmax=44400.3
Checking overlaps for volume rf_window_22.1:0 (G4Tubs) ... OK! 
BLCMDtubs::Construct rf_window_22.1 parent= relZ=44208.5 globZ=44208.5
	zmin=44208.5 zmax=44208.5 kill=0
Checking overlaps for volume rf_22.2Pipe:0 (G4Tubs) ... OK! 
Checking overlaps for volume rf_22.2UsWall:0 (G4Tubs) ... OK! 
Checking overlaps for volume rf_22.2DsWall:0 (G4Tubs) ... OK! 
Checking overlaps for volume rf_22.2DsHalf:0 (G4Tubs) ... OK! 
Checking overlaps for volume rf_22.2TimingVol:0 (G4Tubs) ... OK! 
Checking overlaps for volume rf_22.2:0 (G4Tubs) ... OK! 
BLCMDpillbox::construct rf_22.2 parent= relZ=44500.0 globZ=44500.0
	zmin=44405.3 zmax=44594.7
Checking overlaps for volume rf_window_22.2:0 (G4Tubs) ... OK! 
BLCMDtubs::Construct rf_window_22.2 parent= relZ=44402.8 globZ=44402.8
	zmin=44402.8 zmax=44402.8 kill=0
Checking overlaps for volume rf_22.3Pipe:0 (G4Tubs) ... OK! 
Checking overlaps for volume rf_22.3UsWall:0 (G4Tubs) ... OK! 
Checking overlaps for volume rf_22.3DsWall:0 (G4Tubs) ... OK! 
Checking overlaps for volume rf_22.3DsHalf:0 (G4Tubs) ... OK! 
Checking overlaps for volume rf_22.3TimingVol:0 (G4Tubs) ... OK! 
Checking overlaps for volume rf_22.3:0 (G4Tubs) ... OK! 
BLCMDpillbox::construct rf_22.3 parent= relZ=44694.4 globZ=44694.4
	zmin=44599.7 zmax=44789.0
Checking overlaps for volume rf_window_22.3:0 (G4Tubs) ... OK! 
BLCMDtubs::Construct rf_window_22.3 parent= relZ=44597.2 globZ=44597.2
	zmin=44597.2 zmax=44597.2 kill=0
Checking overlaps for volume rf_window_22.3:0 (G4Tubs) ... OK! 
BLCMDtubs::Construct rf_window_22.3 parent= relZ=44791.5 globZ=44791.5
	zmin=44791.5 zmax=44791.5 kill=0
Checking overlaps for volume wedge_marker_c_22:0 (G4Tubs) ... OK! 
BLCMDtubs::Construct wedge_marker_c_22 parent= relZ=44990.0 globZ=44990.0
	zmin=44989.5 zmax=44990.5 kill=0
Checking overlaps for volume wedge_marker_d_22:0 (G4Tubs) ... OK! 
BLCMDtubs::Construct wedge_marker_d_22 parent= relZ=45010.0 globZ=45010.0
	zmin=45009.5 zmax=45010.5 kill=0
Checking overlaps for volume wedge22:0 (G4IntersectionSolid) ... OK! 
BLCMDboolean::Construct wedge22 parent= relZ=45000.0 globZ=45000.0
	zmin=44775.0 zmax=45225.0
Checking overlaps for volume rf_b_22.1Pipe:0 (G4Tubs) ... OK! 
Checking overlaps for volume rf_b_22.1UsWall:0 (G4Tubs) ... OK! 
Checking overlaps for volume rf_b_22.1DsWall:0 (G4Tubs) ... OK! 
Checking overlaps for volume rf_b_22.1DsHalf:0 (G4Tubs) ... OK! 
Checking overlaps for volume rf_b_22.1TimingVol:0 (G4Tubs) ... OK! 
Checking overlaps for volume rf_b_22.1:0 (G4Tubs) ... OK! 
BLCMDpillbox::construct rf_b_22.1 parent= relZ=45305.6 globZ=45305.6
	zmin=45211.0 zmax=45400.3
Checking overlaps for volume rf_window_b_22.1:0 (G4Tubs) ... OK! 
BLCMDtubs::Construct rf_window_b_22.1 parent= relZ=45208.5 globZ=45208.5
	zmin=45208.5 zmax=45208.5 kill=0
Checking overlaps for volume rf_b_22.2Pipe:0 (G4Tubs) ... OK! 
Checking overlaps for volume rf_b_22.2UsWall:0 (G4Tubs) ... OK! 
Checking overlaps for volume rf_b_22.2DsWall:0 (G4Tubs) ... OK! 
Checking overlaps for volume rf_b_22.2DsHalf:0 (G4Tubs) ... OK! 
Checking overlaps for volume rf_b_22.2TimingVol:0 (G4Tubs) ... OK! 
Checking overlaps for volume rf_b_22.2:0 (G4Tubs) ... OK! 
BLCMDpillbox::construct rf_b_22.2 parent= relZ=45500.0 globZ=45500.0
	zmin=45405.3 zmax=45594.7
Checking overlaps for volume rf_window_b_22.2:0 (G4Tubs) ... OK! 
BLCMDtubs::Construct rf_window_b_22.2 parent= relZ=45402.8 globZ=45402.8
	zmin=45402.8 zmax=45402.8 kill=0
Checking overlaps for volume rf_b_22.3Pipe:0 (G4Tubs) ... OK! 
Checking overlaps for volume rf_b_22.3UsWall:0 (G4Tubs) ... OK! 
Checking overlaps for volume rf_b_22.3DsWall:0 (G4Tubs) ... OK! 
Checking overlaps for volume rf_b_22.3DsHalf:0 (G4Tubs) ... OK! 
Checking overlaps for volume rf_b_22.3TimingVol:0 (G4Tubs) ... OK! 
Checking overlaps for volume rf_b_22.3:0 (G4Tubs) ... OK! 
BLCMDpillbox::construct rf_b_22.3 parent= relZ=45694.4 globZ=45694.4
	zmin=45599.7 zmax=45789.0
Checking overlaps for volume rf_window_b_22.3:0 (G4Tubs) ... OK! 
BLCMDtubs::Construct rf_window_b_22.3 parent= relZ=45597.2 globZ=45597.2
	zmin=45597.2 zmax=45597.2 kill=0
Checking overlaps for volume rf_window_b_22.3:0 (G4Tubs) ... OK! 
BLCMDtubs::Construct rf_window_b_22.3 parent= relZ=45791.5 globZ=45791.5
	zmin=45791.5 zmax=45791.5 kill=0
Checking overlaps for volume wedge_marker_a_23:0 (G4Tubs) ... OK! 
BLCMDtubs::Construct wedge_marker_a_23 parent= relZ=45990.0 globZ=45990.0
	zmin=45989.5 zmax=45990.5 kill=0
Checking overlaps for volume wedge_marker_b_23:0 (G4Tubs) ... OK! 
BLCMDtubs::Construct wedge_marker_b_23 parent= relZ=46010.0 globZ=46010.0
	zmin=46009.5 zmax=46010.5 kill=0
Checking overlaps for volume wedge23:0 (G4IntersectionSolid) ... OK! 
BLCMDboolean::Construct wedge23 parent= relZ=46000.0 globZ=46000.0
	zmin=45775.0 zmax=46225.0
Checking overlaps for volume rf_23.1Pipe:0 (G4Tubs) ... OK! 
Checking overlaps for volume rf_23.1UsWall:0 (G4Tubs) ... OK! 
Checking overlaps for volume rf_23.1DsWall:0 (G4Tubs) ... OK! 
Checking overlaps for volume rf_23.1DsHalf:0 (G4Tubs) ... OK! 
Checking overlaps for volume rf_23.1TimingVol:0 (G4Tubs) ... OK! 
Checking overlaps for volume rf_23.1:0 (G4Tubs) ... OK! 
BLCMDpillbox::construct rf_23.1 parent= relZ=46305.6 globZ=46305.6
	zmin=46211.0 zmax=46400.3
Checking overlaps for volume rf_window_23.1:0 (G4Tubs) ... OK! 
BLCMDtubs::Construct rf_window_23.1 parent= relZ=46208.5 globZ=46208.5
	zmin=46208.5 zmax=46208.5 kill=0
Checking overlaps for volume rf_23.2Pipe:0 (G4Tubs) ... OK! 
Checking overlaps for volume rf_23.2UsWall:0 (G4Tubs) ... OK! 
Checking overlaps for volume rf_23.2DsWall:0 (G4Tubs) ... OK! 
Checking overlaps for volume rf_23.2DsHalf:0 (G4Tubs) ... OK! 
Checking overlaps for volume rf_23.2TimingVol:0 (G4Tubs) ... OK! 
Checking overlaps for volume rf_23.2:0 (G4Tubs) ... OK! 
BLCMDpillbox::construct rf_23.2 parent= relZ=46500.0 globZ=46500.0
	zmin=46405.3 zmax=46594.7
Checking overlaps for volume rf_window_23.2:0 (G4Tubs) ... OK! 
BLCMDtubs::Construct rf_window_23.2 parent= relZ=46402.8 globZ=46402.8
	zmin=46402.8 zmax=46402.8 kill=0
Checking overlaps for volume rf_23.3Pipe:0 (G4Tubs) ... OK! 
Checking overlaps for volume rf_23.3UsWall:0 (G4Tubs) ... OK! 
Checking overlaps for volume rf_23.3DsWall:0 (G4Tubs) ... OK! 
Checking overlaps for volume rf_23.3DsHalf:0 (G4Tubs) ... OK! 
Checking overlaps for volume rf_23.3TimingVol:0 (G4Tubs) ... OK! 
Checking overlaps for volume rf_23.3:0 (G4Tubs) ... OK! 
BLCMDpillbox::construct rf_23.3 parent= relZ=46694.4 globZ=46694.4
	zmin=46599.7 zmax=46789.0
Checking overlaps for volume rf_window_23.3:0 (G4Tubs) ... OK! 
BLCMDtubs::Construct rf_window_23.3 parent= relZ=46597.2 globZ=46597.2
	zmin=46597.2 zmax=46597.2 kill=0
Checking overlaps for volume rf_window_23.3:0 (G4Tubs) ... OK! 
BLCMDtubs::Construct rf_window_23.3 parent= relZ=46791.5 globZ=46791.5
	zmin=46791.5 zmax=46791.5 kill=0
Checking overlaps for volume wedge_marker_c_23:0 (G4Tubs) ... OK! 
BLCMDtubs::Construct wedge_marker_c_23 parent= relZ=46990.0 globZ=46990.0
	zmin=46989.5 zmax=46990.5 kill=0
Checking overlaps for volume wedge_marker_d_23:0 (G4Tubs) ... OK! 
BLCMDtubs::Construct wedge_marker_d_23 parent= relZ=47010.0 globZ=47010.0
	zmin=47009.5 zmax=47010.5 kill=0
Checking overlaps for volume wedge23:0 (G4IntersectionSolid) ... OK! 
BLCMDboolean::Construct wedge23 parent= relZ=47000.0 globZ=47000.0
	zmin=46775.0 zmax=47225.0
Checking overlaps for volume rf_b_23.1Pipe:0 (G4Tubs) ... OK! 
Checking overlaps for volume rf_b_23.1UsWall:0 (G4Tubs) ... OK! 
Checking overlaps for volume rf_b_23.1DsWall:0 (G4Tubs) ... OK! 
Checking overlaps for volume rf_b_23.1DsHalf:0 (G4Tubs) ... OK! 
Checking overlaps for volume rf_b_23.1TimingVol:0 (G4Tubs) ... OK! 
Checking overlaps for volume rf_b_23.1:0 (G4Tubs) ... OK! 
BLCMDpillbox::construct rf_b_23.1 parent= relZ=47305.6 globZ=47305.6
	zmin=47211.0 zmax=47400.3
Checking overlaps for volume rf_window_b_23.1:0 (G4Tubs) ... OK! 
BLCMDtubs::Construct rf_window_b_23.1 parent= relZ=47208.5 globZ=47208.5
	zmin=47208.5 zmax=47208.5 kill=0
Checking overlaps for volume rf_b_23.2Pipe:0 (G4Tubs) ... OK! 
Checking overlaps for volume rf_b_23.2UsWall:0 (G4Tubs) ... OK! 
Checking overlaps for volume rf_b_23.2DsWall:0 (G4Tubs) ... OK! 
Checking overlaps for volume rf_b_23.2DsHalf:0 (G4Tubs) ... OK! 
Checking overlaps for volume rf_b_23.2TimingVol:0 (G4Tubs) ... OK! 
Checking overlaps for volume rf_b_23.2:0 (G4Tubs) ... OK! 
BLCMDpillbox::construct rf_b_23.2 parent= relZ=47500.0 globZ=47500.0
	zmin=47405.3 zmax=47594.7
Checking overlaps for volume rf_window_b_23.2:0 (G4Tubs) ... OK! 
BLCMDtubs::Construct rf_window_b_23.2 parent= relZ=47402.8 globZ=47402.8
	zmin=47402.8 zmax=47402.8 kill=0
Checking overlaps for volume rf_b_23.3Pipe:0 (G4Tubs) ... OK! 
Checking overlaps for volume rf_b_23.3UsWall:0 (G4Tubs) ... OK! 
Checking overlaps for volume rf_b_23.3DsWall:0 (G4Tubs) ... OK! 
Checking overlaps for volume rf_b_23.3DsHalf:0 (G4Tubs) ... OK! 
Checking overlaps for volume rf_b_23.3TimingVol:0 (G4Tubs) ... OK! 
Checking overlaps for volume rf_b_23.3:0 (G4Tubs) ... OK! 
BLCMDpillbox::construct rf_b_23.3 parent= relZ=47694.4 globZ=47694.4
	zmin=47599.7 zmax=47789.0
Checking overlaps for volume rf_window_b_23.3:0 (G4Tubs) ... OK! 
BLCMDtubs::Construct rf_window_b_23.3 parent= relZ=47597.2 globZ=47597.2
	zmin=47597.2 zmax=47597.2 kill=0
Checking overlaps for volume rf_window_b_23.3:0 (G4Tubs) ... OK! 
BLCMDtubs::Construct rf_window_b_23.3 parent= relZ=47791.5 globZ=47791.5
	zmin=47791.5 zmax=47791.5 kill=0
Checking overlaps for volume wedge_marker_a_24:0 (G4Tubs) ... OK! 
BLCMDtubs::Construct wedge_marker_a_24 parent= relZ=47990.0 globZ=47990.0
	zmin=47989.5 zmax=47990.5 kill=0
Checking overlaps for volume wedge_marker_b_24:0 (G4Tubs) ... OK! 
BLCMDtubs::Construct wedge_marker_b_24 parent= relZ=48010.0 globZ=48010.0
	zmin=48009.5 zmax=48010.5 kill=0
Checking overlaps for volume wedge24:0 (G4IntersectionSolid) ... OK! 
BLCMDboolean::Construct wedge24 parent= relZ=48000.0 globZ=48000.0
	zmin=47775.0 zmax=48225.0
Checking overlaps for volume rf_24.1Pipe:0 (G4Tubs) ... OK! 
Checking overlaps for volume rf_24.1UsWall:0 (G4Tubs) ... OK! 
Checking overlaps for volume rf_24.1DsWall:0 (G4Tubs) ... OK! 
Checking overlaps for volume rf_24.1DsHalf:0 (G4Tubs) ... OK! 
Checking overlaps for volume rf_24.1TimingVol:0 (G4Tubs) ... OK! 
Checking overlaps for volume rf_24.1:0 (G4Tubs) ... OK! 
BLCMDpillbox::construct rf_24.1 parent= relZ=48305.6 globZ=48305.6
	zmin=48211.0 zmax=48400.3
Checking overlaps for volume rf_window_24.1:0 (G4Tubs) ... OK! 
BLCMDtubs::Construct rf_window_24.1 parent= relZ=48208.5 globZ=48208.5
	zmin=48208.5 zmax=48208.5 kill=0
Checking overlaps for volume rf_24.2Pipe:0 (G4Tubs) ... OK! 
Checking overlaps for volume rf_24.2UsWall:0 (G4Tubs) ... OK! 
Checking overlaps for volume rf_24.2DsWall:0 (G4Tubs) ... OK! 
Checking overlaps for volume rf_24.2DsHalf:0 (G4Tubs) ... OK! 
Checking overlaps for volume rf_24.2TimingVol:0 (G4Tubs) ... OK! 
Checking overlaps for volume rf_24.2:0 (G4Tubs) ... OK! 
BLCMDpillbox::construct rf_24.2 parent= relZ=48500.0 globZ=48500.0
	zmin=48405.3 zmax=48594.7
Checking overlaps for volume rf_window_24.2:0 (G4Tubs) ... OK! 
BLCMDtubs::Construct rf_window_24.2 parent= relZ=48402.8 globZ=48402.8
	zmin=48402.8 zmax=48402.8 kill=0
Checking overlaps for volume rf_24.3Pipe:0 (G4Tubs) ... OK! 
Checking overlaps for volume rf_24.3UsWall:0 (G4Tubs) ... OK! 
Checking overlaps for volume rf_24.3DsWall:0 (G4Tubs) ... OK! 
Checking overlaps for volume rf_24.3DsHalf:0 (G4Tubs) ... OK! 
Checking overlaps for volume rf_24.3TimingVol:0 (G4Tubs) ... OK! 
Checking overlaps for volume rf_24.3:0 (G4Tubs) ... OK! 
BLCMDpillbox::construct rf_24.3 parent= relZ=48694.4 globZ=48694.4
	zmin=48599.7 zmax=48789.0
Checking overlaps for volume rf_window_24.3:0 (G4Tubs) ... OK! 
BLCMDtubs::Construct rf_window_24.3 parent= relZ=48597.2 globZ=48597.2
	zmin=48597.2 zmax=48597.2 kill=0
Checking overlaps for volume rf_window_24.3:0 (G4Tubs) ... OK! 
BLCMDtubs::Construct rf_window_24.3 parent= relZ=48791.5 globZ=48791.5
	zmin=48791.5 zmax=48791.5 kill=0
Checking overlaps for volume wedge_marker_c_24:0 (G4Tubs) ... OK! 
BLCMDtubs::Construct wedge_marker_c_24 parent= relZ=48990.0 globZ=48990.0
	zmin=48989.5 zmax=48990.5 kill=0
Checking overlaps for volume wedge_marker_d_24:0 (G4Tubs) ... OK! 
BLCMDtubs::Construct wedge_marker_d_24 parent= relZ=49010.0 globZ=49010.0
	zmin=49009.5 zmax=49010.5 kill=0
Checking overlaps for volume wedge24:0 (G4IntersectionSolid) ... OK! 
BLCMDboolean::Construct wedge24 parent= relZ=49000.0 globZ=49000.0
	zmin=48775.0 zmax=49225.0
Checking overlaps for volume rf_b_24.1Pipe:0 (G4Tubs) ... OK! 
Checking overlaps for volume rf_b_24.1UsWall:0 (G4Tubs) ... OK! 
Checking overlaps for volume rf_b_24.1DsWall:0 (G4Tubs) ... OK! 
Checking overlaps for volume rf_b_24.1DsHalf:0 (G4Tubs) ... OK! 
Checking overlaps for volume rf_b_24.1TimingVol:0 (G4Tubs) ... OK! 
Checking overlaps for volume rf_b_24.1:0 (G4Tubs) ... OK! 
BLCMDpillbox::construct rf_b_24.1 parent= relZ=49305.6 globZ=49305.6
	zmin=49211.0 zmax=49400.3
Checking overlaps for volume rf_window_b_24.1:0 (G4Tubs) ... OK! 
BLCMDtubs::Construct rf_window_b_24.1 parent= relZ=49208.5 globZ=49208.5
	zmin=49208.5 zmax=49208.5 kill=0
Checking overlaps for volume rf_b_24.2Pipe:0 (G4Tubs) ... OK! 
Checking overlaps for volume rf_b_24.2UsWall:0 (G4Tubs) ... OK! 
Checking overlaps for volume rf_b_24.2DsWall:0 (G4Tubs) ... OK! 
Checking overlaps for volume rf_b_24.2DsHalf:0 (G4Tubs) ... OK! 
Checking overlaps for volume rf_b_24.2TimingVol:0 (G4Tubs) ... OK! 
Checking overlaps for volume rf_b_24.2:0 (G4Tubs) ... OK! 
BLCMDpillbox::construct rf_b_24.2 parent= relZ=49500.0 globZ=49500.0
	zmin=49405.3 zmax=49594.7
Checking overlaps for volume rf_window_b_24.2:0 (G4Tubs) ... OK! 
BLCMDtubs::Construct rf_window_b_24.2 parent= relZ=49402.8 globZ=49402.8
	zmin=49402.8 zmax=49402.8 kill=0
Checking overlaps for volume rf_b_24.3Pipe:0 (G4Tubs) ... OK! 
Checking overlaps for volume rf_b_24.3UsWall:0 (G4Tubs) ... OK! 
Checking overlaps for volume rf_b_24.3DsWall:0 (G4Tubs) ... OK! 
Checking overlaps for volume rf_b_24.3DsHalf:0 (G4Tubs) ... OK! 
Checking overlaps for volume rf_b_24.3TimingVol:0 (G4Tubs) ... OK! 
Checking overlaps for volume rf_b_24.3:0 (G4Tubs) ... OK! 
BLCMDpillbox::construct rf_b_24.3 parent= relZ=49694.4 globZ=49694.4
	zmin=49599.7 zmax=49789.0
Checking overlaps for volume rf_window_b_24.3:0 (G4Tubs) ... OK! 
BLCMDtubs::Construct rf_window_b_24.3 parent= relZ=49597.2 globZ=49597.2
	zmin=49597.2 zmax=49597.2 kill=0
Checking overlaps for volume rf_window_b_24.3:0 (G4Tubs) ... OK! 
BLCMDtubs::Construct rf_window_b_24.3 parent= relZ=49791.5 globZ=49791.5
	zmin=49791.5 zmax=49791.5 kill=0
Checking overlaps for volume wedge_marker_a_25:0 (G4Tubs) ... OK! 
BLCMDtubs::Construct wedge_marker_a_25 parent= relZ=49990.0 globZ=49990.0
	zmin=49989.5 zmax=49990.5 kill=0
Checking overlaps for volume wedge_marker_b_25:0 (G4Tubs) ... OK! 
BLCMDtubs::Construct wedge_marker_b_25 parent= relZ=50010.0 globZ=50010.0
	zmin=50009.5 zmax=50010.5 kill=0
Checking overlaps for volume wedge25:0 (G4IntersectionSolid) ... OK! 
BLCMDboolean::Construct wedge25 parent= relZ=50000.0 globZ=50000.0
	zmin=49775.0 zmax=50225.0
Checking overlaps for volume rf_25.1Pipe:0 (G4Tubs) ... OK! 
Checking overlaps for volume rf_25.1UsWall:0 (G4Tubs) ... OK! 
Checking overlaps for volume rf_25.1DsWall:0 (G4Tubs) ... OK! 
Checking overlaps for volume rf_25.1DsHalf:0 (G4Tubs) ... OK! 
Checking overlaps for volume rf_25.1TimingVol:0 (G4Tubs) ... OK! 
Checking overlaps for volume rf_25.1:0 (G4Tubs) ... OK! 
BLCMDpillbox::construct rf_25.1 parent= relZ=50305.6 globZ=50305.6
	zmin=50211.0 zmax=50400.3
Checking overlaps for volume rf_window_25.1:0 (G4Tubs) ... OK! 
BLCMDtubs::Construct rf_window_25.1 parent= relZ=50208.5 globZ=50208.5
	zmin=50208.5 zmax=50208.5 kill=0
Checking overlaps for volume rf_25.2Pipe:0 (G4Tubs) ... OK! 
Checking overlaps for volume rf_25.2UsWall:0 (G4Tubs) ... OK! 
Checking overlaps for volume rf_25.2DsWall:0 (G4Tubs) ... OK! 
Checking overlaps for volume rf_25.2DsHalf:0 (G4Tubs) ... OK! 
Checking overlaps for volume rf_25.2TimingVol:0 (G4Tubs) ... OK! 
Checking overlaps for volume rf_25.2:0 (G4Tubs) ... OK! 
BLCMDpillbox::construct rf_25.2 parent= relZ=50500.0 globZ=50500.0
	zmin=50405.3 zmax=50594.7
Checking overlaps for volume rf_window_25.2:0 (G4Tubs) ... OK! 
BLCMDtubs::Construct rf_window_25.2 parent= relZ=50402.8 globZ=50402.8
	zmin=50402.8 zmax=50402.8 kill=0
Checking overlaps for volume rf_25.3Pipe:0 (G4Tubs) ... OK! 
Checking overlaps for volume rf_25.3UsWall:0 (G4Tubs) ... OK! 
Checking overlaps for volume rf_25.3DsWall:0 (G4Tubs) ... OK! 
Checking overlaps for volume rf_25.3DsHalf:0 (G4Tubs) ... OK! 
Checking overlaps for volume rf_25.3TimingVol:0 (G4Tubs) ... OK! 
Checking overlaps for volume rf_25.3:0 (G4Tubs) ... OK! 
BLCMDpillbox::construct rf_25.3 parent= relZ=50694.4 globZ=50694.4
	zmin=50599.7 zmax=50789.0
Checking overlaps for volume rf_window_25.3:0 (G4Tubs) ... OK! 
BLCMDtubs::Construct rf_window_25.3 parent= relZ=50597.2 globZ=50597.2
	zmin=50597.2 zmax=50597.2 kill=0
Checking overlaps for volume rf_window_25.3:0 (G4Tubs) ... OK! 
BLCMDtubs::Construct rf_window_25.3 parent= relZ=50791.5 globZ=50791.5
	zmin=50791.5 zmax=50791.5 kill=0
Checking overlaps for volume wedge_marker_c_25:0 (G4Tubs) ... OK! 
BLCMDtubs::Construct wedge_marker_c_25 parent= relZ=50990.0 globZ=50990.0
	zmin=50989.5 zmax=50990.5 kill=0
Checking overlaps for volume wedge_marker_d_25:0 (G4Tubs) ... OK! 
BLCMDtubs::Construct wedge_marker_d_25 parent= relZ=51010.0 globZ=51010.0
	zmin=51009.5 zmax=51010.5 kill=0
Checking overlaps for volume wedge25:0 (G4IntersectionSolid) ... OK! 
BLCMDboolean::Construct wedge25 parent= relZ=51000.0 globZ=51000.0
	zmin=50775.0 zmax=51225.0
Checking overlaps for volume rf_b_25.1Pipe:0 (G4Tubs) ... OK! 
Checking overlaps for volume rf_b_25.1UsWall:0 (G4Tubs) ... OK! 
Checking overlaps for volume rf_b_25.1DsWall:0 (G4Tubs) ... OK! 
Checking overlaps for volume rf_b_25.1DsHalf:0 (G4Tubs) ... OK! 
Checking overlaps for volume rf_b_25.1TimingVol:0 (G4Tubs) ... OK! 
Checking overlaps for volume rf_b_25.1:0 (G4Tubs) ... OK! 
BLCMDpillbox::construct rf_b_25.1 parent= relZ=51305.6 globZ=51305.6
	zmin=51211.0 zmax=51400.3
Checking overlaps for volume rf_window_b_25.1:0 (G4Tubs) ... OK! 
BLCMDtubs::Construct rf_window_b_25.1 parent= relZ=51208.5 globZ=51208.5
	zmin=51208.5 zmax=51208.5 kill=0
Checking overlaps for volume rf_b_25.2Pipe:0 (G4Tubs) ... OK! 
Checking overlaps for volume rf_b_25.2UsWall:0 (G4Tubs) ... OK! 
Checking overlaps for volume rf_b_25.2DsWall:0 (G4Tubs) ... OK! 
Checking overlaps for volume rf_b_25.2DsHalf:0 (G4Tubs) ... OK! 
Checking overlaps for volume rf_b_25.2TimingVol:0 (G4Tubs) ... OK! 
Checking overlaps for volume rf_b_25.2:0 (G4Tubs) ... OK! 
BLCMDpillbox::construct rf_b_25.2 parent= relZ=51500.0 globZ=51500.0
	zmin=51405.3 zmax=51594.7
Checking overlaps for volume rf_window_b_25.2:0 (G4Tubs) ... OK! 
BLCMDtubs::Construct rf_window_b_25.2 parent= relZ=51402.8 globZ=51402.8
	zmin=51402.8 zmax=51402.8 kill=0
Checking overlaps for volume rf_b_25.3Pipe:0 (G4Tubs) ... OK! 
Checking overlaps for volume rf_b_25.3UsWall:0 (G4Tubs) ... OK! 
Checking overlaps for volume rf_b_25.3DsWall:0 (G4Tubs) ... OK! 
Checking overlaps for volume rf_b_25.3DsHalf:0 (G4Tubs) ... OK! 
Checking overlaps for volume rf_b_25.3TimingVol:0 (G4Tubs) ... OK! 
Checking overlaps for volume rf_b_25.3:0 (G4Tubs) ... OK! 
BLCMDpillbox::construct rf_b_25.3 parent= relZ=51694.4 globZ=51694.4
	zmin=51599.7 zmax=51789.0
Checking overlaps for volume rf_window_b_25.3:0 (G4Tubs) ... OK! 
BLCMDtubs::Construct rf_window_b_25.3 parent= relZ=51597.2 globZ=51597.2
	zmin=51597.2 zmax=51597.2 kill=0
Checking overlaps for volume rf_window_b_25.3:0 (G4Tubs) ... OK! 
BLCMDtubs::Construct rf_window_b_25.3 parent= relZ=51791.5 globZ=51791.5
	zmin=51791.5 zmax=51791.5 kill=0
Checking overlaps for volume wedge_marker_a_26:0 (G4Tubs) ... OK! 
BLCMDtubs::Construct wedge_marker_a_26 parent= relZ=51990.0 globZ=51990.0
	zmin=51989.5 zmax=51990.5 kill=0
Checking overlaps for volume wedge_marker_b_26:0 (G4Tubs) ... OK! 
BLCMDtubs::Construct wedge_marker_b_26 parent= relZ=52010.0 globZ=52010.0
	zmin=52009.5 zmax=52010.5 kill=0
Checking overlaps for volume wedge26:0 (G4IntersectionSolid) ... OK! 
BLCMDboolean::Construct wedge26 parent= relZ=52000.0 globZ=52000.0
	zmin=51775.0 zmax=52225.0
Checking overlaps for volume rf_26.1Pipe:0 (G4Tubs) ... OK! 
Checking overlaps for volume rf_26.1UsWall:0 (G4Tubs) ... OK! 
Checking overlaps for volume rf_26.1DsWall:0 (G4Tubs) ... OK! 
Checking overlaps for volume rf_26.1DsHalf:0 (G4Tubs) ... OK! 
Checking overlaps for volume rf_26.1TimingVol:0 (G4Tubs) ... OK! 
Checking overlaps for volume rf_26.1:0 (G4Tubs) ... OK! 
BLCMDpillbox::construct rf_26.1 parent= relZ=52305.6 globZ=52305.6
	zmin=52211.0 zmax=52400.3
Checking overlaps for volume rf_window_26.1:0 (G4Tubs) ... OK! 
BLCMDtubs::Construct rf_window_26.1 parent= relZ=52208.5 globZ=52208.5
	zmin=52208.5 zmax=52208.5 kill=0
Checking overlaps for volume rf_26.2Pipe:0 (G4Tubs) ... OK! 
Checking overlaps for volume rf_26.2UsWall:0 (G4Tubs) ... OK! 
Checking overlaps for volume rf_26.2DsWall:0 (G4Tubs) ... OK! 
Checking overlaps for volume rf_26.2DsHalf:0 (G4Tubs) ... OK! 
Checking overlaps for volume rf_26.2TimingVol:0 (G4Tubs) ... OK! 
Checking overlaps for volume rf_26.2:0 (G4Tubs) ... OK! 
BLCMDpillbox::construct rf_26.2 parent= relZ=52500.0 globZ=52500.0
	zmin=52405.3 zmax=52594.7
Checking overlaps for volume rf_window_26.2:0 (G4Tubs) ... OK! 
BLCMDtubs::Construct rf_window_26.2 parent= relZ=52402.8 globZ=52402.8
	zmin=52402.8 zmax=52402.8 kill=0
Checking overlaps for volume rf_26.3Pipe:0 (G4Tubs) ... OK! 
Checking overlaps for volume rf_26.3UsWall:0 (G4Tubs) ... OK! 
Checking overlaps for volume rf_26.3DsWall:0 (G4Tubs) ... OK! 
Checking overlaps for volume rf_26.3DsHalf:0 (G4Tubs) ... OK! 
Checking overlaps for volume rf_26.3TimingVol:0 (G4Tubs) ... OK! 
Checking overlaps for volume rf_26.3:0 (G4Tubs) ... OK! 
BLCMDpillbox::construct rf_26.3 parent= relZ=52694.4 globZ=52694.4
	zmin=52599.7 zmax=52789.0
Checking overlaps for volume rf_window_26.3:0 (G4Tubs) ... OK! 
BLCMDtubs::Construct rf_window_26.3 parent= relZ=52597.2 globZ=52597.2
	zmin=52597.2 zmax=52597.2 kill=0
Checking overlaps for volume rf_window_26.3:0 (G4Tubs) ... OK! 
BLCMDtubs::Construct rf_window_26.3 parent= relZ=52791.5 globZ=52791.5
	zmin=52791.5 zmax=52791.5 kill=0
Checking overlaps for volume wedge_marker_c_26:0 (G4Tubs) ... OK! 
BLCMDtubs::Construct wedge_marker_c_26 parent= relZ=52990.0 globZ=52990.0
	zmin=52989.5 zmax=52990.5 kill=0
Checking overlaps for volume wedge_marker_d_26:0 (G4Tubs) ... OK! 
BLCMDtubs::Construct wedge_marker_d_26 parent= relZ=53010.0 globZ=53010.0
	zmin=53009.5 zmax=53010.5 kill=0
Checking overlaps for volume wedge26:0 (G4IntersectionSolid) ... OK! 
BLCMDboolean::Construct wedge26 parent= relZ=53000.0 globZ=53000.0
	zmin=52775.0 zmax=53225.0
Checking overlaps for volume rf_b_26.1Pipe:0 (G4Tubs) ... OK! 
Checking overlaps for volume rf_b_26.1UsWall:0 (G4Tubs) ... OK! 
Checking overlaps for volume rf_b_26.1DsWall:0 (G4Tubs) ... OK! 
Checking overlaps for volume rf_b_26.1DsHalf:0 (G4Tubs) ... OK! 
Checking overlaps for volume rf_b_26.1TimingVol:0 (G4Tubs) ... OK! 
Checking overlaps for volume rf_b_26.1:0 (G4Tubs) ... OK! 
BLCMDpillbox::construct rf_b_26.1 parent= relZ=53305.6 globZ=53305.6
	zmin=53211.0 zmax=53400.3
Checking overlaps for volume rf_window_b_26.1:0 (G4Tubs) ... OK! 
BLCMDtubs::Construct rf_window_b_26.1 parent= relZ=53208.5 globZ=53208.5
	zmin=53208.5 zmax=53208.5 kill=0
Checking overlaps for volume rf_b_26.2Pipe:0 (G4Tubs) ... OK! 
Checking overlaps for volume rf_b_26.2UsWall:0 (G4Tubs) ... OK! 
Checking overlaps for volume rf_b_26.2DsWall:0 (G4Tubs) ... OK! 
Checking overlaps for volume rf_b_26.2DsHalf:0 (G4Tubs) ... OK! 
Checking overlaps for volume rf_b_26.2TimingVol:0 (G4Tubs) ... OK! 
Checking overlaps for volume rf_b_26.2:0 (G4Tubs) ... OK! 
BLCMDpillbox::construct rf_b_26.2 parent= relZ=53500.0 globZ=53500.0
	zmin=53405.3 zmax=53594.7
Checking overlaps for volume rf_window_b_26.2:0 (G4Tubs) ... OK! 
BLCMDtubs::Construct rf_window_b_26.2 parent= relZ=53402.8 globZ=53402.8
	zmin=53402.8 zmax=53402.8 kill=0
Checking overlaps for volume rf_b_26.3Pipe:0 (G4Tubs) ... OK! 
Checking overlaps for volume rf_b_26.3UsWall:0 (G4Tubs) ... OK! 
Checking overlaps for volume rf_b_26.3DsWall:0 (G4Tubs) ... OK! 
Checking overlaps for volume rf_b_26.3DsHalf:0 (G4Tubs) ... OK! 
Checking overlaps for volume rf_b_26.3TimingVol:0 (G4Tubs) ... OK! 
Checking overlaps for volume rf_b_26.3:0 (G4Tubs) ... OK! 
BLCMDpillbox::construct rf_b_26.3 parent= relZ=53694.4 globZ=53694.4
	zmin=53599.7 zmax=53789.0
Checking overlaps for volume rf_window_b_26.3:0 (G4Tubs) ... OK! 
BLCMDtubs::Construct rf_window_b_26.3 parent= relZ=53597.2 globZ=53597.2
	zmin=53597.2 zmax=53597.2 kill=0
Checking overlaps for volume rf_window_b_26.3:0 (G4Tubs) ... OK! 
BLCMDtubs::Construct rf_window_b_26.3 parent= relZ=53791.5 globZ=53791.5
	zmin=53791.5 zmax=53791.5 kill=0
Checking overlaps for volume wedge_marker_a_27:0 (G4Tubs) ... OK! 
BLCMDtubs::Construct wedge_marker_a_27 parent= relZ=53990.0 globZ=53990.0
	zmin=53989.5 zmax=53990.5 kill=0
Checking overlaps for volume wedge_marker_b_27:0 (G4Tubs) ... OK! 
BLCMDtubs::Construct wedge_marker_b_27 parent= relZ=54010.0 globZ=54010.0
	zmin=54009.5 zmax=54010.5 kill=0
Checking overlaps for volume wedge27:0 (G4IntersectionSolid) ... OK! 
BLCMDboolean::Construct wedge27 parent= relZ=54000.0 globZ=54000.0
	zmin=53775.0 zmax=54225.0
Checking overlaps for volume rf_27.1Pipe:0 (G4Tubs) ... OK! 
Checking overlaps for volume rf_27.1UsWall:0 (G4Tubs) ... OK! 
Checking overlaps for volume rf_27.1DsWall:0 (G4Tubs) ... OK! 
Checking overlaps for volume rf_27.1DsHalf:0 (G4Tubs) ... OK! 
Checking overlaps for volume rf_27.1TimingVol:0 (G4Tubs) ... OK! 
Checking overlaps for volume rf_27.1:0 (G4Tubs) ... OK! 
BLCMDpillbox::construct rf_27.1 parent= relZ=54305.6 globZ=54305.6
	zmin=54211.0 zmax=54400.3
Checking overlaps for volume rf_window_27.1:0 (G4Tubs) ... OK! 
BLCMDtubs::Construct rf_window_27.1 parent= relZ=54208.5 globZ=54208.5
	zmin=54208.5 zmax=54208.5 kill=0
Checking overlaps for volume rf_27.2Pipe:0 (G4Tubs) ... OK! 
Checking overlaps for volume rf_27.2UsWall:0 (G4Tubs) ... OK! 
Checking overlaps for volume rf_27.2DsWall:0 (G4Tubs) ... OK! 
Checking overlaps for volume rf_27.2DsHalf:0 (G4Tubs) ... OK! 
Checking overlaps for volume rf_27.2TimingVol:0 (G4Tubs) ... OK! 
Checking overlaps for volume rf_27.2:0 (G4Tubs) ... OK! 
BLCMDpillbox::construct rf_27.2 parent= relZ=54500.0 globZ=54500.0
	zmin=54405.3 zmax=54594.7
Checking overlaps for volume rf_window_27.2:0 (G4Tubs) ... OK! 
BLCMDtubs::Construct rf_window_27.2 parent= relZ=54402.8 globZ=54402.8
	zmin=54402.8 zmax=54402.8 kill=0
Checking overlaps for volume rf_27.3Pipe:0 (G4Tubs) ... OK! 
Checking overlaps for volume rf_27.3UsWall:0 (G4Tubs) ... OK! 
Checking overlaps for volume rf_27.3DsWall:0 (G4Tubs) ... OK! 
Checking overlaps for volume rf_27.3DsHalf:0 (G4Tubs) ... OK! 
Checking overlaps for volume rf_27.3TimingVol:0 (G4Tubs) ... OK! 
Checking overlaps for volume rf_27.3:0 (G4Tubs) ... OK! 
BLCMDpillbox::construct rf_27.3 parent= relZ=54694.4 globZ=54694.4
	zmin=54599.7 zmax=54789.0
Checking overlaps for volume rf_window_27.3:0 (G4Tubs) ... OK! 
BLCMDtubs::Construct rf_window_27.3 parent= relZ=54597.2 globZ=54597.2
	zmin=54597.2 zmax=54597.2 kill=0
Checking overlaps for volume rf_window_27.3:0 (G4Tubs) ... OK! 
BLCMDtubs::Construct rf_window_27.3 parent= relZ=54791.5 globZ=54791.5
	zmin=54791.5 zmax=54791.5 kill=0
Checking overlaps for volume wedge_marker_c_27:0 (G4Tubs) ... OK! 
BLCMDtubs::Construct wedge_marker_c_27 parent= relZ=54990.0 globZ=54990.0
	zmin=54989.5 zmax=54990.5 kill=0
Checking overlaps for volume wedge_marker_d_27:0 (G4Tubs) ... OK! 
BLCMDtubs::Construct wedge_marker_d_27 parent= relZ=55010.0 globZ=55010.0
	zmin=55009.5 zmax=55010.5 kill=0
Checking overlaps for volume wedge27:0 (G4IntersectionSolid) ... OK! 
BLCMDboolean::Construct wedge27 parent= relZ=55000.0 globZ=55000.0
	zmin=54775.0 zmax=55225.0
Checking overlaps for volume rf_b_27.1Pipe:0 (G4Tubs) ... OK! 
Checking overlaps for volume rf_b_27.1UsWall:0 (G4Tubs) ... OK! 
Checking overlaps for volume rf_b_27.1DsWall:0 (G4Tubs) ... OK! 
Checking overlaps for volume rf_b_27.1DsHalf:0 (G4Tubs) ... OK! 
Checking overlaps for volume rf_b_27.1TimingVol:0 (G4Tubs) ... OK! 
Checking overlaps for volume rf_b_27.1:0 (G4Tubs) ... OK! 
BLCMDpillbox::construct rf_b_27.1 parent= relZ=55305.6 globZ=55305.6
	zmin=55211.0 zmax=55400.3
Checking overlaps for volume rf_window_b_27.1:0 (G4Tubs) ... OK! 
BLCMDtubs::Construct rf_window_b_27.1 parent= relZ=55208.5 globZ=55208.5
	zmin=55208.5 zmax=55208.5 kill=0
Checking overlaps for volume rf_b_27.2Pipe:0 (G4Tubs) ... OK! 
Checking overlaps for volume rf_b_27.2UsWall:0 (G4Tubs) ... OK! 
Checking overlaps for volume rf_b_27.2DsWall:0 (G4Tubs) ... OK! 
Checking overlaps for volume rf_b_27.2DsHalf:0 (G4Tubs) ... OK! 
Checking overlaps for volume rf_b_27.2TimingVol:0 (G4Tubs) ... OK! 
Checking overlaps for volume rf_b_27.2:0 (G4Tubs) ... OK! 
BLCMDpillbox::construct rf_b_27.2 parent= relZ=55500.0 globZ=55500.0
	zmin=55405.3 zmax=55594.7
Checking overlaps for volume rf_window_b_27.2:0 (G4Tubs) ... OK! 
BLCMDtubs::Construct rf_window_b_27.2 parent= relZ=55402.8 globZ=55402.8
	zmin=55402.8 zmax=55402.8 kill=0
Checking overlaps for volume rf_b_27.3Pipe:0 (G4Tubs) ... OK! 
Checking overlaps for volume rf_b_27.3UsWall:0 (G4Tubs) ... OK! 
Checking overlaps for volume rf_b_27.3DsWall:0 (G4Tubs) ... OK! 
Checking overlaps for volume rf_b_27.3DsHalf:0 (G4Tubs) ... OK! 
Checking overlaps for volume rf_b_27.3TimingVol:0 (G4Tubs) ... OK! 
Checking overlaps for volume rf_b_27.3:0 (G4Tubs) ... OK! 
BLCMDpillbox::construct rf_b_27.3 parent= relZ=55694.4 globZ=55694.4
	zmin=55599.7 zmax=55789.0
Checking overlaps for volume rf_window_b_27.3:0 (G4Tubs) ... OK! 
BLCMDtubs::Construct rf_window_b_27.3 parent= relZ=55597.2 globZ=55597.2
	zmin=55597.2 zmax=55597.2 kill=0
Checking overlaps for volume rf_window_b_27.3:0 (G4Tubs) ... OK! 
BLCMDtubs::Construct rf_window_b_27.3 parent= relZ=55791.5 globZ=55791.5
	zmin=55791.5 zmax=55791.5 kill=0
Checking overlaps for volume wedge_marker_a_28:0 (G4Tubs) ... OK! 
BLCMDtubs::Construct wedge_marker_a_28 parent= relZ=55990.0 globZ=55990.0
	zmin=55989.5 zmax=55990.5 kill=0
Checking overlaps for volume wedge_marker_b_28:0 (G4Tubs) ... OK! 
BLCMDtubs::Construct wedge_marker_b_28 parent= relZ=56010.0 globZ=56010.0
	zmin=56009.5 zmax=56010.5 kill=0
Checking overlaps for volume wedge28:0 (G4IntersectionSolid) ... OK! 
BLCMDboolean::Construct wedge28 parent= relZ=56000.0 globZ=56000.0
	zmin=55775.0 zmax=56225.0
Checking overlaps for volume rf_28.1Pipe:0 (G4Tubs) ... OK! 
Checking overlaps for volume rf_28.1UsWall:0 (G4Tubs) ... OK! 
Checking overlaps for volume rf_28.1DsWall:0 (G4Tubs) ... OK! 
Checking overlaps for volume rf_28.1DsHalf:0 (G4Tubs) ... OK! 
Checking overlaps for volume rf_28.1TimingVol:0 (G4Tubs) ... OK! 
Checking overlaps for volume rf_28.1:0 (G4Tubs) ... OK! 
BLCMDpillbox::construct rf_28.1 parent= relZ=56305.6 globZ=56305.6
	zmin=56211.0 zmax=56400.3
Checking overlaps for volume rf_window_28.1:0 (G4Tubs) ... OK! 
BLCMDtubs::Construct rf_window_28.1 parent= relZ=56208.5 globZ=56208.5
	zmin=56208.5 zmax=56208.5 kill=0
Checking overlaps for volume rf_28.2Pipe:0 (G4Tubs) ... OK! 
Checking overlaps for volume rf_28.2UsWall:0 (G4Tubs) ... OK! 
Checking overlaps for volume rf_28.2DsWall:0 (G4Tubs) ... OK! 
Checking overlaps for volume rf_28.2DsHalf:0 (G4Tubs) ... OK! 
Checking overlaps for volume rf_28.2TimingVol:0 (G4Tubs) ... OK! 
Checking overlaps for volume rf_28.2:0 (G4Tubs) ... OK! 
BLCMDpillbox::construct rf_28.2 parent= relZ=56500.0 globZ=56500.0
	zmin=56405.3 zmax=56594.7
Checking overlaps for volume rf_window_28.2:0 (G4Tubs) ... OK! 
BLCMDtubs::Construct rf_window_28.2 parent= relZ=56402.8 globZ=56402.8
	zmin=56402.8 zmax=56402.8 kill=0
Checking overlaps for volume rf_28.3Pipe:0 (G4Tubs) ... OK! 
Checking overlaps for volume rf_28.3UsWall:0 (G4Tubs) ... OK! 
Checking overlaps for volume rf_28.3DsWall:0 (G4Tubs) ... OK! 
Checking overlaps for volume rf_28.3DsHalf:0 (G4Tubs) ... OK! 
Checking overlaps for volume rf_28.3TimingVol:0 (G4Tubs) ... OK! 
Checking overlaps for volume rf_28.3:0 (G4Tubs) ... OK! 
BLCMDpillbox::construct rf_28.3 parent= relZ=56694.4 globZ=56694.4
	zmin=56599.7 zmax=56789.0
Checking overlaps for volume rf_window_28.3:0 (G4Tubs) ... OK! 
BLCMDtubs::Construct rf_window_28.3 parent= relZ=56597.2 globZ=56597.2
	zmin=56597.2 zmax=56597.2 kill=0
Checking overlaps for volume rf_window_28.3:0 (G4Tubs) ... OK! 
BLCMDtubs::Construct rf_window_28.3 parent= relZ=56791.5 globZ=56791.5
	zmin=56791.5 zmax=56791.5 kill=0
Checking overlaps for volume wedge_marker_c_28:0 (G4Tubs) ... OK! 
BLCMDtubs::Construct wedge_marker_c_28 parent= relZ=56990.0 globZ=56990.0
	zmin=56989.5 zmax=56990.5 kill=0
Checking overlaps for volume wedge_marker_d_28:0 (G4Tubs) ... OK! 
BLCMDtubs::Construct wedge_marker_d_28 parent= relZ=57010.0 globZ=57010.0
	zmin=57009.5 zmax=57010.5 kill=0
Checking overlaps for volume wedge28:0 (G4IntersectionSolid) ... OK! 
BLCMDboolean::Construct wedge28 parent= relZ=57000.0 globZ=57000.0
	zmin=56775.0 zmax=57225.0
Checking overlaps for volume rf_b_28.1Pipe:0 (G4Tubs) ... OK! 
Checking overlaps for volume rf_b_28.1UsWall:0 (G4Tubs) ... OK! 
Checking overlaps for volume rf_b_28.1DsWall:0 (G4Tubs) ... OK! 
Checking overlaps for volume rf_b_28.1DsHalf:0 (G4Tubs) ... OK! 
Checking overlaps for volume rf_b_28.1TimingVol:0 (G4Tubs) ... OK! 
Checking overlaps for volume rf_b_28.1:0 (G4Tubs) ... OK! 
BLCMDpillbox::construct rf_b_28.1 parent= relZ=57305.6 globZ=57305.6
	zmin=57211.0 zmax=57400.3
Checking overlaps for volume rf_window_b_28.1:0 (G4Tubs) ... OK! 
BLCMDtubs::Construct rf_window_b_28.1 parent= relZ=57208.5 globZ=57208.5
	zmin=57208.5 zmax=57208.5 kill=0
Checking overlaps for volume rf_b_28.2Pipe:0 (G4Tubs) ... OK! 
Checking overlaps for volume rf_b_28.2UsWall:0 (G4Tubs) ... OK! 
Checking overlaps for volume rf_b_28.2DsWall:0 (G4Tubs) ... OK! 
Checking overlaps for volume rf_b_28.2DsHalf:0 (G4Tubs) ... OK! 
Checking overlaps for volume rf_b_28.2TimingVol:0 (G4Tubs) ... OK! 
Checking overlaps for volume rf_b_28.2:0 (G4Tubs) ... OK! 
BLCMDpillbox::construct rf_b_28.2 parent= relZ=57500.0 globZ=57500.0
	zmin=57405.3 zmax=57594.7
Checking overlaps for volume rf_window_b_28.2:0 (G4Tubs) ... OK! 
BLCMDtubs::Construct rf_window_b_28.2 parent= relZ=57402.8 globZ=57402.8
	zmin=57402.8 zmax=57402.8 kill=0
Checking overlaps for volume rf_b_28.3Pipe:0 (G4Tubs) ... OK! 
Checking overlaps for volume rf_b_28.3UsWall:0 (G4Tubs) ... OK! 
Checking overlaps for volume rf_b_28.3DsWall:0 (G4Tubs) ... OK! 
Checking overlaps for volume rf_b_28.3DsHalf:0 (G4Tubs) ... OK! 
Checking overlaps for volume rf_b_28.3TimingVol:0 (G4Tubs) ... OK! 
Checking overlaps for volume rf_b_28.3:0 (G4Tubs) ... OK! 
BLCMDpillbox::construct rf_b_28.3 parent= relZ=57694.4 globZ=57694.4
	zmin=57599.7 zmax=57789.0
Checking overlaps for volume rf_window_b_28.3:0 (G4Tubs) ... OK! 
BLCMDtubs::Construct rf_window_b_28.3 parent= relZ=57597.2 globZ=57597.2
	zmin=57597.2 zmax=57597.2 kill=0
Checking overlaps for volume rf_window_b_28.3:0 (G4Tubs) ... OK! 
BLCMDtubs::Construct rf_window_b_28.3 parent= relZ=57791.5 globZ=57791.5
	zmin=57791.5 zmax=57791.5 kill=0
Checking overlaps for volume wedge_marker_a_29:0 (G4Tubs) ... OK! 
BLCMDtubs::Construct wedge_marker_a_29 parent= relZ=57990.0 globZ=57990.0
	zmin=57989.5 zmax=57990.5 kill=0
Checking overlaps for volume wedge_marker_b_29:0 (G4Tubs) ... OK! 
BLCMDtubs::Construct wedge_marker_b_29 parent= relZ=58010.0 globZ=58010.0
	zmin=58009.5 zmax=58010.5 kill=0
Checking overlaps for volume wedge29:0 (G4IntersectionSolid) ... OK! 
BLCMDboolean::Construct wedge29 parent= relZ=58000.0 globZ=58000.0
	zmin=57775.0 zmax=58225.0
Checking overlaps for volume rf_29.1Pipe:0 (G4Tubs) ... OK! 
Checking overlaps for volume rf_29.1UsWall:0 (G4Tubs) ... OK! 
Checking overlaps for volume rf_29.1DsWall:0 (G4Tubs) ... OK! 
Checking overlaps for volume rf_29.1DsHalf:0 (G4Tubs) ... OK! 
Checking overlaps for volume rf_29.1TimingVol:0 (G4Tubs) ... OK! 
Checking overlaps for volume rf_29.1:0 (G4Tubs) ... OK! 
BLCMDpillbox::construct rf_29.1 parent= relZ=58305.6 globZ=58305.6
	zmin=58211.0 zmax=58400.3
Checking overlaps for volume rf_window_29.1:0 (G4Tubs) ... OK! 
BLCMDtubs::Construct rf_window_29.1 parent= relZ=58208.5 globZ=58208.5
	zmin=58208.5 zmax=58208.5 kill=0
Checking overlaps for volume rf_29.2Pipe:0 (G4Tubs) ... OK! 
Checking overlaps for volume rf_29.2UsWall:0 (G4Tubs) ... OK! 
Checking overlaps for volume rf_29.2DsWall:0 (G4Tubs) ... OK! 
Checking overlaps for volume rf_29.2DsHalf:0 (G4Tubs) ... OK! 
Checking overlaps for volume rf_29.2TimingVol:0 (G4Tubs) ... OK! 
Checking overlaps for volume rf_29.2:0 (G4Tubs) ... OK! 
BLCMDpillbox::construct rf_29.2 parent= relZ=58500.0 globZ=58500.0
	zmin=58405.3 zmax=58594.7
Checking overlaps for volume rf_window_29.2:0 (G4Tubs) ... OK! 
BLCMDtubs::Construct rf_window_29.2 parent= relZ=58402.8 globZ=58402.8
	zmin=58402.8 zmax=58402.8 kill=0
Checking overlaps for volume rf_29.3Pipe:0 (G4Tubs) ... OK! 
Checking overlaps for volume rf_29.3UsWall:0 (G4Tubs) ... OK! 
Checking overlaps for volume rf_29.3DsWall:0 (G4Tubs) ... OK! 
Checking overlaps for volume rf_29.3DsHalf:0 (G4Tubs) ... OK! 
Checking overlaps for volume rf_29.3TimingVol:0 (G4Tubs) ... OK! 
Checking overlaps for volume rf_29.3:0 (G4Tubs) ... OK! 
BLCMDpillbox::construct rf_29.3 parent= relZ=58694.4 globZ=58694.4
	zmin=58599.7 zmax=58789.0
Checking overlaps for volume rf_window_29.3:0 (G4Tubs) ... OK! 
BLCMDtubs::Construct rf_window_29.3 parent= relZ=58597.2 globZ=58597.2
	zmin=58597.2 zmax=58597.2 kill=0
Checking overlaps for volume rf_window_29.3:0 (G4Tubs) ... OK! 
BLCMDtubs::Construct rf_window_29.3 parent= relZ=58791.5 globZ=58791.5
	zmin=58791.5 zmax=58791.5 kill=0
Checking overlaps for volume wedge_marker_c_29:0 (G4Tubs) ... OK! 
BLCMDtubs::Construct wedge_marker_c_29 parent= relZ=58990.0 globZ=58990.0
	zmin=58989.5 zmax=58990.5 kill=0
Checking overlaps for volume wedge_marker_d_29:0 (G4Tubs) ... OK! 
BLCMDtubs::Construct wedge_marker_d_29 parent= relZ=59010.0 globZ=59010.0
	zmin=59009.5 zmax=59010.5 kill=0
Checking overlaps for volume wedge29:0 (G4IntersectionSolid) ... OK! 
BLCMDboolean::Construct wedge29 parent= relZ=59000.0 globZ=59000.0
	zmin=58775.0 zmax=59225.0
Checking overlaps for volume rf_b_29.1Pipe:0 (G4Tubs) ... OK! 
Checking overlaps for volume rf_b_29.1UsWall:0 (G4Tubs) ... OK! 
Checking overlaps for volume rf_b_29.1DsWall:0 (G4Tubs) ... OK! 
Checking overlaps for volume rf_b_29.1DsHalf:0 (G4Tubs) ... OK! 
Checking overlaps for volume rf_b_29.1TimingVol:0 (G4Tubs) ... OK! 
Checking overlaps for volume rf_b_29.1:0 (G4Tubs) ... OK! 
BLCMDpillbox::construct rf_b_29.1 parent= relZ=59305.6 globZ=59305.6
	zmin=59211.0 zmax=59400.3
Checking overlaps for volume rf_window_b_29.1:0 (G4Tubs) ... OK! 
BLCMDtubs::Construct rf_window_b_29.1 parent= relZ=59208.5 globZ=59208.5
	zmin=59208.5 zmax=59208.5 kill=0
Checking overlaps for volume rf_b_29.2Pipe:0 (G4Tubs) ... OK! 
Checking overlaps for volume rf_b_29.2UsWall:0 (G4Tubs) ... OK! 
Checking overlaps for volume rf_b_29.2DsWall:0 (G4Tubs) ... OK! 
Checking overlaps for volume rf_b_29.2DsHalf:0 (G4Tubs) ... OK! 
Checking overlaps for volume rf_b_29.2TimingVol:0 (G4Tubs) ... OK! 
Checking overlaps for volume rf_b_29.2:0 (G4Tubs) ... OK! 
BLCMDpillbox::construct rf_b_29.2 parent= relZ=59500.0 globZ=59500.0
	zmin=59405.3 zmax=59594.7
Checking overlaps for volume rf_window_b_29.2:0 (G4Tubs) ... OK! 
BLCMDtubs::Construct rf_window_b_29.2 parent= relZ=59402.8 globZ=59402.8
	zmin=59402.8 zmax=59402.8 kill=0
Checking overlaps for volume rf_b_29.3Pipe:0 (G4Tubs) ... OK! 
Checking overlaps for volume rf_b_29.3UsWall:0 (G4Tubs) ... OK! 
Checking overlaps for volume rf_b_29.3DsWall:0 (G4Tubs) ... OK! 
Checking overlaps for volume rf_b_29.3DsHalf:0 (G4Tubs) ... OK! 
Checking overlaps for volume rf_b_29.3TimingVol:0 (G4Tubs) ... OK! 
Checking overlaps for volume rf_b_29.3:0 (G4Tubs) ... OK! 
BLCMDpillbox::construct rf_b_29.3 parent= relZ=59694.4 globZ=59694.4
	zmin=59599.7 zmax=59789.0
Checking overlaps for volume rf_window_b_29.3:0 (G4Tubs) ... OK! 
BLCMDtubs::Construct rf_window_b_29.3 parent= relZ=59597.2 globZ=59597.2
	zmin=59597.2 zmax=59597.2 kill=0
Checking overlaps for volume rf_window_b_29.3:0 (G4Tubs) ... OK! 
BLCMDtubs::Construct rf_window_b_29.3 parent= relZ=59791.5 globZ=59791.5
	zmin=59791.5 zmax=59791.5 kill=0
Checking overlaps for volume wedge_marker_a_30:0 (G4Tubs) ... OK! 
BLCMDtubs::Construct wedge_marker_a_30 parent= relZ=59990.0 globZ=59990.0
	zmin=59989.5 zmax=59990.5 kill=0
Checking overlaps for volume wedge_marker_b_30:0 (G4Tubs) ... OK! 
BLCMDtubs::Construct wedge_marker_b_30 parent= relZ=60010.0 globZ=60010.0
	zmin=60009.5 zmax=60010.5 kill=0
Checking overlaps for volume wedge30:0 (G4IntersectionSolid) ... OK! 
BLCMDboolean::Construct wedge30 parent= relZ=60000.0 globZ=60000.0
	zmin=59775.0 zmax=60225.0
Checking overlaps for volume rf_30.1Pipe:0 (G4Tubs) ... OK! 
Checking overlaps for volume rf_30.1UsWall:0 (G4Tubs) ... OK! 
Checking overlaps for volume rf_30.1DsWall:0 (G4Tubs) ... OK! 
Checking overlaps for volume rf_30.1DsHalf:0 (G4Tubs) ... OK! 
Checking overlaps for volume rf_30.1TimingVol:0 (G4Tubs) ... OK! 
Checking overlaps for volume rf_30.1:0 (G4Tubs) ... OK! 
BLCMDpillbox::construct rf_30.1 parent= relZ=60305.6 globZ=60305.6
	zmin=60211.0 zmax=60400.3
Checking overlaps for volume rf_window_30.1:0 (G4Tubs) ... OK! 
BLCMDtubs::Construct rf_window_30.1 parent= relZ=60208.5 globZ=60208.5
	zmin=60208.5 zmax=60208.5 kill=0
Checking overlaps for volume rf_30.2Pipe:0 (G4Tubs) ... OK! 
Checking overlaps for volume rf_30.2UsWall:0 (G4Tubs) ... OK! 
Checking overlaps for volume rf_30.2DsWall:0 (G4Tubs) ... OK! 
Checking overlaps for volume rf_30.2DsHalf:0 (G4Tubs) ... OK! 
Checking overlaps for volume rf_30.2TimingVol:0 (G4Tubs) ... OK! 
Checking overlaps for volume rf_30.2:0 (G4Tubs) ... OK! 
BLCMDpillbox::construct rf_30.2 parent= relZ=60500.0 globZ=60500.0
	zmin=60405.3 zmax=60594.7
Checking overlaps for volume rf_window_30.2:0 (G4Tubs) ... OK! 
BLCMDtubs::Construct rf_window_30.2 parent= relZ=60402.8 globZ=60402.8
	zmin=60402.8 zmax=60402.8 kill=0
Checking overlaps for volume rf_30.3Pipe:0 (G4Tubs) ... OK! 
Checking overlaps for volume rf_30.3UsWall:0 (G4Tubs) ... OK! 
Checking overlaps for volume rf_30.3DsWall:0 (G4Tubs) ... OK! 
Checking overlaps for volume rf_30.3DsHalf:0 (G4Tubs) ... OK! 
Checking overlaps for volume rf_30.3TimingVol:0 (G4Tubs) ... OK! 
Checking overlaps for volume rf_30.3:0 (G4Tubs) ... OK! 
BLCMDpillbox::construct rf_30.3 parent= relZ=60694.4 globZ=60694.4
	zmin=60599.7 zmax=60789.0
Checking overlaps for volume rf_window_30.3:0 (G4Tubs) ... OK! 
BLCMDtubs::Construct rf_window_30.3 parent= relZ=60597.2 globZ=60597.2
	zmin=60597.2 zmax=60597.2 kill=0
Checking overlaps for volume rf_window_30.3:0 (G4Tubs) ... OK! 
BLCMDtubs::Construct rf_window_30.3 parent= relZ=60791.5 globZ=60791.5
	zmin=60791.5 zmax=60791.5 kill=0
Checking overlaps for volume wedge_marker_c_30:0 (G4Tubs) ... OK! 
BLCMDtubs::Construct wedge_marker_c_30 parent= relZ=60990.0 globZ=60990.0
	zmin=60989.5 zmax=60990.5 kill=0
Checking overlaps for volume wedge_marker_d_30:0 (G4Tubs) ... OK! 
BLCMDtubs::Construct wedge_marker_d_30 parent= relZ=61010.0 globZ=61010.0
	zmin=61009.5 zmax=61010.5 kill=0
Checking overlaps for volume wedge30:0 (G4IntersectionSolid) ... OK! 
BLCMDboolean::Construct wedge30 parent= relZ=61000.0 globZ=61000.0
	zmin=60775.0 zmax=61225.0
Checking overlaps for volume rf_b_30.1Pipe:0 (G4Tubs) ... OK! 
Checking overlaps for volume rf_b_30.1UsWall:0 (G4Tubs) ... OK! 
Checking overlaps for volume rf_b_30.1DsWall:0 (G4Tubs) ... OK! 
Checking overlaps for volume rf_b_30.1DsHalf:0 (G4Tubs) ... OK! 
Checking overlaps for volume rf_b_30.1TimingVol:0 (G4Tubs) ... OK! 
Checking overlaps for volume rf_b_30.1:0 (G4Tubs) ... OK! 
BLCMDpillbox::construct rf_b_30.1 parent= relZ=61305.6 globZ=61305.6
	zmin=61211.0 zmax=61400.3
Checking overlaps for volume rf_window_b_30.1:0 (G4Tubs) ... OK! 
BLCMDtubs::Construct rf_window_b_30.1 parent= relZ=61208.5 globZ=61208.5
	zmin=61208.5 zmax=61208.5 kill=0
Checking overlaps for volume rf_b_30.2Pipe:0 (G4Tubs) ... OK! 
Checking overlaps for volume rf_b_30.2UsWall:0 (G4Tubs) ... OK! 
Checking overlaps for volume rf_b_30.2DsWall:0 (G4Tubs) ... OK! 
Checking overlaps for volume rf_b_30.2DsHalf:0 (G4Tubs) ... OK! 
Checking overlaps for volume rf_b_30.2TimingVol:0 (G4Tubs) ... OK! 
Checking overlaps for volume rf_b_30.2:0 (G4Tubs) ... OK! 
BLCMDpillbox::construct rf_b_30.2 parent= relZ=61500.0 globZ=61500.0
	zmin=61405.3 zmax=61594.7
Checking overlaps for volume rf_window_b_30.2:0 (G4Tubs) ... OK! 
BLCMDtubs::Construct rf_window_b_30.2 parent= relZ=61402.8 globZ=61402.8
	zmin=61402.8 zmax=61402.8 kill=0
Checking overlaps for volume rf_b_30.3Pipe:0 (G4Tubs) ... OK! 
Checking overlaps for volume rf_b_30.3UsWall:0 (G4Tubs) ... OK! 
Checking overlaps for volume rf_b_30.3DsWall:0 (G4Tubs) ... OK! 
Checking overlaps for volume rf_b_30.3DsHalf:0 (G4Tubs) ... OK! 
Checking overlaps for volume rf_b_30.3TimingVol:0 (G4Tubs) ... OK! 
Checking overlaps for volume rf_b_30.3:0 (G4Tubs) ... OK! 
BLCMDpillbox::construct rf_b_30.3 parent= relZ=61694.4 globZ=61694.4
	zmin=61599.7 zmax=61789.0
Checking overlaps for volume rf_window_b_30.3:0 (G4Tubs) ... OK! 
BLCMDtubs::Construct rf_window_b_30.3 parent= relZ=61597.2 globZ=61597.2
	zmin=61597.2 zmax=61597.2 kill=0
Checking overlaps for volume rf_window_b_30.3:0 (G4Tubs) ... OK! 
BLCMDtubs::Construct rf_window_b_30.3 parent= relZ=61791.5 globZ=61791.5
	zmin=61791.5 zmax=61791.5 kill=0
Checking overlaps for volume wedge_marker_a_31:0 (G4Tubs) ... OK! 
BLCMDtubs::Construct wedge_marker_a_31 parent= relZ=61990.0 globZ=61990.0
	zmin=61989.5 zmax=61990.5 kill=0
Checking overlaps for volume wedge_marker_b_31:0 (G4Tubs) ... OK! 
BLCMDtubs::Construct wedge_marker_b_31 parent= relZ=62010.0 globZ=62010.0
	zmin=62009.5 zmax=62010.5 kill=0
Checking overlaps for volume wedge31:0 (G4IntersectionSolid) ... OK! 
BLCMDboolean::Construct wedge31 parent= relZ=62000.0 globZ=62000.0
	zmin=61775.0 zmax=62225.0
Checking overlaps for volume rf_31.1Pipe:0 (G4Tubs) ... OK! 
Checking overlaps for volume rf_31.1UsWall:0 (G4Tubs) ... OK! 
Checking overlaps for volume rf_31.1DsWall:0 (G4Tubs) ... OK! 
Checking overlaps for volume rf_31.1DsHalf:0 (G4Tubs) ... OK! 
Checking overlaps for volume rf_31.1TimingVol:0 (G4Tubs) ... OK! 
Checking overlaps for volume rf_31.1:0 (G4Tubs) ... OK! 
BLCMDpillbox::construct rf_31.1 parent= relZ=62305.6 globZ=62305.6
	zmin=62211.0 zmax=62400.3
Checking overlaps for volume rf_window_31.1:0 (G4Tubs) ... OK! 
BLCMDtubs::Construct rf_window_31.1 parent= relZ=62208.5 globZ=62208.5
	zmin=62208.5 zmax=62208.5 kill=0
Checking overlaps for volume rf_31.2Pipe:0 (G4Tubs) ... OK! 
Checking overlaps for volume rf_31.2UsWall:0 (G4Tubs) ... OK! 
Checking overlaps for volume rf_31.2DsWall:0 (G4Tubs) ... OK! 
Checking overlaps for volume rf_31.2DsHalf:0 (G4Tubs) ... OK! 
Checking overlaps for volume rf_31.2TimingVol:0 (G4Tubs) ... OK! 
Checking overlaps for volume rf_31.2:0 (G4Tubs) ... OK! 
BLCMDpillbox::construct rf_31.2 parent= relZ=62500.0 globZ=62500.0
	zmin=62405.3 zmax=62594.7
Checking overlaps for volume rf_window_31.2:0 (G4Tubs) ... OK! 
BLCMDtubs::Construct rf_window_31.2 parent= relZ=62402.8 globZ=62402.8
	zmin=62402.8 zmax=62402.8 kill=0
Checking overlaps for volume rf_31.3Pipe:0 (G4Tubs) ... OK! 
Checking overlaps for volume rf_31.3UsWall:0 (G4Tubs) ... OK! 
Checking overlaps for volume rf_31.3DsWall:0 (G4Tubs) ... OK! 
Checking overlaps for volume rf_31.3DsHalf:0 (G4Tubs) ... OK! 
Checking overlaps for volume rf_31.3TimingVol:0 (G4Tubs) ... OK! 
Checking overlaps for volume rf_31.3:0 (G4Tubs) ... OK! 
BLCMDpillbox::construct rf_31.3 parent= relZ=62694.4 globZ=62694.4
	zmin=62599.7 zmax=62789.0
Checking overlaps for volume rf_window_31.3:0 (G4Tubs) ... OK! 
BLCMDtubs::Construct rf_window_31.3 parent= relZ=62597.2 globZ=62597.2
	zmin=62597.2 zmax=62597.2 kill=0
Checking overlaps for volume rf_window_31.3:0 (G4Tubs) ... OK! 
BLCMDtubs::Construct rf_window_31.3 parent= relZ=62791.5 globZ=62791.5
	zmin=62791.5 zmax=62791.5 kill=0
Checking overlaps for volume wedge_marker_c_31:0 (G4Tubs) ... OK! 
BLCMDtubs::Construct wedge_marker_c_31 parent= relZ=62990.0 globZ=62990.0
	zmin=62989.5 zmax=62990.5 kill=0
Checking overlaps for volume wedge_marker_d_31:0 (G4Tubs) ... OK! 
BLCMDtubs::Construct wedge_marker_d_31 parent= relZ=63010.0 globZ=63010.0
	zmin=63009.5 zmax=63010.5 kill=0
Checking overlaps for volume wedge31:0 (G4IntersectionSolid) ... OK! 
BLCMDboolean::Construct wedge31 parent= relZ=63000.0 globZ=63000.0
	zmin=62775.0 zmax=63225.0
Checking overlaps for volume rf_b_31.1Pipe:0 (G4Tubs) ... OK! 
Checking overlaps for volume rf_b_31.1UsWall:0 (G4Tubs) ... OK! 
Checking overlaps for volume rf_b_31.1DsWall:0 (G4Tubs) ... OK! 
Checking overlaps for volume rf_b_31.1DsHalf:0 (G4Tubs) ... OK! 
Checking overlaps for volume rf_b_31.1TimingVol:0 (G4Tubs) ... OK! 
Checking overlaps for volume rf_b_31.1:0 (G4Tubs) ... OK! 
BLCMDpillbox::construct rf_b_31.1 parent= relZ=63305.6 globZ=63305.6
	zmin=63211.0 zmax=63400.3
Checking overlaps for volume rf_window_b_31.1:0 (G4Tubs) ... OK! 
BLCMDtubs::Construct rf_window_b_31.1 parent= relZ=63208.5 globZ=63208.5
	zmin=63208.5 zmax=63208.5 kill=0
Checking overlaps for volume rf_b_31.2Pipe:0 (G4Tubs) ... OK! 
Checking overlaps for volume rf_b_31.2UsWall:0 (G4Tubs) ... OK! 
Checking overlaps for volume rf_b_31.2DsWall:0 (G4Tubs) ... OK! 
Checking overlaps for volume rf_b_31.2DsHalf:0 (G4Tubs) ... OK! 
Checking overlaps for volume rf_b_31.2TimingVol:0 (G4Tubs) ... OK! 
Checking overlaps for volume rf_b_31.2:0 (G4Tubs) ... OK! 
BLCMDpillbox::construct rf_b_31.2 parent= relZ=63500.0 globZ=63500.0
	zmin=63405.3 zmax=63594.7
Checking overlaps for volume rf_window_b_31.2:0 (G4Tubs) ... OK! 
BLCMDtubs::Construct rf_window_b_31.2 parent= relZ=63402.8 globZ=63402.8
	zmin=63402.8 zmax=63402.8 kill=0
Checking overlaps for volume rf_b_31.3Pipe:0 (G4Tubs) ... OK! 
Checking overlaps for volume rf_b_31.3UsWall:0 (G4Tubs) ... OK! 
Checking overlaps for volume rf_b_31.3DsWall:0 (G4Tubs) ... OK! 
Checking overlaps for volume rf_b_31.3DsHalf:0 (G4Tubs) ... OK! 
Checking overlaps for volume rf_b_31.3TimingVol:0 (G4Tubs) ... OK! 
Checking overlaps for volume rf_b_31.3:0 (G4Tubs) ... OK! 
BLCMDpillbox::construct rf_b_31.3 parent= relZ=63694.4 globZ=63694.4
	zmin=63599.7 zmax=63789.0
Checking overlaps for volume rf_window_b_31.3:0 (G4Tubs) ... OK! 
BLCMDtubs::Construct rf_window_b_31.3 parent= relZ=63597.2 globZ=63597.2
	zmin=63597.2 zmax=63597.2 kill=0
Checking overlaps for volume rf_window_b_31.3:0 (G4Tubs) ... OK! 
BLCMDtubs::Construct rf_window_b_31.3 parent= relZ=63791.5 globZ=63791.5
	zmin=63791.5 zmax=63791.5 kill=0
Checking overlaps for volume wedge_marker_a_32:0 (G4Tubs) ... OK! 
BLCMDtubs::Construct wedge_marker_a_32 parent= relZ=63990.0 globZ=63990.0
	zmin=63989.5 zmax=63990.5 kill=0
Checking overlaps for volume wedge_marker_b_32:0 (G4Tubs) ... OK! 
BLCMDtubs::Construct wedge_marker_b_32 parent= relZ=64010.0 globZ=64010.0
	zmin=64009.5 zmax=64010.5 kill=0
Checking overlaps for volume wedge32:0 (G4IntersectionSolid) ... OK! 
BLCMDboolean::Construct wedge32 parent= relZ=64000.0 globZ=64000.0
	zmin=63775.0 zmax=64225.0
Checking overlaps for volume rf_32.1Pipe:0 (G4Tubs) ... OK! 
Checking overlaps for volume rf_32.1UsWall:0 (G4Tubs) ... OK! 
Checking overlaps for volume rf_32.1DsWall:0 (G4Tubs) ... OK! 
Checking overlaps for volume rf_32.1DsHalf:0 (G4Tubs) ... OK! 
Checking overlaps for volume rf_32.1TimingVol:0 (G4Tubs) ... OK! 
Checking overlaps for volume rf_32.1:0 (G4Tubs) ... OK! 
BLCMDpillbox::construct rf_32.1 parent= relZ=64305.6 globZ=64305.6
	zmin=64211.0 zmax=64400.3
Checking overlaps for volume rf_window_32.1:0 (G4Tubs) ... OK! 
BLCMDtubs::Construct rf_window_32.1 parent= relZ=64208.5 globZ=64208.5
	zmin=64208.5 zmax=64208.5 kill=0
Checking overlaps for volume rf_32.2Pipe:0 (G4Tubs) ... OK! 
Checking overlaps for volume rf_32.2UsWall:0 (G4Tubs) ... OK! 
Checking overlaps for volume rf_32.2DsWall:0 (G4Tubs) ... OK! 
Checking overlaps for volume rf_32.2DsHalf:0 (G4Tubs) ... OK! 
Checking overlaps for volume rf_32.2TimingVol:0 (G4Tubs) ... OK! 
Checking overlaps for volume rf_32.2:0 (G4Tubs) ... OK! 
BLCMDpillbox::construct rf_32.2 parent= relZ=64500.0 globZ=64500.0
	zmin=64405.3 zmax=64594.7
Checking overlaps for volume rf_window_32.2:0 (G4Tubs) ... OK! 
BLCMDtubs::Construct rf_window_32.2 parent= relZ=64402.8 globZ=64402.8
	zmin=64402.8 zmax=64402.8 kill=0
Checking overlaps for volume rf_32.3Pipe:0 (G4Tubs) ... OK! 
Checking overlaps for volume rf_32.3UsWall:0 (G4Tubs) ... OK! 
Checking overlaps for volume rf_32.3DsWall:0 (G4Tubs) ... OK! 
Checking overlaps for volume rf_32.3DsHalf:0 (G4Tubs) ... OK! 
Checking overlaps for volume rf_32.3TimingVol:0 (G4Tubs) ... OK! 
Checking overlaps for volume rf_32.3:0 (G4Tubs) ... OK! 
BLCMDpillbox::construct rf_32.3 parent= relZ=64694.4 globZ=64694.4
	zmin=64599.7 zmax=64789.0
Checking overlaps for volume rf_window_32.3:0 (G4Tubs) ... OK! 
BLCMDtubs::Construct rf_window_32.3 parent= relZ=64597.2 globZ=64597.2
	zmin=64597.2 zmax=64597.2 kill=0
Checking overlaps for volume rf_window_32.3:0 (G4Tubs) ... OK! 
BLCMDtubs::Construct rf_window_32.3 parent= relZ=64791.5 globZ=64791.5
	zmin=64791.5 zmax=64791.5 kill=0
Checking overlaps for volume wedge_marker_c_32:0 (G4Tubs) ... OK! 
BLCMDtubs::Construct wedge_marker_c_32 parent= relZ=64990.0 globZ=64990.0
	zmin=64989.5 zmax=64990.5 kill=0
Checking overlaps for volume wedge_marker_d_32:0 (G4Tubs) ... OK! 
BLCMDtubs::Construct wedge_marker_d_32 parent= relZ=65010.0 globZ=65010.0
	zmin=65009.5 zmax=65010.5 kill=0
Checking overlaps for volume wedge32:0 (G4IntersectionSolid) ... OK! 
BLCMDboolean::Construct wedge32 parent= relZ=65000.0 globZ=65000.0
	zmin=64775.0 zmax=65225.0
Checking overlaps for volume rf_b_32.1Pipe:0 (G4Tubs) ... OK! 
Checking overlaps for volume rf_b_32.1UsWall:0 (G4Tubs) ... OK! 
Checking overlaps for volume rf_b_32.1DsWall:0 (G4Tubs) ... OK! 
Checking overlaps for volume rf_b_32.1DsHalf:0 (G4Tubs) ... OK! 
Checking overlaps for volume rf_b_32.1TimingVol:0 (G4Tubs) ... OK! 
Checking overlaps for volume rf_b_32.1:0 (G4Tubs) ... OK! 
BLCMDpillbox::construct rf_b_32.1 parent= relZ=65305.6 globZ=65305.6
	zmin=65211.0 zmax=65400.3
Checking overlaps for volume rf_window_b_32.1:0 (G4Tubs) ... OK! 
BLCMDtubs::Construct rf_window_b_32.1 parent= relZ=65208.5 globZ=65208.5
	zmin=65208.5 zmax=65208.5 kill=0
Checking overlaps for volume rf_b_32.2Pipe:0 (G4Tubs) ... OK! 
Checking overlaps for volume rf_b_32.2UsWall:0 (G4Tubs) ... OK! 
Checking overlaps for volume rf_b_32.2DsWall:0 (G4Tubs) ... OK! 
Checking overlaps for volume rf_b_32.2DsHalf:0 (G4Tubs) ... OK! 
Checking overlaps for volume rf_b_32.2TimingVol:0 (G4Tubs) ... OK! 
Checking overlaps for volume rf_b_32.2:0 (G4Tubs) ... OK! 
BLCMDpillbox::construct rf_b_32.2 parent= relZ=65500.0 globZ=65500.0
	zmin=65405.3 zmax=65594.7
Checking overlaps for volume rf_window_b_32.2:0 (G4Tubs) ... OK! 
BLCMDtubs::Construct rf_window_b_32.2 parent= relZ=65402.8 globZ=65402.8
	zmin=65402.8 zmax=65402.8 kill=0
Checking overlaps for volume rf_b_32.3Pipe:0 (G4Tubs) ... OK! 
Checking overlaps for volume rf_b_32.3UsWall:0 (G4Tubs) ... OK! 
Checking overlaps for volume rf_b_32.3DsWall:0 (G4Tubs) ... OK! 
Checking overlaps for volume rf_b_32.3DsHalf:0 (G4Tubs) ... OK! 
Checking overlaps for volume rf_b_32.3TimingVol:0 (G4Tubs) ... OK! 
Checking overlaps for volume rf_b_32.3:0 (G4Tubs) ... OK! 
BLCMDpillbox::construct rf_b_32.3 parent= relZ=65694.4 globZ=65694.4
	zmin=65599.7 zmax=65789.0
Checking overlaps for volume rf_window_b_32.3:0 (G4Tubs) ... OK! 
BLCMDtubs::Construct rf_window_b_32.3 parent= relZ=65597.2 globZ=65597.2
	zmin=65597.2 zmax=65597.2 kill=0
Checking overlaps for volume rf_window_b_32.3:0 (G4Tubs) ... OK! 
BLCMDtubs::Construct rf_window_b_32.3 parent= relZ=65791.5 globZ=65791.5
	zmin=65791.5 zmax=65791.5 kill=0
Checking overlaps for volume wedge_marker_a_33:0 (G4Tubs) ... OK! 
BLCMDtubs::Construct wedge_marker_a_33 parent= relZ=65990.0 globZ=65990.0
	zmin=65989.5 zmax=65990.5 kill=0
Checking overlaps for volume wedge_marker_b_33:0 (G4Tubs) ... OK! 
BLCMDtubs::Construct wedge_marker_b_33 parent= relZ=66010.0 globZ=66010.0
	zmin=66009.5 zmax=66010.5 kill=0
Checking overlaps for volume wedge33:0 (G4IntersectionSolid) ... OK! 
BLCMDboolean::Construct wedge33 parent= relZ=66000.0 globZ=66000.0
	zmin=65775.0 zmax=66225.0
Checking overlaps for volume rf_33.1Pipe:0 (G4Tubs) ... OK! 
Checking overlaps for volume rf_33.1UsWall:0 (G4Tubs) ... OK! 
Checking overlaps for volume rf_33.1DsWall:0 (G4Tubs) ... OK! 
Checking overlaps for volume rf_33.1DsHalf:0 (G4Tubs) ... OK! 
Checking overlaps for volume rf_33.1TimingVol:0 (G4Tubs) ... OK! 
Checking overlaps for volume rf_33.1:0 (G4Tubs) ... OK! 
BLCMDpillbox::construct rf_33.1 parent= relZ=66305.6 globZ=66305.6
	zmin=66211.0 zmax=66400.3
Checking overlaps for volume rf_window_33.1:0 (G4Tubs) ... OK! 
BLCMDtubs::Construct rf_window_33.1 parent= relZ=66208.5 globZ=66208.5
	zmin=66208.5 zmax=66208.5 kill=0
Checking overlaps for volume rf_33.2Pipe:0 (G4Tubs) ... OK! 
Checking overlaps for volume rf_33.2UsWall:0 (G4Tubs) ... OK! 
Checking overlaps for volume rf_33.2DsWall:0 (G4Tubs) ... OK! 
Checking overlaps for volume rf_33.2DsHalf:0 (G4Tubs) ... OK! 
Checking overlaps for volume rf_33.2TimingVol:0 (G4Tubs) ... OK! 
Checking overlaps for volume rf_33.2:0 (G4Tubs) ... OK! 
BLCMDpillbox::construct rf_33.2 parent= relZ=66500.0 globZ=66500.0
	zmin=66405.3 zmax=66594.7
Checking overlaps for volume rf_window_33.2:0 (G4Tubs) ... OK! 
BLCMDtubs::Construct rf_window_33.2 parent= relZ=66402.8 globZ=66402.8
	zmin=66402.8 zmax=66402.8 kill=0
Checking overlaps for volume rf_33.3Pipe:0 (G4Tubs) ... OK! 
Checking overlaps for volume rf_33.3UsWall:0 (G4Tubs) ... OK! 
Checking overlaps for volume rf_33.3DsWall:0 (G4Tubs) ... OK! 
Checking overlaps for volume rf_33.3DsHalf:0 (G4Tubs) ... OK! 
Checking overlaps for volume rf_33.3TimingVol:0 (G4Tubs) ... OK! 
Checking overlaps for volume rf_33.3:0 (G4Tubs) ... OK! 
BLCMDpillbox::construct rf_33.3 parent= relZ=66694.4 globZ=66694.4
	zmin=66599.7 zmax=66789.0
Checking overlaps for volume rf_window_33.3:0 (G4Tubs) ... OK! 
BLCMDtubs::Construct rf_window_33.3 parent= relZ=66597.2 globZ=66597.2
	zmin=66597.2 zmax=66597.2 kill=0
Checking overlaps for volume rf_window_33.3:0 (G4Tubs) ... OK! 
BLCMDtubs::Construct rf_window_33.3 parent= relZ=66791.5 globZ=66791.5
	zmin=66791.5 zmax=66791.5 kill=0
Checking overlaps for volume wedge_marker_c_33:0 (G4Tubs) ... OK! 
BLCMDtubs::Construct wedge_marker_c_33 parent= relZ=66990.0 globZ=66990.0
	zmin=66989.5 zmax=66990.5 kill=0
Checking overlaps for volume wedge_marker_d_33:0 (G4Tubs) ... OK! 
BLCMDtubs::Construct wedge_marker_d_33 parent= relZ=67010.0 globZ=67010.0
	zmin=67009.5 zmax=67010.5 kill=0
Checking overlaps for volume wedge33:0 (G4IntersectionSolid) ... OK! 
BLCMDboolean::Construct wedge33 parent= relZ=67000.0 globZ=67000.0
	zmin=66775.0 zmax=67225.0
Checking overlaps for volume rf_b_33.1Pipe:0 (G4Tubs) ... OK! 
Checking overlaps for volume rf_b_33.1UsWall:0 (G4Tubs) ... OK! 
Checking overlaps for volume rf_b_33.1DsWall:0 (G4Tubs) ... OK! 
Checking overlaps for volume rf_b_33.1DsHalf:0 (G4Tubs) ... OK! 
Checking overlaps for volume rf_b_33.1TimingVol:0 (G4Tubs) ... OK! 
Checking overlaps for volume rf_b_33.1:0 (G4Tubs) ... OK! 
BLCMDpillbox::construct rf_b_33.1 parent= relZ=67305.6 globZ=67305.6
	zmin=67211.0 zmax=67400.3
Checking overlaps for volume rf_window_b_33.1:0 (G4Tubs) ... OK! 
BLCMDtubs::Construct rf_window_b_33.1 parent= relZ=67208.5 globZ=67208.5
	zmin=67208.5 zmax=67208.5 kill=0
Checking overlaps for volume rf_b_33.2Pipe:0 (G4Tubs) ... OK! 
Checking overlaps for volume rf_b_33.2UsWall:0 (G4Tubs) ... OK! 
Checking overlaps for volume rf_b_33.2DsWall:0 (G4Tubs) ... OK! 
Checking overlaps for volume rf_b_33.2DsHalf:0 (G4Tubs) ... OK! 
Checking overlaps for volume rf_b_33.2TimingVol:0 (G4Tubs) ... OK! 
Checking overlaps for volume rf_b_33.2:0 (G4Tubs) ... OK! 
BLCMDpillbox::construct rf_b_33.2 parent= relZ=67500.0 globZ=67500.0
	zmin=67405.3 zmax=67594.7
Checking overlaps for volume rf_window_b_33.2:0 (G4Tubs) ... OK! 
BLCMDtubs::Construct rf_window_b_33.2 parent= relZ=67402.8 globZ=67402.8
	zmin=67402.8 zmax=67402.8 kill=0
Checking overlaps for volume rf_b_33.3Pipe:0 (G4Tubs) ... OK! 
Checking overlaps for volume rf_b_33.3UsWall:0 (G4Tubs) ... OK! 
Checking overlaps for volume rf_b_33.3DsWall:0 (G4Tubs) ... OK! 
Checking overlaps for volume rf_b_33.3DsHalf:0 (G4Tubs) ... OK! 
Checking overlaps for volume rf_b_33.3TimingVol:0 (G4Tubs) ... OK! 
Checking overlaps for volume rf_b_33.3:0 (G4Tubs) ... OK! 
BLCMDpillbox::construct rf_b_33.3 parent= relZ=67694.4 globZ=67694.4
	zmin=67599.7 zmax=67789.0
Checking overlaps for volume rf_window_b_33.3:0 (G4Tubs) ... OK! 
BLCMDtubs::Construct rf_window_b_33.3 parent= relZ=67597.2 globZ=67597.2
	zmin=67597.2 zmax=67597.2 kill=0
Checking overlaps for volume rf_window_b_33.3:0 (G4Tubs) ... OK! 
BLCMDtubs::Construct rf_window_b_33.3 parent= relZ=67791.5 globZ=67791.5
	zmin=67791.5 zmax=67791.5 kill=0
Checking overlaps for volume wedge_marker_a_34:0 (G4Tubs) ... OK! 
BLCMDtubs::Construct wedge_marker_a_34 parent= relZ=67990.0 globZ=67990.0
	zmin=67989.5 zmax=67990.5 kill=0
Checking overlaps for volume wedge_marker_b_34:0 (G4Tubs) ... OK! 
BLCMDtubs::Construct wedge_marker_b_34 parent= relZ=68010.0 globZ=68010.0
	zmin=68009.5 zmax=68010.5 kill=0
Checking overlaps for volume wedge34:0 (G4IntersectionSolid) ... OK! 
BLCMDboolean::Construct wedge34 parent= relZ=68000.0 globZ=68000.0
	zmin=67775.0 zmax=68225.0
Checking overlaps for volume rf_34.1Pipe:0 (G4Tubs) ... OK! 
Checking overlaps for volume rf_34.1UsWall:0 (G4Tubs) ... OK! 
Checking overlaps for volume rf_34.1DsWall:0 (G4Tubs) ... OK! 
Checking overlaps for volume rf_34.1DsHalf:0 (G4Tubs) ... OK! 
Checking overlaps for volume rf_34.1TimingVol:0 (G4Tubs) ... OK! 
Checking overlaps for volume rf_34.1:0 (G4Tubs) ... OK! 
BLCMDpillbox::construct rf_34.1 parent= relZ=68305.6 globZ=68305.6
	zmin=68211.0 zmax=68400.3
Checking overlaps for volume rf_window_34.1:0 (G4Tubs) ... OK! 
BLCMDtubs::Construct rf_window_34.1 parent= relZ=68208.5 globZ=68208.5
	zmin=68208.5 zmax=68208.5 kill=0
Checking overlaps for volume rf_34.2Pipe:0 (G4Tubs) ... OK! 
Checking overlaps for volume rf_34.2UsWall:0 (G4Tubs) ... OK! 
Checking overlaps for volume rf_34.2DsWall:0 (G4Tubs) ... OK! 
Checking overlaps for volume rf_34.2DsHalf:0 (G4Tubs) ... OK! 
Checking overlaps for volume rf_34.2TimingVol:0 (G4Tubs) ... OK! 
Checking overlaps for volume rf_34.2:0 (G4Tubs) ... OK! 
BLCMDpillbox::construct rf_34.2 parent= relZ=68500.0 globZ=68500.0
	zmin=68405.3 zmax=68594.7
Checking overlaps for volume rf_window_34.2:0 (G4Tubs) ... OK! 
BLCMDtubs::Construct rf_window_34.2 parent= relZ=68402.8 globZ=68402.8
	zmin=68402.8 zmax=68402.8 kill=0
Checking overlaps for volume rf_34.3Pipe:0 (G4Tubs) ... OK! 
Checking overlaps for volume rf_34.3UsWall:0 (G4Tubs) ... OK! 
Checking overlaps for volume rf_34.3DsWall:0 (G4Tubs) ... OK! 
Checking overlaps for volume rf_34.3DsHalf:0 (G4Tubs) ... OK! 
Checking overlaps for volume rf_34.3TimingVol:0 (G4Tubs) ... OK! 
Checking overlaps for volume rf_34.3:0 (G4Tubs) ... OK! 
BLCMDpillbox::construct rf_34.3 parent= relZ=68694.4 globZ=68694.4
	zmin=68599.7 zmax=68789.0
Checking overlaps for volume rf_window_34.3:0 (G4Tubs) ... OK! 
BLCMDtubs::Construct rf_window_34.3 parent= relZ=68597.2 globZ=68597.2
	zmin=68597.2 zmax=68597.2 kill=0
Checking overlaps for volume rf_window_34.3:0 (G4Tubs) ... OK! 
BLCMDtubs::Construct rf_window_34.3 parent= relZ=68791.5 globZ=68791.5
	zmin=68791.5 zmax=68791.5 kill=0
Checking overlaps for volume wedge_marker_c_34:0 (G4Tubs) ... OK! 
BLCMDtubs::Construct wedge_marker_c_34 parent= relZ=68990.0 globZ=68990.0
	zmin=68989.5 zmax=68990.5 kill=0
Checking overlaps for volume wedge_marker_d_34:0 (G4Tubs) ... OK! 
BLCMDtubs::Construct wedge_marker_d_34 parent= relZ=69010.0 globZ=69010.0
	zmin=69009.5 zmax=69010.5 kill=0
Checking overlaps for volume wedge34:0 (G4IntersectionSolid) ... OK! 
BLCMDboolean::Construct wedge34 parent= relZ=69000.0 globZ=69000.0
	zmin=68775.0 zmax=69225.0
Checking overlaps for volume rf_b_34.1Pipe:0 (G4Tubs) ... OK! 
Checking overlaps for volume rf_b_34.1UsWall:0 (G4Tubs) ... OK! 
Checking overlaps for volume rf_b_34.1DsWall:0 (G4Tubs) ... OK! 
Checking overlaps for volume rf_b_34.1DsHalf:0 (G4Tubs) ... OK! 
Checking overlaps for volume rf_b_34.1TimingVol:0 (G4Tubs) ... OK! 
Checking overlaps for volume rf_b_34.1:0 (G4Tubs) ... OK! 
BLCMDpillbox::construct rf_b_34.1 parent= relZ=69305.6 globZ=69305.6
	zmin=69211.0 zmax=69400.3
Checking overlaps for volume rf_window_b_34.1:0 (G4Tubs) ... OK! 
BLCMDtubs::Construct rf_window_b_34.1 parent= relZ=69208.5 globZ=69208.5
	zmin=69208.5 zmax=69208.5 kill=0
Checking overlaps for volume rf_b_34.2Pipe:0 (G4Tubs) ... OK! 
Checking overlaps for volume rf_b_34.2UsWall:0 (G4Tubs) ... OK! 
Checking overlaps for volume rf_b_34.2DsWall:0 (G4Tubs) ... OK! 
Checking overlaps for volume rf_b_34.2DsHalf:0 (G4Tubs) ... OK! 
Checking overlaps for volume rf_b_34.2TimingVol:0 (G4Tubs) ... OK! 
Checking overlaps for volume rf_b_34.2:0 (G4Tubs) ... OK! 
BLCMDpillbox::construct rf_b_34.2 parent= relZ=69500.0 globZ=69500.0
	zmin=69405.3 zmax=69594.7
Checking overlaps for volume rf_window_b_34.2:0 (G4Tubs) ... OK! 
BLCMDtubs::Construct rf_window_b_34.2 parent= relZ=69402.8 globZ=69402.8
	zmin=69402.8 zmax=69402.8 kill=0
Checking overlaps for volume rf_b_34.3Pipe:0 (G4Tubs) ... OK! 
Checking overlaps for volume rf_b_34.3UsWall:0 (G4Tubs) ... OK! 
Checking overlaps for volume rf_b_34.3DsWall:0 (G4Tubs) ... OK! 
Checking overlaps for volume rf_b_34.3DsHalf:0 (G4Tubs) ... OK! 
Checking overlaps for volume rf_b_34.3TimingVol:0 (G4Tubs) ... OK! 
Checking overlaps for volume rf_b_34.3:0 (G4Tubs) ... OK! 
BLCMDpillbox::construct rf_b_34.3 parent= relZ=69694.4 globZ=69694.4
	zmin=69599.7 zmax=69789.0
Checking overlaps for volume rf_window_b_34.3:0 (G4Tubs) ... OK! 
BLCMDtubs::Construct rf_window_b_34.3 parent= relZ=69597.2 globZ=69597.2
	zmin=69597.2 zmax=69597.2 kill=0
Checking overlaps for volume rf_window_b_34.3:0 (G4Tubs) ... OK! 
BLCMDtubs::Construct rf_window_b_34.3 parent= relZ=69791.5 globZ=69791.5
	zmin=69791.5 zmax=69791.5 kill=0
Checking overlaps for volume wedge_marker_a_35:0 (G4Tubs) ... OK! 
BLCMDtubs::Construct wedge_marker_a_35 parent= relZ=69990.0 globZ=69990.0
	zmin=69989.5 zmax=69990.5 kill=0
Checking overlaps for volume wedge_marker_b_35:0 (G4Tubs) ... OK! 
BLCMDtubs::Construct wedge_marker_b_35 parent= relZ=70010.0 globZ=70010.0
	zmin=70009.5 zmax=70010.5 kill=0
Checking overlaps for volume wedge35:0 (G4IntersectionSolid) ... OK! 
BLCMDboolean::Construct wedge35 parent= relZ=70000.0 globZ=70000.0
	zmin=69775.0 zmax=70225.0
Checking overlaps for volume rf_35.1Pipe:0 (G4Tubs) ... OK! 
Checking overlaps for volume rf_35.1UsWall:0 (G4Tubs) ... OK! 
Checking overlaps for volume rf_35.1DsWall:0 (G4Tubs) ... OK! 
Checking overlaps for volume rf_35.1DsHalf:0 (G4Tubs) ... OK! 
Checking overlaps for volume rf_35.1TimingVol:0 (G4Tubs) ... OK! 
Checking overlaps for volume rf_35.1:0 (G4Tubs) ... OK! 
BLCMDpillbox::construct rf_35.1 parent= relZ=70305.6 globZ=70305.6
	zmin=70211.0 zmax=70400.3
Checking overlaps for volume rf_window_35.1:0 (G4Tubs) ... OK! 
BLCMDtubs::Construct rf_window_35.1 parent= relZ=70208.5 globZ=70208.5
	zmin=70208.5 zmax=70208.5 kill=0
Checking overlaps for volume rf_35.2Pipe:0 (G4Tubs) ... OK! 
Checking overlaps for volume rf_35.2UsWall:0 (G4Tubs) ... OK! 
Checking overlaps for volume rf_35.2DsWall:0 (G4Tubs) ... OK! 
Checking overlaps for volume rf_35.2DsHalf:0 (G4Tubs) ... OK! 
Checking overlaps for volume rf_35.2TimingVol:0 (G4Tubs) ... OK! 
Checking overlaps for volume rf_35.2:0 (G4Tubs) ... OK! 
BLCMDpillbox::construct rf_35.2 parent= relZ=70500.0 globZ=70500.0
	zmin=70405.3 zmax=70594.7
Checking overlaps for volume rf_window_35.2:0 (G4Tubs) ... OK! 
BLCMDtubs::Construct rf_window_35.2 parent= relZ=70402.8 globZ=70402.8
	zmin=70402.8 zmax=70402.8 kill=0
Checking overlaps for volume rf_35.3Pipe:0 (G4Tubs) ... OK! 
Checking overlaps for volume rf_35.3UsWall:0 (G4Tubs) ... OK! 
Checking overlaps for volume rf_35.3DsWall:0 (G4Tubs) ... OK! 
Checking overlaps for volume rf_35.3DsHalf:0 (G4Tubs) ... OK! 
Checking overlaps for volume rf_35.3TimingVol:0 (G4Tubs) ... OK! 
Checking overlaps for volume rf_35.3:0 (G4Tubs) ... OK! 
BLCMDpillbox::construct rf_35.3 parent= relZ=70694.4 globZ=70694.4
	zmin=70599.7 zmax=70789.0
Checking overlaps for volume rf_window_35.3:0 (G4Tubs) ... OK! 
BLCMDtubs::Construct rf_window_35.3 parent= relZ=70597.2 globZ=70597.2
	zmin=70597.2 zmax=70597.2 kill=0
Checking overlaps for volume rf_window_35.3:0 (G4Tubs) ... OK! 
BLCMDtubs::Construct rf_window_35.3 parent= relZ=70791.5 globZ=70791.5
	zmin=70791.5 zmax=70791.5 kill=0
Checking overlaps for volume wedge_marker_c_35:0 (G4Tubs) ... OK! 
BLCMDtubs::Construct wedge_marker_c_35 parent= relZ=70990.0 globZ=70990.0
	zmin=70989.5 zmax=70990.5 kill=0
Checking overlaps for volume wedge_marker_d_35:0 (G4Tubs) ... OK! 
BLCMDtubs::Construct wedge_marker_d_35 parent= relZ=71010.0 globZ=71010.0
	zmin=71009.5 zmax=71010.5 kill=0
Checking overlaps for volume wedge35:0 (G4IntersectionSolid) ... OK! 
BLCMDboolean::Construct wedge35 parent= relZ=71000.0 globZ=71000.0
	zmin=70775.0 zmax=71225.0
Checking overlaps for volume rf_b_35.1Pipe:0 (G4Tubs) ... OK! 
Checking overlaps for volume rf_b_35.1UsWall:0 (G4Tubs) ... OK! 
Checking overlaps for volume rf_b_35.1DsWall:0 (G4Tubs) ... OK! 
Checking overlaps for volume rf_b_35.1DsHalf:0 (G4Tubs) ... OK! 
Checking overlaps for volume rf_b_35.1TimingVol:0 (G4Tubs) ... OK! 
Checking overlaps for volume rf_b_35.1:0 (G4Tubs) ... OK! 
BLCMDpillbox::construct rf_b_35.1 parent= relZ=71305.6 globZ=71305.6
	zmin=71211.0 zmax=71400.3
Checking overlaps for volume rf_window_b_35.1:0 (G4Tubs) ... OK! 
BLCMDtubs::Construct rf_window_b_35.1 parent= relZ=71208.5 globZ=71208.5
	zmin=71208.5 zmax=71208.5 kill=0
Checking overlaps for volume rf_b_35.2Pipe:0 (G4Tubs) ... OK! 
Checking overlaps for volume rf_b_35.2UsWall:0 (G4Tubs) ... OK! 
Checking overlaps for volume rf_b_35.2DsWall:0 (G4Tubs) ... OK! 
Checking overlaps for volume rf_b_35.2DsHalf:0 (G4Tubs) ... OK! 
Checking overlaps for volume rf_b_35.2TimingVol:0 (G4Tubs) ... OK! 
Checking overlaps for volume rf_b_35.2:0 (G4Tubs) ... OK! 
BLCMDpillbox::construct rf_b_35.2 parent= relZ=71500.0 globZ=71500.0
	zmin=71405.3 zmax=71594.7
Checking overlaps for volume rf_window_b_35.2:0 (G4Tubs) ... OK! 
BLCMDtubs::Construct rf_window_b_35.2 parent= relZ=71402.8 globZ=71402.8
	zmin=71402.8 zmax=71402.8 kill=0
Checking overlaps for volume rf_b_35.3Pipe:0 (G4Tubs) ... OK! 
Checking overlaps for volume rf_b_35.3UsWall:0 (G4Tubs) ... OK! 
Checking overlaps for volume rf_b_35.3DsWall:0 (G4Tubs) ... OK! 
Checking overlaps for volume rf_b_35.3DsHalf:0 (G4Tubs) ... OK! 
Checking overlaps for volume rf_b_35.3TimingVol:0 (G4Tubs) ... OK! 
Checking overlaps for volume rf_b_35.3:0 (G4Tubs) ... OK! 
BLCMDpillbox::construct rf_b_35.3 parent= relZ=71694.4 globZ=71694.4
	zmin=71599.7 zmax=71789.0
Checking overlaps for volume rf_window_b_35.3:0 (G4Tubs) ... OK! 
BLCMDtubs::Construct rf_window_b_35.3 parent= relZ=71597.2 globZ=71597.2
	zmin=71597.2 zmax=71597.2 kill=0
Checking overlaps for volume rf_window_b_35.3:0 (G4Tubs) ... OK! 
BLCMDtubs::Construct rf_window_b_35.3 parent= relZ=71791.5 globZ=71791.5
	zmin=71791.5 zmax=71791.5 kill=0
Checking overlaps for volume wedge_marker_a_36:0 (G4Tubs) ... OK! 
BLCMDtubs::Construct wedge_marker_a_36 parent= relZ=71990.0 globZ=71990.0
	zmin=71989.5 zmax=71990.5 kill=0
Checking overlaps for volume wedge_marker_b_36:0 (G4Tubs) ... OK! 
BLCMDtubs::Construct wedge_marker_b_36 parent= relZ=72010.0 globZ=72010.0
	zmin=72009.5 zmax=72010.5 kill=0
Checking overlaps for volume wedge36:0 (G4IntersectionSolid) ... OK! 
BLCMDboolean::Construct wedge36 parent= relZ=72000.0 globZ=72000.0
	zmin=71775.0 zmax=72225.0
Checking overlaps for volume rf_36.1Pipe:0 (G4Tubs) ... OK! 
Checking overlaps for volume rf_36.1UsWall:0 (G4Tubs) ... OK! 
Checking overlaps for volume rf_36.1DsWall:0 (G4Tubs) ... OK! 
Checking overlaps for volume rf_36.1DsHalf:0 (G4Tubs) ... OK! 
Checking overlaps for volume rf_36.1TimingVol:0 (G4Tubs) ... OK! 
Checking overlaps for volume rf_36.1:0 (G4Tubs) ... OK! 
BLCMDpillbox::construct rf_36.1 parent= relZ=72305.6 globZ=72305.6
	zmin=72211.0 zmax=72400.3
Checking overlaps for volume rf_window_36.1:0 (G4Tubs) ... OK! 
BLCMDtubs::Construct rf_window_36.1 parent= relZ=72208.5 globZ=72208.5
	zmin=72208.5 zmax=72208.5 kill=0
Checking overlaps for volume rf_36.2Pipe:0 (G4Tubs) ... OK! 
Checking overlaps for volume rf_36.2UsWall:0 (G4Tubs) ... OK! 
Checking overlaps for volume rf_36.2DsWall:0 (G4Tubs) ... OK! 
Checking overlaps for volume rf_36.2DsHalf:0 (G4Tubs) ... OK! 
Checking overlaps for volume rf_36.2TimingVol:0 (G4Tubs) ... OK! 
Checking overlaps for volume rf_36.2:0 (G4Tubs) ... OK! 
BLCMDpillbox::construct rf_36.2 parent= relZ=72500.0 globZ=72500.0
	zmin=72405.3 zmax=72594.7
Checking overlaps for volume rf_window_36.2:0 (G4Tubs) ... OK! 
BLCMDtubs::Construct rf_window_36.2 parent= relZ=72402.8 globZ=72402.8
	zmin=72402.8 zmax=72402.8 kill=0
Checking overlaps for volume rf_36.3Pipe:0 (G4Tubs) ... OK! 
Checking overlaps for volume rf_36.3UsWall:0 (G4Tubs) ... OK! 
Checking overlaps for volume rf_36.3DsWall:0 (G4Tubs) ... OK! 
Checking overlaps for volume rf_36.3DsHalf:0 (G4Tubs) ... OK! 
Checking overlaps for volume rf_36.3TimingVol:0 (G4Tubs) ... OK! 
Checking overlaps for volume rf_36.3:0 (G4Tubs) ... OK! 
BLCMDpillbox::construct rf_36.3 parent= relZ=72694.4 globZ=72694.4
	zmin=72599.7 zmax=72789.0
Checking overlaps for volume rf_window_36.3:0 (G4Tubs) ... OK! 
BLCMDtubs::Construct rf_window_36.3 parent= relZ=72597.2 globZ=72597.2
	zmin=72597.2 zmax=72597.2 kill=0
Checking overlaps for volume rf_window_36.3:0 (G4Tubs) ... OK! 
BLCMDtubs::Construct rf_window_36.3 parent= relZ=72791.5 globZ=72791.5
	zmin=72791.5 zmax=72791.5 kill=0
Checking overlaps for volume wedge_marker_c_36:0 (G4Tubs) ... OK! 
BLCMDtubs::Construct wedge_marker_c_36 parent= relZ=72990.0 globZ=72990.0
	zmin=72989.5 zmax=72990.5 kill=0
Checking overlaps for volume wedge_marker_d_36:0 (G4Tubs) ... OK! 
BLCMDtubs::Construct wedge_marker_d_36 parent= relZ=73010.0 globZ=73010.0
	zmin=73009.5 zmax=73010.5 kill=0
Checking overlaps for volume wedge36:0 (G4IntersectionSolid) ... OK! 
BLCMDboolean::Construct wedge36 parent= relZ=73000.0 globZ=73000.0
	zmin=72775.0 zmax=73225.0
Checking overlaps for volume rf_b_36.1Pipe:0 (G4Tubs) ... OK! 
Checking overlaps for volume rf_b_36.1UsWall:0 (G4Tubs) ... OK! 
Checking overlaps for volume rf_b_36.1DsWall:0 (G4Tubs) ... OK! 
Checking overlaps for volume rf_b_36.1DsHalf:0 (G4Tubs) ... OK! 
Checking overlaps for volume rf_b_36.1TimingVol:0 (G4Tubs) ... OK! 
Checking overlaps for volume rf_b_36.1:0 (G4Tubs) ... OK! 
BLCMDpillbox::construct rf_b_36.1 parent= relZ=73305.6 globZ=73305.6
	zmin=73211.0 zmax=73400.3
Checking overlaps for volume rf_window_b_36.1:0 (G4Tubs) ... OK! 
BLCMDtubs::Construct rf_window_b_36.1 parent= relZ=73208.5 globZ=73208.5
	zmin=73208.5 zmax=73208.5 kill=0
Checking overlaps for volume rf_b_36.2Pipe:0 (G4Tubs) ... OK! 
Checking overlaps for volume rf_b_36.2UsWall:0 (G4Tubs) ... OK! 
Checking overlaps for volume rf_b_36.2DsWall:0 (G4Tubs) ... OK! 
Checking overlaps for volume rf_b_36.2DsHalf:0 (G4Tubs) ... OK! 
Checking overlaps for volume rf_b_36.2TimingVol:0 (G4Tubs) ... OK! 
Checking overlaps for volume rf_b_36.2:0 (G4Tubs) ... OK! 
BLCMDpillbox::construct rf_b_36.2 parent= relZ=73500.0 globZ=73500.0
	zmin=73405.3 zmax=73594.7
Checking overlaps for volume rf_window_b_36.2:0 (G4Tubs) ... OK! 
BLCMDtubs::Construct rf_window_b_36.2 parent= relZ=73402.8 globZ=73402.8
	zmin=73402.8 zmax=73402.8 kill=0
Checking overlaps for volume rf_b_36.3Pipe:0 (G4Tubs) ... OK! 
Checking overlaps for volume rf_b_36.3UsWall:0 (G4Tubs) ... OK! 
Checking overlaps for volume rf_b_36.3DsWall:0 (G4Tubs) ... OK! 
Checking overlaps for volume rf_b_36.3DsHalf:0 (G4Tubs) ... OK! 
Checking overlaps for volume rf_b_36.3TimingVol:0 (G4Tubs) ... OK! 
Checking overlaps for volume rf_b_36.3:0 (G4Tubs) ... OK! 
BLCMDpillbox::construct rf_b_36.3 parent= relZ=73694.4 globZ=73694.4
	zmin=73599.7 zmax=73789.0
Checking overlaps for volume rf_window_b_36.3:0 (G4Tubs) ... OK! 
BLCMDtubs::Construct rf_window_b_36.3 parent= relZ=73597.2 globZ=73597.2
	zmin=73597.2 zmax=73597.2 kill=0
Checking overlaps for volume rf_window_b_36.3:0 (G4Tubs) ... OK! 
BLCMDtubs::Construct rf_window_b_36.3 parent= relZ=73791.5 globZ=73791.5
	zmin=73791.5 zmax=73791.5 kill=0
Checking overlaps for volume wedge_marker_a_37:0 (G4Tubs) ... OK! 
BLCMDtubs::Construct wedge_marker_a_37 parent= relZ=73990.0 globZ=73990.0
	zmin=73989.5 zmax=73990.5 kill=0
Checking overlaps for volume wedge_marker_b_37:0 (G4Tubs) ... OK! 
BLCMDtubs::Construct wedge_marker_b_37 parent= relZ=74010.0 globZ=74010.0
	zmin=74009.5 zmax=74010.5 kill=0
Checking overlaps for volume wedge37:0 (G4IntersectionSolid) ... OK! 
BLCMDboolean::Construct wedge37 parent= relZ=74000.0 globZ=74000.0
	zmin=73775.0 zmax=74225.0
Checking overlaps for volume rf_37.1Pipe:0 (G4Tubs) ... OK! 
Checking overlaps for volume rf_37.1UsWall:0 (G4Tubs) ... OK! 
Checking overlaps for volume rf_37.1DsWall:0 (G4Tubs) ... OK! 
Checking overlaps for volume rf_37.1DsHalf:0 (G4Tubs) ... OK! 
Checking overlaps for volume rf_37.1TimingVol:0 (G4Tubs) ... OK! 
Checking overlaps for volume rf_37.1:0 (G4Tubs) ... OK! 
BLCMDpillbox::construct rf_37.1 parent= relZ=74305.6 globZ=74305.6
	zmin=74211.0 zmax=74400.3
Checking overlaps for volume rf_window_37.1:0 (G4Tubs) ... OK! 
BLCMDtubs::Construct rf_window_37.1 parent= relZ=74208.5 globZ=74208.5
	zmin=74208.5 zmax=74208.5 kill=0
Checking overlaps for volume rf_37.2Pipe:0 (G4Tubs) ... OK! 
Checking overlaps for volume rf_37.2UsWall:0 (G4Tubs) ... OK! 
Checking overlaps for volume rf_37.2DsWall:0 (G4Tubs) ... OK! 
Checking overlaps for volume rf_37.2DsHalf:0 (G4Tubs) ... OK! 
Checking overlaps for volume rf_37.2TimingVol:0 (G4Tubs) ... OK! 
Checking overlaps for volume rf_37.2:0 (G4Tubs) ... OK! 
BLCMDpillbox::construct rf_37.2 parent= relZ=74500.0 globZ=74500.0
	zmin=74405.3 zmax=74594.7
Checking overlaps for volume rf_window_37.2:0 (G4Tubs) ... OK! 
BLCMDtubs::Construct rf_window_37.2 parent= relZ=74402.8 globZ=74402.8
	zmin=74402.8 zmax=74402.8 kill=0
Checking overlaps for volume rf_37.3Pipe:0 (G4Tubs) ... OK! 
Checking overlaps for volume rf_37.3UsWall:0 (G4Tubs) ... OK! 
Checking overlaps for volume rf_37.3DsWall:0 (G4Tubs) ... OK! 
Checking overlaps for volume rf_37.3DsHalf:0 (G4Tubs) ... OK! 
Checking overlaps for volume rf_37.3TimingVol:0 (G4Tubs) ... OK! 
Checking overlaps for volume rf_37.3:0 (G4Tubs) ... OK! 
BLCMDpillbox::construct rf_37.3 parent= relZ=74694.4 globZ=74694.4
	zmin=74599.7 zmax=74789.0
Checking overlaps for volume rf_window_37.3:0 (G4Tubs) ... OK! 
BLCMDtubs::Construct rf_window_37.3 parent= relZ=74597.2 globZ=74597.2
	zmin=74597.2 zmax=74597.2 kill=0
Checking overlaps for volume rf_window_37.3:0 (G4Tubs) ... OK! 
BLCMDtubs::Construct rf_window_37.3 parent= relZ=74791.5 globZ=74791.5
	zmin=74791.5 zmax=74791.5 kill=0
Checking overlaps for volume wedge_marker_c_37:0 (G4Tubs) ... OK! 
BLCMDtubs::Construct wedge_marker_c_37 parent= relZ=74990.0 globZ=74990.0
	zmin=74989.5 zmax=74990.5 kill=0
Checking overlaps for volume wedge_marker_d_37:0 (G4Tubs) ... OK! 
BLCMDtubs::Construct wedge_marker_d_37 parent= relZ=75010.0 globZ=75010.0
	zmin=75009.5 zmax=75010.5 kill=0
Checking overlaps for volume wedge37:0 (G4IntersectionSolid) ... OK! 
BLCMDboolean::Construct wedge37 parent= relZ=75000.0 globZ=75000.0
	zmin=74775.0 zmax=75225.0
Checking overlaps for volume rf_b_37.1Pipe:0 (G4Tubs) ... OK! 
Checking overlaps for volume rf_b_37.1UsWall:0 (G4Tubs) ... OK! 
Checking overlaps for volume rf_b_37.1DsWall:0 (G4Tubs) ... OK! 
Checking overlaps for volume rf_b_37.1DsHalf:0 (G4Tubs) ... OK! 
Checking overlaps for volume rf_b_37.1TimingVol:0 (G4Tubs) ... OK! 
Checking overlaps for volume rf_b_37.1:0 (G4Tubs) ... OK! 
BLCMDpillbox::construct rf_b_37.1 parent= relZ=75305.6 globZ=75305.6
	zmin=75211.0 zmax=75400.3
Checking overlaps for volume rf_window_b_37.1:0 (G4Tubs) ... OK! 
BLCMDtubs::Construct rf_window_b_37.1 parent= relZ=75208.5 globZ=75208.5
	zmin=75208.5 zmax=75208.5 kill=0
Checking overlaps for volume rf_b_37.2Pipe:0 (G4Tubs) ... OK! 
Checking overlaps for volume rf_b_37.2UsWall:0 (G4Tubs) ... OK! 
Checking overlaps for volume rf_b_37.2DsWall:0 (G4Tubs) ... OK! 
Checking overlaps for volume rf_b_37.2DsHalf:0 (G4Tubs) ... OK! 
Checking overlaps for volume rf_b_37.2TimingVol:0 (G4Tubs) ... OK! 
Checking overlaps for volume rf_b_37.2:0 (G4Tubs) ... OK! 
BLCMDpillbox::construct rf_b_37.2 parent= relZ=75500.0 globZ=75500.0
	zmin=75405.3 zmax=75594.7
Checking overlaps for volume rf_window_b_37.2:0 (G4Tubs) ... OK! 
BLCMDtubs::Construct rf_window_b_37.2 parent= relZ=75402.8 globZ=75402.8
	zmin=75402.8 zmax=75402.8 kill=0
Checking overlaps for volume rf_b_37.3Pipe:0 (G4Tubs) ... OK! 
Checking overlaps for volume rf_b_37.3UsWall:0 (G4Tubs) ... OK! 
Checking overlaps for volume rf_b_37.3DsWall:0 (G4Tubs) ... OK! 
Checking overlaps for volume rf_b_37.3DsHalf:0 (G4Tubs) ... OK! 
Checking overlaps for volume rf_b_37.3TimingVol:0 (G4Tubs) ... OK! 
Checking overlaps for volume rf_b_37.3:0 (G4Tubs) ... OK! 
BLCMDpillbox::construct rf_b_37.3 parent= relZ=75694.4 globZ=75694.4
	zmin=75599.7 zmax=75789.0
Checking overlaps for volume rf_window_b_37.3:0 (G4Tubs) ... OK! 
BLCMDtubs::Construct rf_window_b_37.3 parent= relZ=75597.2 globZ=75597.2
	zmin=75597.2 zmax=75597.2 kill=0
Checking overlaps for volume rf_window_b_37.3:0 (G4Tubs) ... OK! 
BLCMDtubs::Construct rf_window_b_37.3 parent= relZ=75791.5 globZ=75791.5
	zmin=75791.5 zmax=75791.5 kill=0
Checking overlaps for volume wedge_marker_a_38:0 (G4Tubs) ... OK! 
BLCMDtubs::Construct wedge_marker_a_38 parent= relZ=75990.0 globZ=75990.0
	zmin=75989.5 zmax=75990.5 kill=0
Checking overlaps for volume wedge_marker_b_38:0 (G4Tubs) ... OK! 
BLCMDtubs::Construct wedge_marker_b_38 parent= relZ=76010.0 globZ=76010.0
	zmin=76009.5 zmax=76010.5 kill=0
Checking overlaps for volume wedge38:0 (G4IntersectionSolid) ... OK! 
BLCMDboolean::Construct wedge38 parent= relZ=76000.0 globZ=76000.0
	zmin=75775.0 zmax=76225.0
Checking overlaps for volume rf_38.1Pipe:0 (G4Tubs) ... OK! 
Checking overlaps for volume rf_38.1UsWall:0 (G4Tubs) ... OK! 
Checking overlaps for volume rf_38.1DsWall:0 (G4Tubs) ... OK! 
Checking overlaps for volume rf_38.1DsHalf:0 (G4Tubs) ... OK! 
Checking overlaps for volume rf_38.1TimingVol:0 (G4Tubs) ... OK! 
Checking overlaps for volume rf_38.1:0 (G4Tubs) ... OK! 
BLCMDpillbox::construct rf_38.1 parent= relZ=76305.6 globZ=76305.6
	zmin=76211.0 zmax=76400.3
Checking overlaps for volume rf_window_38.1:0 (G4Tubs) ... OK! 
BLCMDtubs::Construct rf_window_38.1 parent= relZ=76208.5 globZ=76208.5
	zmin=76208.5 zmax=76208.5 kill=0
Checking overlaps for volume rf_38.2Pipe:0 (G4Tubs) ... OK! 
Checking overlaps for volume rf_38.2UsWall:0 (G4Tubs) ... OK! 
Checking overlaps for volume rf_38.2DsWall:0 (G4Tubs) ... OK! 
Checking overlaps for volume rf_38.2DsHalf:0 (G4Tubs) ... OK! 
Checking overlaps for volume rf_38.2TimingVol:0 (G4Tubs) ... OK! 
Checking overlaps for volume rf_38.2:0 (G4Tubs) ... OK! 
BLCMDpillbox::construct rf_38.2 parent= relZ=76500.0 globZ=76500.0
	zmin=76405.3 zmax=76594.7
Checking overlaps for volume rf_window_38.2:0 (G4Tubs) ... OK! 
BLCMDtubs::Construct rf_window_38.2 parent= relZ=76402.8 globZ=76402.8
	zmin=76402.8 zmax=76402.8 kill=0
Checking overlaps for volume rf_38.3Pipe:0 (G4Tubs) ... OK! 
Checking overlaps for volume rf_38.3UsWall:0 (G4Tubs) ... OK! 
Checking overlaps for volume rf_38.3DsWall:0 (G4Tubs) ... OK! 
Checking overlaps for volume rf_38.3DsHalf:0 (G4Tubs) ... OK! 
Checking overlaps for volume rf_38.3TimingVol:0 (G4Tubs) ... OK! 
Checking overlaps for volume rf_38.3:0 (G4Tubs) ... OK! 
BLCMDpillbox::construct rf_38.3 parent= relZ=76694.4 globZ=76694.4
	zmin=76599.7 zmax=76789.0
Checking overlaps for volume rf_window_38.3:0 (G4Tubs) ... OK! 
BLCMDtubs::Construct rf_window_38.3 parent= relZ=76597.2 globZ=76597.2
	zmin=76597.2 zmax=76597.2 kill=0
Checking overlaps for volume rf_window_38.3:0 (G4Tubs) ... OK! 
BLCMDtubs::Construct rf_window_38.3 parent= relZ=76791.5 globZ=76791.5
	zmin=76791.5 zmax=76791.5 kill=0
Checking overlaps for volume wedge_marker_c_38:0 (G4Tubs) ... OK! 
BLCMDtubs::Construct wedge_marker_c_38 parent= relZ=76990.0 globZ=76990.0
	zmin=76989.5 zmax=76990.5 kill=0
Checking overlaps for volume wedge_marker_d_38:0 (G4Tubs) ... OK! 
BLCMDtubs::Construct wedge_marker_d_38 parent= relZ=77010.0 globZ=77010.0
	zmin=77009.5 zmax=77010.5 kill=0
Checking overlaps for volume wedge38:0 (G4IntersectionSolid) ... OK! 
BLCMDboolean::Construct wedge38 parent= relZ=77000.0 globZ=77000.0
	zmin=76775.0 zmax=77225.0
Checking overlaps for volume rf_b_38.1Pipe:0 (G4Tubs) ... OK! 
Checking overlaps for volume rf_b_38.1UsWall:0 (G4Tubs) ... OK! 
Checking overlaps for volume rf_b_38.1DsWall:0 (G4Tubs) ... OK! 
Checking overlaps for volume rf_b_38.1DsHalf:0 (G4Tubs) ... OK! 
Checking overlaps for volume rf_b_38.1TimingVol:0 (G4Tubs) ... OK! 
Checking overlaps for volume rf_b_38.1:0 (G4Tubs) ... OK! 
BLCMDpillbox::construct rf_b_38.1 parent= relZ=77305.6 globZ=77305.6
	zmin=77211.0 zmax=77400.3
Checking overlaps for volume rf_window_b_38.1:0 (G4Tubs) ... OK! 
BLCMDtubs::Construct rf_window_b_38.1 parent= relZ=77208.5 globZ=77208.5
	zmin=77208.5 zmax=77208.5 kill=0
Checking overlaps for volume rf_b_38.2Pipe:0 (G4Tubs) ... OK! 
Checking overlaps for volume rf_b_38.2UsWall:0 (G4Tubs) ... OK! 
Checking overlaps for volume rf_b_38.2DsWall:0 (G4Tubs) ... OK! 
Checking overlaps for volume rf_b_38.2DsHalf:0 (G4Tubs) ... OK! 
Checking overlaps for volume rf_b_38.2TimingVol:0 (G4Tubs) ... OK! 
Checking overlaps for volume rf_b_38.2:0 (G4Tubs) ... OK! 
BLCMDpillbox::construct rf_b_38.2 parent= relZ=77500.0 globZ=77500.0
	zmin=77405.3 zmax=77594.7
Checking overlaps for volume rf_window_b_38.2:0 (G4Tubs) ... OK! 
BLCMDtubs::Construct rf_window_b_38.2 parent= relZ=77402.8 globZ=77402.8
	zmin=77402.8 zmax=77402.8 kill=0
Checking overlaps for volume rf_b_38.3Pipe:0 (G4Tubs) ... OK! 
Checking overlaps for volume rf_b_38.3UsWall:0 (G4Tubs) ... OK! 
Checking overlaps for volume rf_b_38.3DsWall:0 (G4Tubs) ... OK! 
Checking overlaps for volume rf_b_38.3DsHalf:0 (G4Tubs) ... OK! 
Checking overlaps for volume rf_b_38.3TimingVol:0 (G4Tubs) ... OK! 
Checking overlaps for volume rf_b_38.3:0 (G4Tubs) ... OK! 
BLCMDpillbox::construct rf_b_38.3 parent= relZ=77694.4 globZ=77694.4
	zmin=77599.7 zmax=77789.0
Checking overlaps for volume rf_window_b_38.3:0 (G4Tubs) ... OK! 
BLCMDtubs::Construct rf_window_b_38.3 parent= relZ=77597.2 globZ=77597.2
	zmin=77597.2 zmax=77597.2 kill=0
Checking overlaps for volume rf_window_b_38.3:0 (G4Tubs) ... OK! 
BLCMDtubs::Construct rf_window_b_38.3 parent= relZ=77791.5 globZ=77791.5
	zmin=77791.5 zmax=77791.5 kill=0
Checking overlaps for volume wedge_marker_a_39:0 (G4Tubs) ... OK! 
BLCMDtubs::Construct wedge_marker_a_39 parent= relZ=77990.0 globZ=77990.0
	zmin=77989.5 zmax=77990.5 kill=0
Checking overlaps for volume wedge_marker_b_39:0 (G4Tubs) ... OK! 
BLCMDtubs::Construct wedge_marker_b_39 parent= relZ=78010.0 globZ=78010.0
	zmin=78009.5 zmax=78010.5 kill=0
Checking overlaps for volume wedge39:0 (G4IntersectionSolid) ... OK! 
BLCMDboolean::Construct wedge39 parent= relZ=78000.0 globZ=78000.0
	zmin=77775.0 zmax=78225.0
Checking overlaps for volume rf_39.1Pipe:0 (G4Tubs) ... OK! 
Checking overlaps for volume rf_39.1UsWall:0 (G4Tubs) ... OK! 
Checking overlaps for volume rf_39.1DsWall:0 (G4Tubs) ... OK! 
Checking overlaps for volume rf_39.1DsHalf:0 (G4Tubs) ... OK! 
Checking overlaps for volume rf_39.1TimingVol:0 (G4Tubs) ... OK! 
Checking overlaps for volume rf_39.1:0 (G4Tubs) ... OK! 
BLCMDpillbox::construct rf_39.1 parent= relZ=78305.6 globZ=78305.6
	zmin=78211.0 zmax=78400.3
Checking overlaps for volume rf_window_39.1:0 (G4Tubs) ... OK! 
BLCMDtubs::Construct rf_window_39.1 parent= relZ=78208.5 globZ=78208.5
	zmin=78208.5 zmax=78208.5 kill=0
Checking overlaps for volume rf_39.2Pipe:0 (G4Tubs) ... OK! 
Checking overlaps for volume rf_39.2UsWall:0 (G4Tubs) ... OK! 
Checking overlaps for volume rf_39.2DsWall:0 (G4Tubs) ... OK! 
Checking overlaps for volume rf_39.2DsHalf:0 (G4Tubs) ... OK! 
Checking overlaps for volume rf_39.2TimingVol:0 (G4Tubs) ... OK! 
Checking overlaps for volume rf_39.2:0 (G4Tubs) ... OK! 
BLCMDpillbox::construct rf_39.2 parent= relZ=78500.0 globZ=78500.0
	zmin=78405.3 zmax=78594.7
Checking overlaps for volume rf_window_39.2:0 (G4Tubs) ... OK! 
BLCMDtubs::Construct rf_window_39.2 parent= relZ=78402.8 globZ=78402.8
	zmin=78402.8 zmax=78402.8 kill=0
Checking overlaps for volume rf_39.3Pipe:0 (G4Tubs) ... OK! 
Checking overlaps for volume rf_39.3UsWall:0 (G4Tubs) ... OK! 
Checking overlaps for volume rf_39.3DsWall:0 (G4Tubs) ... OK! 
Checking overlaps for volume rf_39.3DsHalf:0 (G4Tubs) ... OK! 
Checking overlaps for volume rf_39.3TimingVol:0 (G4Tubs) ... OK! 
Checking overlaps for volume rf_39.3:0 (G4Tubs) ... OK! 
BLCMDpillbox::construct rf_39.3 parent= relZ=78694.4 globZ=78694.4
	zmin=78599.7 zmax=78789.0
Checking overlaps for volume rf_window_39.3:0 (G4Tubs) ... OK! 
BLCMDtubs::Construct rf_window_39.3 parent= relZ=78597.2 globZ=78597.2
	zmin=78597.2 zmax=78597.2 kill=0
Checking overlaps for volume rf_window_39.3:0 (G4Tubs) ... OK! 
BLCMDtubs::Construct rf_window_39.3 parent= relZ=78791.5 globZ=78791.5
	zmin=78791.5 zmax=78791.5 kill=0
Checking overlaps for volume wedge_marker_c_39:0 (G4Tubs) ... OK! 
BLCMDtubs::Construct wedge_marker_c_39 parent= relZ=78990.0 globZ=78990.0
	zmin=78989.5 zmax=78990.5 kill=0
Checking overlaps for volume wedge_marker_d_39:0 (G4Tubs) ... OK! 
BLCMDtubs::Construct wedge_marker_d_39 parent= relZ=79010.0 globZ=79010.0
	zmin=79009.5 zmax=79010.5 kill=0
Checking overlaps for volume wedge39:0 (G4IntersectionSolid) ... OK! 
BLCMDboolean::Construct wedge39 parent= relZ=79000.0 globZ=79000.0
	zmin=78775.0 zmax=79225.0
Checking overlaps for volume rf_b_39.1Pipe:0 (G4Tubs) ... OK! 
Checking overlaps for volume rf_b_39.1UsWall:0 (G4Tubs) ... OK! 
Checking overlaps for volume rf_b_39.1DsWall:0 (G4Tubs) ... OK! 
Checking overlaps for volume rf_b_39.1DsHalf:0 (G4Tubs) ... OK! 
Checking overlaps for volume rf_b_39.1TimingVol:0 (G4Tubs) ... OK! 
Checking overlaps for volume rf_b_39.1:0 (G4Tubs) ... OK! 
BLCMDpillbox::construct rf_b_39.1 parent= relZ=79305.6 globZ=79305.6
	zmin=79211.0 zmax=79400.3
Checking overlaps for volume rf_window_b_39.1:0 (G4Tubs) ... OK! 
BLCMDtubs::Construct rf_window_b_39.1 parent= relZ=79208.5 globZ=79208.5
	zmin=79208.5 zmax=79208.5 kill=0
Checking overlaps for volume rf_b_39.2Pipe:0 (G4Tubs) ... OK! 
Checking overlaps for volume rf_b_39.2UsWall:0 (G4Tubs) ... OK! 
Checking overlaps for volume rf_b_39.2DsWall:0 (G4Tubs) ... OK! 
Checking overlaps for volume rf_b_39.2DsHalf:0 (G4Tubs) ... OK! 
Checking overlaps for volume rf_b_39.2TimingVol:0 (G4Tubs) ... OK! 
Checking overlaps for volume rf_b_39.2:0 (G4Tubs) ... OK! 
BLCMDpillbox::construct rf_b_39.2 parent= relZ=79500.0 globZ=79500.0
	zmin=79405.3 zmax=79594.7
Checking overlaps for volume rf_window_b_39.2:0 (G4Tubs) ... OK! 
BLCMDtubs::Construct rf_window_b_39.2 parent= relZ=79402.8 globZ=79402.8
	zmin=79402.8 zmax=79402.8 kill=0
Checking overlaps for volume rf_b_39.3Pipe:0 (G4Tubs) ... OK! 
Checking overlaps for volume rf_b_39.3UsWall:0 (G4Tubs) ... OK! 
Checking overlaps for volume rf_b_39.3DsWall:0 (G4Tubs) ... OK! 
Checking overlaps for volume rf_b_39.3DsHalf:0 (G4Tubs) ... OK! 
Checking overlaps for volume rf_b_39.3TimingVol:0 (G4Tubs) ... OK! 
Checking overlaps for volume rf_b_39.3:0 (G4Tubs) ... OK! 
BLCMDpillbox::construct rf_b_39.3 parent= relZ=79694.4 globZ=79694.4
	zmin=79599.7 zmax=79789.0
Checking overlaps for volume rf_window_b_39.3:0 (G4Tubs) ... OK! 
BLCMDtubs::Construct rf_window_b_39.3 parent= relZ=79597.2 globZ=79597.2
	zmin=79597.2 zmax=79597.2 kill=0
Checking overlaps for volume rf_window_b_39.3:0 (G4Tubs) ... OK! 
BLCMDtubs::Construct rf_window_b_39.3 parent= relZ=79791.5 globZ=79791.5
	zmin=79791.5 zmax=79791.5 kill=0
Checking overlaps for volume wedge_marker_a_40:0 (G4Tubs) ... OK! 
BLCMDtubs::Construct wedge_marker_a_40 parent= relZ=79990.0 globZ=79990.0
	zmin=79989.5 zmax=79990.5 kill=0
Checking overlaps for volume wedge_marker_b_40:0 (G4Tubs) ... OK! 
BLCMDtubs::Construct wedge_marker_b_40 parent= relZ=80010.0 globZ=80010.0
	zmin=80009.5 zmax=80010.5 kill=0
Checking overlaps for volume wedge40:0 (G4IntersectionSolid) ... OK! 
BLCMDboolean::Construct wedge40 parent= relZ=80000.0 globZ=80000.0
	zmin=79775.0 zmax=80225.0
Checking overlaps for volume rf_40.1Pipe:0 (G4Tubs) ... OK! 
Checking overlaps for volume rf_40.1UsWall:0 (G4Tubs) ... OK! 
Checking overlaps for volume rf_40.1DsWall:0 (G4Tubs) ... OK! 
Checking overlaps for volume rf_40.1DsHalf:0 (G4Tubs) ... OK! 
Checking overlaps for volume rf_40.1TimingVol:0 (G4Tubs) ... OK! 
Checking overlaps for volume rf_40.1:0 (G4Tubs) ... OK! 
BLCMDpillbox::construct rf_40.1 parent= relZ=80305.6 globZ=80305.6
	zmin=80211.0 zmax=80400.3
Checking overlaps for volume rf_window_40.1:0 (G4Tubs) ... OK! 
BLCMDtubs::Construct rf_window_40.1 parent= relZ=80208.5 globZ=80208.5
	zmin=80208.5 zmax=80208.5 kill=0
Checking overlaps for volume rf_40.2Pipe:0 (G4Tubs) ... OK! 
Checking overlaps for volume rf_40.2UsWall:0 (G4Tubs) ... OK! 
Checking overlaps for volume rf_40.2DsWall:0 (G4Tubs) ... OK! 
Checking overlaps for volume rf_40.2DsHalf:0 (G4Tubs) ... OK! 
Checking overlaps for volume rf_40.2TimingVol:0 (G4Tubs) ... OK! 
Checking overlaps for volume rf_40.2:0 (G4Tubs) ... OK! 
BLCMDpillbox::construct rf_40.2 parent= relZ=80500.0 globZ=80500.0
	zmin=80405.3 zmax=80594.7
Checking overlaps for volume rf_window_40.2:0 (G4Tubs) ... OK! 
BLCMDtubs::Construct rf_window_40.2 parent= relZ=80402.8 globZ=80402.8
	zmin=80402.8 zmax=80402.8 kill=0
Checking overlaps for volume rf_40.3Pipe:0 (G4Tubs) ... OK! 
Checking overlaps for volume rf_40.3UsWall:0 (G4Tubs) ... OK! 
Checking overlaps for volume rf_40.3DsWall:0 (G4Tubs) ... OK! 
Checking overlaps for volume rf_40.3DsHalf:0 (G4Tubs) ... OK! 
Checking overlaps for volume rf_40.3TimingVol:0 (G4Tubs) ... OK! 
Checking overlaps for volume rf_40.3:0 (G4Tubs) ... OK! 
BLCMDpillbox::construct rf_40.3 parent= relZ=80694.4 globZ=80694.4
	zmin=80599.7 zmax=80789.0
Checking overlaps for volume rf_window_40.3:0 (G4Tubs) ... OK! 
BLCMDtubs::Construct rf_window_40.3 parent= relZ=80597.2 globZ=80597.2
	zmin=80597.2 zmax=80597.2 kill=0
Checking overlaps for volume rf_window_40.3:0 (G4Tubs) ... OK! 
BLCMDtubs::Construct rf_window_40.3 parent= relZ=80791.5 globZ=80791.5
	zmin=80791.5 zmax=80791.5 kill=0
Checking overlaps for volume wedge_marker_c_40:0 (G4Tubs) ... OK! 
BLCMDtubs::Construct wedge_marker_c_40 parent= relZ=80990.0 globZ=80990.0
	zmin=80989.5 zmax=80990.5 kill=0
Checking overlaps for volume wedge_marker_d_40:0 (G4Tubs) ... OK! 
BLCMDtubs::Construct wedge_marker_d_40 parent= relZ=81010.0 globZ=81010.0
	zmin=81009.5 zmax=81010.5 kill=0
Checking overlaps for volume wedge40:0 (G4IntersectionSolid) ... OK! 
BLCMDboolean::Construct wedge40 parent= relZ=81000.0 globZ=81000.0
	zmin=80775.0 zmax=81225.0
Checking overlaps for volume rf_b_40.1Pipe:0 (G4Tubs) ... OK! 
Checking overlaps for volume rf_b_40.1UsWall:0 (G4Tubs) ... OK! 
Checking overlaps for volume rf_b_40.1DsWall:0 (G4Tubs) ... OK! 
Checking overlaps for volume rf_b_40.1DsHalf:0 (G4Tubs) ... OK! 
Checking overlaps for volume rf_b_40.1TimingVol:0 (G4Tubs) ... OK! 
Checking overlaps for volume rf_b_40.1:0 (G4Tubs) ... OK! 
BLCMDpillbox::construct rf_b_40.1 parent= relZ=81305.6 globZ=81305.6
	zmin=81211.0 zmax=81400.3
Checking overlaps for volume rf_window_b_40.1:0 (G4Tubs) ... OK! 
BLCMDtubs::Construct rf_window_b_40.1 parent= relZ=81208.5 globZ=81208.5
	zmin=81208.5 zmax=81208.5 kill=0
Checking overlaps for volume rf_b_40.2Pipe:0 (G4Tubs) ... OK! 
Checking overlaps for volume rf_b_40.2UsWall:0 (G4Tubs) ... OK! 
Checking overlaps for volume rf_b_40.2DsWall:0 (G4Tubs) ... OK! 
Checking overlaps for volume rf_b_40.2DsHalf:0 (G4Tubs) ... OK! 
Checking overlaps for volume rf_b_40.2TimingVol:0 (G4Tubs) ... OK! 
Checking overlaps for volume rf_b_40.2:0 (G4Tubs) ... OK! 
BLCMDpillbox::construct rf_b_40.2 parent= relZ=81500.0 globZ=81500.0
	zmin=81405.3 zmax=81594.7
Checking overlaps for volume rf_window_b_40.2:0 (G4Tubs) ... OK! 
BLCMDtubs::Construct rf_window_b_40.2 parent= relZ=81402.8 globZ=81402.8
	zmin=81402.8 zmax=81402.8 kill=0
Checking overlaps for volume rf_b_40.3Pipe:0 (G4Tubs) ... OK! 
Checking overlaps for volume rf_b_40.3UsWall:0 (G4Tubs) ... OK! 
Checking overlaps for volume rf_b_40.3DsWall:0 (G4Tubs) ... OK! 
Checking overlaps for volume rf_b_40.3DsHalf:0 (G4Tubs) ... OK! 
Checking overlaps for volume rf_b_40.3TimingVol:0 (G4Tubs) ... OK! 
Checking overlaps for volume rf_b_40.3:0 (G4Tubs) ... OK! 
BLCMDpillbox::construct rf_b_40.3 parent= relZ=81694.4 globZ=81694.4
	zmin=81599.7 zmax=81789.0
Checking overlaps for volume rf_window_b_40.3:0 (G4Tubs) ... OK! 
BLCMDtubs::Construct rf_window_b_40.3 parent= relZ=81597.2 globZ=81597.2
	zmin=81597.2 zmax=81597.2 kill=0
Checking overlaps for volume rf_window_b_40.3:0 (G4Tubs) ... OK! 
BLCMDtubs::Construct rf_window_b_40.3 parent= relZ=81791.5 globZ=81791.5
	zmin=81791.5 zmax=81791.5 kill=0
Checking overlaps for volume wedge_marker_a_41:0 (G4Tubs) ... OK! 
BLCMDtubs::Construct wedge_marker_a_41 parent= relZ=81990.0 globZ=81990.0
	zmin=81989.5 zmax=81990.5 kill=0
Checking overlaps for volume wedge_marker_b_41:0 (G4Tubs) ... OK! 
BLCMDtubs::Construct wedge_marker_b_41 parent= relZ=82010.0 globZ=82010.0
	zmin=82009.5 zmax=82010.5 kill=0
Checking overlaps for volume wedge41:0 (G4IntersectionSolid) ... OK! 
BLCMDboolean::Construct wedge41 parent= relZ=82000.0 globZ=82000.0
	zmin=81775.0 zmax=82225.0
Checking overlaps for volume rf_41.1Pipe:0 (G4Tubs) ... OK! 
Checking overlaps for volume rf_41.1UsWall:0 (G4Tubs) ... OK! 
Checking overlaps for volume rf_41.1DsWall:0 (G4Tubs) ... OK! 
Checking overlaps for volume rf_41.1DsHalf:0 (G4Tubs) ... OK! 
Checking overlaps for volume rf_41.1TimingVol:0 (G4Tubs) ... OK! 
Checking overlaps for volume rf_41.1:0 (G4Tubs) ... OK! 
BLCMDpillbox::construct rf_41.1 parent= relZ=82305.6 globZ=82305.6
	zmin=82211.0 zmax=82400.3
Checking overlaps for volume rf_window_41.1:0 (G4Tubs) ... OK! 
BLCMDtubs::Construct rf_window_41.1 parent= relZ=82208.5 globZ=82208.5
	zmin=82208.5 zmax=82208.5 kill=0
Checking overlaps for volume rf_41.2Pipe:0 (G4Tubs) ... OK! 
Checking overlaps for volume rf_41.2UsWall:0 (G4Tubs) ... OK! 
Checking overlaps for volume rf_41.2DsWall:0 (G4Tubs) ... OK! 
Checking overlaps for volume rf_41.2DsHalf:0 (G4Tubs) ... OK! 
Checking overlaps for volume rf_41.2TimingVol:0 (G4Tubs) ... OK! 
Checking overlaps for volume rf_41.2:0 (G4Tubs) ... OK! 
BLCMDpillbox::construct rf_41.2 parent= relZ=82500.0 globZ=82500.0
	zmin=82405.3 zmax=82594.7
Checking overlaps for volume rf_window_41.2:0 (G4Tubs) ... OK! 
BLCMDtubs::Construct rf_window_41.2 parent= relZ=82402.8 globZ=82402.8
	zmin=82402.8 zmax=82402.8 kill=0
Checking overlaps for volume rf_41.3Pipe:0 (G4Tubs) ... OK! 
Checking overlaps for volume rf_41.3UsWall:0 (G4Tubs) ... OK! 
Checking overlaps for volume rf_41.3DsWall:0 (G4Tubs) ... OK! 
Checking overlaps for volume rf_41.3DsHalf:0 (G4Tubs) ... OK! 
Checking overlaps for volume rf_41.3TimingVol:0 (G4Tubs) ... OK! 
Checking overlaps for volume rf_41.3:0 (G4Tubs) ... OK! 
BLCMDpillbox::construct rf_41.3 parent= relZ=82694.4 globZ=82694.4
	zmin=82599.7 zmax=82789.0
Checking overlaps for volume rf_window_41.3:0 (G4Tubs) ... OK! 
BLCMDtubs::Construct rf_window_41.3 parent= relZ=82597.2 globZ=82597.2
	zmin=82597.2 zmax=82597.2 kill=0
Checking overlaps for volume rf_window_41.3:0 (G4Tubs) ... OK! 
BLCMDtubs::Construct rf_window_41.3 parent= relZ=82791.5 globZ=82791.5
	zmin=82791.5 zmax=82791.5 kill=0
Checking overlaps for volume wedge_marker_c_41:0 (G4Tubs) ... OK! 
BLCMDtubs::Construct wedge_marker_c_41 parent= relZ=82990.0 globZ=82990.0
	zmin=82989.5 zmax=82990.5 kill=0
Checking overlaps for volume wedge_marker_d_41:0 (G4Tubs) ... OK! 
BLCMDtubs::Construct wedge_marker_d_41 parent= relZ=83010.0 globZ=83010.0
	zmin=83009.5 zmax=83010.5 kill=0
Checking overlaps for volume wedge41:0 (G4IntersectionSolid) ... OK! 
BLCMDboolean::Construct wedge41 parent= relZ=83000.0 globZ=83000.0
	zmin=82775.0 zmax=83225.0
Checking overlaps for volume rf_b_41.1Pipe:0 (G4Tubs) ... OK! 
Checking overlaps for volume rf_b_41.1UsWall:0 (G4Tubs) ... OK! 
Checking overlaps for volume rf_b_41.1DsWall:0 (G4Tubs) ... OK! 
Checking overlaps for volume rf_b_41.1DsHalf:0 (G4Tubs) ... OK! 
Checking overlaps for volume rf_b_41.1TimingVol:0 (G4Tubs) ... OK! 
Checking overlaps for volume rf_b_41.1:0 (G4Tubs) ... OK! 
BLCMDpillbox::construct rf_b_41.1 parent= relZ=83305.6 globZ=83305.6
	zmin=83211.0 zmax=83400.3
Checking overlaps for volume rf_window_b_41.1:0 (G4Tubs) ... OK! 
BLCMDtubs::Construct rf_window_b_41.1 parent= relZ=83208.5 globZ=83208.5
	zmin=83208.5 zmax=83208.5 kill=0
Checking overlaps for volume rf_b_41.2Pipe:0 (G4Tubs) ... OK! 
Checking overlaps for volume rf_b_41.2UsWall:0 (G4Tubs) ... OK! 
Checking overlaps for volume rf_b_41.2DsWall:0 (G4Tubs) ... OK! 
Checking overlaps for volume rf_b_41.2DsHalf:0 (G4Tubs) ... OK! 
Checking overlaps for volume rf_b_41.2TimingVol:0 (G4Tubs) ... OK! 
Checking overlaps for volume rf_b_41.2:0 (G4Tubs) ... OK! 
BLCMDpillbox::construct rf_b_41.2 parent= relZ=83500.0 globZ=83500.0
	zmin=83405.3 zmax=83594.7
Checking overlaps for volume rf_window_b_41.2:0 (G4Tubs) ... OK! 
BLCMDtubs::Construct rf_window_b_41.2 parent= relZ=83402.8 globZ=83402.8
	zmin=83402.8 zmax=83402.8 kill=0
Checking overlaps for volume rf_b_41.3Pipe:0 (G4Tubs) ... OK! 
Checking overlaps for volume rf_b_41.3UsWall:0 (G4Tubs) ... OK! 
Checking overlaps for volume rf_b_41.3DsWall:0 (G4Tubs) ... OK! 
Checking overlaps for volume rf_b_41.3DsHalf:0 (G4Tubs) ... OK! 
Checking overlaps for volume rf_b_41.3TimingVol:0 (G4Tubs) ... OK! 
Checking overlaps for volume rf_b_41.3:0 (G4Tubs) ... OK! 
BLCMDpillbox::construct rf_b_41.3 parent= relZ=83694.4 globZ=83694.4
	zmin=83599.7 zmax=83789.0
Checking overlaps for volume rf_window_b_41.3:0 (G4Tubs) ... OK! 
BLCMDtubs::Construct rf_window_b_41.3 parent= relZ=83597.2 globZ=83597.2
	zmin=83597.2 zmax=83597.2 kill=0
Checking overlaps for volume rf_window_b_41.3:0 (G4Tubs) ... OK! 
BLCMDtubs::Construct rf_window_b_41.3 parent= relZ=83791.5 globZ=83791.5
	zmin=83791.5 zmax=83791.5 kill=0
Checking overlaps for volume wedge_marker_a_42:0 (G4Tubs) ... OK! 
BLCMDtubs::Construct wedge_marker_a_42 parent= relZ=83990.0 globZ=83990.0
	zmin=83989.5 zmax=83990.5 kill=0
Checking overlaps for volume wedge_marker_b_42:0 (G4Tubs) ... OK! 
BLCMDtubs::Construct wedge_marker_b_42 parent= relZ=84010.0 globZ=84010.0
	zmin=84009.5 zmax=84010.5 kill=0
Checking overlaps for volume wedge42:0 (G4IntersectionSolid) ... OK! 
BLCMDboolean::Construct wedge42 parent= relZ=84000.0 globZ=84000.0
	zmin=83775.0 zmax=84225.0
Checking overlaps for volume rf_42.1Pipe:0 (G4Tubs) ... OK! 
Checking overlaps for volume rf_42.1UsWall:0 (G4Tubs) ... OK! 
Checking overlaps for volume rf_42.1DsWall:0 (G4Tubs) ... OK! 
Checking overlaps for volume rf_42.1DsHalf:0 (G4Tubs) ... OK! 
Checking overlaps for volume rf_42.1TimingVol:0 (G4Tubs) ... OK! 
Checking overlaps for volume rf_42.1:0 (G4Tubs) ... OK! 
BLCMDpillbox::construct rf_42.1 parent= relZ=84305.6 globZ=84305.6
	zmin=84211.0 zmax=84400.3
Checking overlaps for volume rf_window_42.1:0 (G4Tubs) ... OK! 
BLCMDtubs::Construct rf_window_42.1 parent= relZ=84208.5 globZ=84208.5
	zmin=84208.5 zmax=84208.5 kill=0
Checking overlaps for volume rf_42.2Pipe:0 (G4Tubs) ... OK! 
Checking overlaps for volume rf_42.2UsWall:0 (G4Tubs) ... OK! 
Checking overlaps for volume rf_42.2DsWall:0 (G4Tubs) ... OK! 
Checking overlaps for volume rf_42.2DsHalf:0 (G4Tubs) ... OK! 
Checking overlaps for volume rf_42.2TimingVol:0 (G4Tubs) ... OK! 
Checking overlaps for volume rf_42.2:0 (G4Tubs) ... OK! 
BLCMDpillbox::construct rf_42.2 parent= relZ=84500.0 globZ=84500.0
	zmin=84405.3 zmax=84594.7
Checking overlaps for volume rf_window_42.2:0 (G4Tubs) ... OK! 
BLCMDtubs::Construct rf_window_42.2 parent= relZ=84402.8 globZ=84402.8
	zmin=84402.8 zmax=84402.8 kill=0
Checking overlaps for volume rf_42.3Pipe:0 (G4Tubs) ... OK! 
Checking overlaps for volume rf_42.3UsWall:0 (G4Tubs) ... OK! 
Checking overlaps for volume rf_42.3DsWall:0 (G4Tubs) ... OK! 
Checking overlaps for volume rf_42.3DsHalf:0 (G4Tubs) ... OK! 
Checking overlaps for volume rf_42.3TimingVol:0 (G4Tubs) ... OK! 
Checking overlaps for volume rf_42.3:0 (G4Tubs) ... OK! 
BLCMDpillbox::construct rf_42.3 parent= relZ=84694.4 globZ=84694.4
	zmin=84599.7 zmax=84789.0
Checking overlaps for volume rf_window_42.3:0 (G4Tubs) ... OK! 
BLCMDtubs::Construct rf_window_42.3 parent= relZ=84597.2 globZ=84597.2
	zmin=84597.2 zmax=84597.2 kill=0
Checking overlaps for volume rf_window_42.3:0 (G4Tubs) ... OK! 
BLCMDtubs::Construct rf_window_42.3 parent= relZ=84791.5 globZ=84791.5
	zmin=84791.5 zmax=84791.5 kill=0
Checking overlaps for volume wedge_marker_c_42:0 (G4Tubs) ... OK! 
BLCMDtubs::Construct wedge_marker_c_42 parent= relZ=84990.0 globZ=84990.0
	zmin=84989.5 zmax=84990.5 kill=0
Checking overlaps for volume wedge_marker_d_42:0 (G4Tubs) ... OK! 
BLCMDtubs::Construct wedge_marker_d_42 parent= relZ=85010.0 globZ=85010.0
	zmin=85009.5 zmax=85010.5 kill=0
Checking overlaps for volume wedge42:0 (G4IntersectionSolid) ... OK! 
BLCMDboolean::Construct wedge42 parent= relZ=85000.0 globZ=85000.0
	zmin=84775.0 zmax=85225.0
Checking overlaps for volume rf_b_42.1Pipe:0 (G4Tubs) ... OK! 
Checking overlaps for volume rf_b_42.1UsWall:0 (G4Tubs) ... OK! 
Checking overlaps for volume rf_b_42.1DsWall:0 (G4Tubs) ... OK! 
Checking overlaps for volume rf_b_42.1DsHalf:0 (G4Tubs) ... OK! 
Checking overlaps for volume rf_b_42.1TimingVol:0 (G4Tubs) ... OK! 
Checking overlaps for volume rf_b_42.1:0 (G4Tubs) ... OK! 
BLCMDpillbox::construct rf_b_42.1 parent= relZ=85305.6 globZ=85305.6
	zmin=85211.0 zmax=85400.3
Checking overlaps for volume rf_window_b_42.1:0 (G4Tubs) ... OK! 
BLCMDtubs::Construct rf_window_b_42.1 parent= relZ=85208.5 globZ=85208.5
	zmin=85208.5 zmax=85208.5 kill=0
Checking overlaps for volume rf_b_42.2Pipe:0 (G4Tubs) ... OK! 
Checking overlaps for volume rf_b_42.2UsWall:0 (G4Tubs) ... OK! 
Checking overlaps for volume rf_b_42.2DsWall:0 (G4Tubs) ... OK! 
Checking overlaps for volume rf_b_42.2DsHalf:0 (G4Tubs) ... OK! 
Checking overlaps for volume rf_b_42.2TimingVol:0 (G4Tubs) ... OK! 
Checking overlaps for volume rf_b_42.2:0 (G4Tubs) ... OK! 
BLCMDpillbox::construct rf_b_42.2 parent= relZ=85500.0 globZ=85500.0
	zmin=85405.3 zmax=85594.7
Checking overlaps for volume rf_window_b_42.2:0 (G4Tubs) ... OK! 
BLCMDtubs::Construct rf_window_b_42.2 parent= relZ=85402.8 globZ=85402.8
	zmin=85402.8 zmax=85402.8 kill=0
Checking overlaps for volume rf_b_42.3Pipe:0 (G4Tubs) ... OK! 
Checking overlaps for volume rf_b_42.3UsWall:0 (G4Tubs) ... OK! 
Checking overlaps for volume rf_b_42.3DsWall:0 (G4Tubs) ... OK! 
Checking overlaps for volume rf_b_42.3DsHalf:0 (G4Tubs) ... OK! 
Checking overlaps for volume rf_b_42.3TimingVol:0 (G4Tubs) ... OK! 
Checking overlaps for volume rf_b_42.3:0 (G4Tubs) ... OK! 
BLCMDpillbox::construct rf_b_42.3 parent= relZ=85694.4 globZ=85694.4
	zmin=85599.7 zmax=85789.0
Checking overlaps for volume rf_window_b_42.3:0 (G4Tubs) ... OK! 
BLCMDtubs::Construct rf_window_b_42.3 parent= relZ=85597.2 globZ=85597.2
	zmin=85597.2 zmax=85597.2 kill=0
Checking overlaps for volume rf_window_b_42.3:0 (G4Tubs) ... OK! 
BLCMDtubs::Construct rf_window_b_42.3 parent= relZ=85791.5 globZ=85791.5
	zmin=85791.5 zmax=85791.5 kill=0
Checking overlaps for volume wedge_marker_a_43:0 (G4Tubs) ... OK! 
BLCMDtubs::Construct wedge_marker_a_43 parent= relZ=85990.0 globZ=85990.0
	zmin=85989.5 zmax=85990.5 kill=0
Checking overlaps for volume wedge_marker_b_43:0 (G4Tubs) ... OK! 
BLCMDtubs::Construct wedge_marker_b_43 parent= relZ=86010.0 globZ=86010.0
	zmin=86009.5 zmax=86010.5 kill=0
Checking overlaps for volume wedge43:0 (G4IntersectionSolid) ... OK! 
BLCMDboolean::Construct wedge43 parent= relZ=86000.0 globZ=86000.0
	zmin=85775.0 zmax=86225.0
Checking overlaps for volume rf_43.1Pipe:0 (G4Tubs) ... OK! 
Checking overlaps for volume rf_43.1UsWall:0 (G4Tubs) ... OK! 
Checking overlaps for volume rf_43.1DsWall:0 (G4Tubs) ... OK! 
Checking overlaps for volume rf_43.1DsHalf:0 (G4Tubs) ... OK! 
Checking overlaps for volume rf_43.1TimingVol:0 (G4Tubs) ... OK! 
Checking overlaps for volume rf_43.1:0 (G4Tubs) ... OK! 
BLCMDpillbox::construct rf_43.1 parent= relZ=86305.6 globZ=86305.6
	zmin=86211.0 zmax=86400.3
Checking overlaps for volume rf_window_43.1:0 (G4Tubs) ... OK! 
BLCMDtubs::Construct rf_window_43.1 parent= relZ=86208.5 globZ=86208.5
	zmin=86208.5 zmax=86208.5 kill=0
Checking overlaps for volume rf_43.2Pipe:0 (G4Tubs) ... OK! 
Checking overlaps for volume rf_43.2UsWall:0 (G4Tubs) ... OK! 
Checking overlaps for volume rf_43.2DsWall:0 (G4Tubs) ... OK! 
Checking overlaps for volume rf_43.2DsHalf:0 (G4Tubs) ... OK! 
Checking overlaps for volume rf_43.2TimingVol:0 (G4Tubs) ... OK! 
Checking overlaps for volume rf_43.2:0 (G4Tubs) ... OK! 
BLCMDpillbox::construct rf_43.2 parent= relZ=86500.0 globZ=86500.0
	zmin=86405.3 zmax=86594.7
Checking overlaps for volume rf_window_43.2:0 (G4Tubs) ... OK! 
BLCMDtubs::Construct rf_window_43.2 parent= relZ=86402.8 globZ=86402.8
	zmin=86402.8 zmax=86402.8 kill=0
Checking overlaps for volume rf_43.3Pipe:0 (G4Tubs) ... OK! 
Checking overlaps for volume rf_43.3UsWall:0 (G4Tubs) ... OK! 
Checking overlaps for volume rf_43.3DsWall:0 (G4Tubs) ... OK! 
Checking overlaps for volume rf_43.3DsHalf:0 (G4Tubs) ... OK! 
Checking overlaps for volume rf_43.3TimingVol:0 (G4Tubs) ... OK! 
Checking overlaps for volume rf_43.3:0 (G4Tubs) ... OK! 
BLCMDpillbox::construct rf_43.3 parent= relZ=86694.4 globZ=86694.4
	zmin=86599.7 zmax=86789.0
Checking overlaps for volume rf_window_43.3:0 (G4Tubs) ... OK! 
BLCMDtubs::Construct rf_window_43.3 parent= relZ=86597.2 globZ=86597.2
	zmin=86597.2 zmax=86597.2 kill=0
Checking overlaps for volume rf_window_43.3:0 (G4Tubs) ... OK! 
BLCMDtubs::Construct rf_window_43.3 parent= relZ=86791.5 globZ=86791.5
	zmin=86791.5 zmax=86791.5 kill=0
Checking overlaps for volume wedge_marker_c_43:0 (G4Tubs) ... OK! 
BLCMDtubs::Construct wedge_marker_c_43 parent= relZ=86990.0 globZ=86990.0
	zmin=86989.5 zmax=86990.5 kill=0
Checking overlaps for volume wedge_marker_d_43:0 (G4Tubs) ... OK! 
BLCMDtubs::Construct wedge_marker_d_43 parent= relZ=87010.0 globZ=87010.0
	zmin=87009.5 zmax=87010.5 kill=0
Checking overlaps for volume wedge43:0 (G4IntersectionSolid) ... OK! 
BLCMDboolean::Construct wedge43 parent= relZ=87000.0 globZ=87000.0
	zmin=86775.0 zmax=87225.0
Checking overlaps for volume rf_b_43.1Pipe:0 (G4Tubs) ... OK! 
Checking overlaps for volume rf_b_43.1UsWall:0 (G4Tubs) ... OK! 
Checking overlaps for volume rf_b_43.1DsWall:0 (G4Tubs) ... OK! 
Checking overlaps for volume rf_b_43.1DsHalf:0 (G4Tubs) ... OK! 
Checking overlaps for volume rf_b_43.1TimingVol:0 (G4Tubs) ... OK! 
Checking overlaps for volume rf_b_43.1:0 (G4Tubs) ... OK! 
BLCMDpillbox::construct rf_b_43.1 parent= relZ=87305.6 globZ=87305.6
	zmin=87211.0 zmax=87400.3
Checking overlaps for volume rf_window_b_43.1:0 (G4Tubs) ... OK! 
BLCMDtubs::Construct rf_window_b_43.1 parent= relZ=87208.5 globZ=87208.5
	zmin=87208.5 zmax=87208.5 kill=0
Checking overlaps for volume rf_b_43.2Pipe:0 (G4Tubs) ... OK! 
Checking overlaps for volume rf_b_43.2UsWall:0 (G4Tubs) ... OK! 
Checking overlaps for volume rf_b_43.2DsWall:0 (G4Tubs) ... OK! 
Checking overlaps for volume rf_b_43.2DsHalf:0 (G4Tubs) ... OK! 
Checking overlaps for volume rf_b_43.2TimingVol:0 (G4Tubs) ... OK! 
Checking overlaps for volume rf_b_43.2:0 (G4Tubs) ... OK! 
BLCMDpillbox::construct rf_b_43.2 parent= relZ=87500.0 globZ=87500.0
	zmin=87405.3 zmax=87594.7
Checking overlaps for volume rf_window_b_43.2:0 (G4Tubs) ... OK! 
BLCMDtubs::Construct rf_window_b_43.2 parent= relZ=87402.8 globZ=87402.8
	zmin=87402.8 zmax=87402.8 kill=0
Checking overlaps for volume rf_b_43.3Pipe:0 (G4Tubs) ... OK! 
Checking overlaps for volume rf_b_43.3UsWall:0 (G4Tubs) ... OK! 
Checking overlaps for volume rf_b_43.3DsWall:0 (G4Tubs) ... OK! 
Checking overlaps for volume rf_b_43.3DsHalf:0 (G4Tubs) ... OK! 
Checking overlaps for volume rf_b_43.3TimingVol:0 (G4Tubs) ... OK! 
Checking overlaps for volume rf_b_43.3:0 (G4Tubs) ... OK! 
BLCMDpillbox::construct rf_b_43.3 parent= relZ=87694.4 globZ=87694.4
	zmin=87599.7 zmax=87789.0
Checking overlaps for volume rf_window_b_43.3:0 (G4Tubs) ... OK! 
BLCMDtubs::Construct rf_window_b_43.3 parent= relZ=87597.2 globZ=87597.2
	zmin=87597.2 zmax=87597.2 kill=0
Checking overlaps for volume rf_window_b_43.3:0 (G4Tubs) ... OK! 
BLCMDtubs::Construct rf_window_b_43.3 parent= relZ=87791.5 globZ=87791.5
	zmin=87791.5 zmax=87791.5 kill=0
Checking overlaps for volume wedge_marker_a_44:0 (G4Tubs) ... OK! 
BLCMDtubs::Construct wedge_marker_a_44 parent= relZ=87990.0 globZ=87990.0
	zmin=87989.5 zmax=87990.5 kill=0
Checking overlaps for volume wedge_marker_b_44:0 (G4Tubs) ... OK! 
BLCMDtubs::Construct wedge_marker_b_44 parent= relZ=88010.0 globZ=88010.0
	zmin=88009.5 zmax=88010.5 kill=0
Checking overlaps for volume wedge44:0 (G4IntersectionSolid) ... OK! 
BLCMDboolean::Construct wedge44 parent= relZ=88000.0 globZ=88000.0
	zmin=87775.0 zmax=88225.0
Checking overlaps for volume rf_44.1Pipe:0 (G4Tubs) ... OK! 
Checking overlaps for volume rf_44.1UsWall:0 (G4Tubs) ... OK! 
Checking overlaps for volume rf_44.1DsWall:0 (G4Tubs) ... OK! 
Checking overlaps for volume rf_44.1DsHalf:0 (G4Tubs) ... OK! 
Checking overlaps for volume rf_44.1TimingVol:0 (G4Tubs) ... OK! 
Checking overlaps for volume rf_44.1:0 (G4Tubs) ... OK! 
BLCMDpillbox::construct rf_44.1 parent= relZ=88305.6 globZ=88305.6
	zmin=88211.0 zmax=88400.3
Checking overlaps for volume rf_window_44.1:0 (G4Tubs) ... OK! 
BLCMDtubs::Construct rf_window_44.1 parent= relZ=88208.5 globZ=88208.5
	zmin=88208.5 zmax=88208.5 kill=0
Checking overlaps for volume rf_44.2Pipe:0 (G4Tubs) ... OK! 
Checking overlaps for volume rf_44.2UsWall:0 (G4Tubs) ... OK! 
Checking overlaps for volume rf_44.2DsWall:0 (G4Tubs) ... OK! 
Checking overlaps for volume rf_44.2DsHalf:0 (G4Tubs) ... OK! 
Checking overlaps for volume rf_44.2TimingVol:0 (G4Tubs) ... OK! 
Checking overlaps for volume rf_44.2:0 (G4Tubs) ... OK! 
BLCMDpillbox::construct rf_44.2 parent= relZ=88500.0 globZ=88500.0
	zmin=88405.3 zmax=88594.7
Checking overlaps for volume rf_window_44.2:0 (G4Tubs) ... OK! 
BLCMDtubs::Construct rf_window_44.2 parent= relZ=88402.8 globZ=88402.8
	zmin=88402.8 zmax=88402.8 kill=0
Checking overlaps for volume rf_44.3Pipe:0 (G4Tubs) ... OK! 
Checking overlaps for volume rf_44.3UsWall:0 (G4Tubs) ... OK! 
Checking overlaps for volume rf_44.3DsWall:0 (G4Tubs) ... OK! 
Checking overlaps for volume rf_44.3DsHalf:0 (G4Tubs) ... OK! 
Checking overlaps for volume rf_44.3TimingVol:0 (G4Tubs) ... OK! 
Checking overlaps for volume rf_44.3:0 (G4Tubs) ... OK! 
BLCMDpillbox::construct rf_44.3 parent= relZ=88694.4 globZ=88694.4
	zmin=88599.7 zmax=88789.0
Checking overlaps for volume rf_window_44.3:0 (G4Tubs) ... OK! 
BLCMDtubs::Construct rf_window_44.3 parent= relZ=88597.2 globZ=88597.2
	zmin=88597.2 zmax=88597.2 kill=0
Checking overlaps for volume rf_window_44.3:0 (G4Tubs) ... OK! 
BLCMDtubs::Construct rf_window_44.3 parent= relZ=88791.5 globZ=88791.5
	zmin=88791.5 zmax=88791.5 kill=0
Checking overlaps for volume wedge_marker_c_44:0 (G4Tubs) ... OK! 
BLCMDtubs::Construct wedge_marker_c_44 parent= relZ=88990.0 globZ=88990.0
	zmin=88989.5 zmax=88990.5 kill=0
Checking overlaps for volume wedge_marker_d_44:0 (G4Tubs) ... OK! 
BLCMDtubs::Construct wedge_marker_d_44 parent= relZ=89010.0 globZ=89010.0
	zmin=89009.5 zmax=89010.5 kill=0
Checking overlaps for volume wedge44:0 (G4IntersectionSolid) ... OK! 
BLCMDboolean::Construct wedge44 parent= relZ=89000.0 globZ=89000.0
	zmin=88775.0 zmax=89225.0
Checking overlaps for volume rf_b_44.1Pipe:0 (G4Tubs) ... OK! 
Checking overlaps for volume rf_b_44.1UsWall:0 (G4Tubs) ... OK! 
Checking overlaps for volume rf_b_44.1DsWall:0 (G4Tubs) ... OK! 
Checking overlaps for volume rf_b_44.1DsHalf:0 (G4Tubs) ... OK! 
Checking overlaps for volume rf_b_44.1TimingVol:0 (G4Tubs) ... OK! 
Checking overlaps for volume rf_b_44.1:0 (G4Tubs) ... OK! 
BLCMDpillbox::construct rf_b_44.1 parent= relZ=89305.6 globZ=89305.6
	zmin=89211.0 zmax=89400.3
Checking overlaps for volume rf_window_b_44.1:0 (G4Tubs) ... OK! 
BLCMDtubs::Construct rf_window_b_44.1 parent= relZ=89208.5 globZ=89208.5
	zmin=89208.5 zmax=89208.5 kill=0
Checking overlaps for volume rf_b_44.2Pipe:0 (G4Tubs) ... OK! 
Checking overlaps for volume rf_b_44.2UsWall:0 (G4Tubs) ... OK! 
Checking overlaps for volume rf_b_44.2DsWall:0 (G4Tubs) ... OK! 
Checking overlaps for volume rf_b_44.2DsHalf:0 (G4Tubs) ... OK! 
Checking overlaps for volume rf_b_44.2TimingVol:0 (G4Tubs) ... OK! 
Checking overlaps for volume rf_b_44.2:0 (G4Tubs) ... OK! 
BLCMDpillbox::construct rf_b_44.2 parent= relZ=89500.0 globZ=89500.0
	zmin=89405.3 zmax=89594.7
Checking overlaps for volume rf_window_b_44.2:0 (G4Tubs) ... OK! 
BLCMDtubs::Construct rf_window_b_44.2 parent= relZ=89402.8 globZ=89402.8
	zmin=89402.8 zmax=89402.8 kill=0
Checking overlaps for volume rf_b_44.3Pipe:0 (G4Tubs) ... OK! 
Checking overlaps for volume rf_b_44.3UsWall:0 (G4Tubs) ... OK! 
Checking overlaps for volume rf_b_44.3DsWall:0 (G4Tubs) ... OK! 
Checking overlaps for volume rf_b_44.3DsHalf:0 (G4Tubs) ... OK! 
Checking overlaps for volume rf_b_44.3TimingVol:0 (G4Tubs) ... OK! 
Checking overlaps for volume rf_b_44.3:0 (G4Tubs) ... OK! 
BLCMDpillbox::construct rf_b_44.3 parent= relZ=89694.4 globZ=89694.4
	zmin=89599.7 zmax=89789.0
Checking overlaps for volume rf_window_b_44.3:0 (G4Tubs) ... OK! 
BLCMDtubs::Construct rf_window_b_44.3 parent= relZ=89597.2 globZ=89597.2
	zmin=89597.2 zmax=89597.2 kill=0
Checking overlaps for volume rf_window_b_44.3:0 (G4Tubs) ... OK! 
BLCMDtubs::Construct rf_window_b_44.3 parent= relZ=89791.5 globZ=89791.5
	zmin=89791.5 zmax=89791.5 kill=0
Checking overlaps for volume wedge_marker_a_45:0 (G4Tubs) ... OK! 
BLCMDtubs::Construct wedge_marker_a_45 parent= relZ=89990.0 globZ=89990.0
	zmin=89989.5 zmax=89990.5 kill=0
Checking overlaps for volume wedge_marker_b_45:0 (G4Tubs) ... OK! 
BLCMDtubs::Construct wedge_marker_b_45 parent= relZ=90010.0 globZ=90010.0
	zmin=90009.5 zmax=90010.5 kill=0
Checking overlaps for volume wedge45:0 (G4IntersectionSolid) ... OK! 
BLCMDboolean::Construct wedge45 parent= relZ=90000.0 globZ=90000.0
	zmin=89775.0 zmax=90225.0
Checking overlaps for volume rf_45.1Pipe:0 (G4Tubs) ... OK! 
Checking overlaps for volume rf_45.1UsWall:0 (G4Tubs) ... OK! 
Checking overlaps for volume rf_45.1DsWall:0 (G4Tubs) ... OK! 
Checking overlaps for volume rf_45.1DsHalf:0 (G4Tubs) ... OK! 
Checking overlaps for volume rf_45.1TimingVol:0 (G4Tubs) ... OK! 
Checking overlaps for volume rf_45.1:0 (G4Tubs) ... OK! 
BLCMDpillbox::construct rf_45.1 parent= relZ=90305.6 globZ=90305.6
	zmin=90211.0 zmax=90400.3
Checking overlaps for volume rf_window_45.1:0 (G4Tubs) ... OK! 
BLCMDtubs::Construct rf_window_45.1 parent= relZ=90208.5 globZ=90208.5
	zmin=90208.5 zmax=90208.5 kill=0
Checking overlaps for volume rf_45.2Pipe:0 (G4Tubs) ... OK! 
Checking overlaps for volume rf_45.2UsWall:0 (G4Tubs) ... OK! 
Checking overlaps for volume rf_45.2DsWall:0 (G4Tubs) ... OK! 
Checking overlaps for volume rf_45.2DsHalf:0 (G4Tubs) ... OK! 
Checking overlaps for volume rf_45.2TimingVol:0 (G4Tubs) ... OK! 
Checking overlaps for volume rf_45.2:0 (G4Tubs) ... OK! 
BLCMDpillbox::construct rf_45.2 parent= relZ=90500.0 globZ=90500.0
	zmin=90405.3 zmax=90594.7
Checking overlaps for volume rf_window_45.2:0 (G4Tubs) ... OK! 
BLCMDtubs::Construct rf_window_45.2 parent= relZ=90402.8 globZ=90402.8
	zmin=90402.8 zmax=90402.8 kill=0
Checking overlaps for volume rf_45.3Pipe:0 (G4Tubs) ... OK! 
Checking overlaps for volume rf_45.3UsWall:0 (G4Tubs) ... OK! 
Checking overlaps for volume rf_45.3DsWall:0 (G4Tubs) ... OK! 
Checking overlaps for volume rf_45.3DsHalf:0 (G4Tubs) ... OK! 
Checking overlaps for volume rf_45.3TimingVol:0 (G4Tubs) ... OK! 
Checking overlaps for volume rf_45.3:0 (G4Tubs) ... OK! 
BLCMDpillbox::construct rf_45.3 parent= relZ=90694.4 globZ=90694.4
	zmin=90599.7 zmax=90789.0
Checking overlaps for volume rf_window_45.3:0 (G4Tubs) ... OK! 
BLCMDtubs::Construct rf_window_45.3 parent= relZ=90597.2 globZ=90597.2
	zmin=90597.2 zmax=90597.2 kill=0
Checking overlaps for volume rf_window_45.3:0 (G4Tubs) ... OK! 
BLCMDtubs::Construct rf_window_45.3 parent= relZ=90791.5 globZ=90791.5
	zmin=90791.5 zmax=90791.5 kill=0
Checking overlaps for volume wedge_marker_c_45:0 (G4Tubs) ... OK! 
BLCMDtubs::Construct wedge_marker_c_45 parent= relZ=90990.0 globZ=90990.0
	zmin=90989.5 zmax=90990.5 kill=0
Checking overlaps for volume wedge_marker_d_45:0 (G4Tubs) ... OK! 
BLCMDtubs::Construct wedge_marker_d_45 parent= relZ=91010.0 globZ=91010.0
	zmin=91009.5 zmax=91010.5 kill=0
Checking overlaps for volume wedge45:0 (G4IntersectionSolid) ... OK! 
BLCMDboolean::Construct wedge45 parent= relZ=91000.0 globZ=91000.0
	zmin=90775.0 zmax=91225.0
Checking overlaps for volume rf_b_45.1Pipe:0 (G4Tubs) ... OK! 
Checking overlaps for volume rf_b_45.1UsWall:0 (G4Tubs) ... OK! 
Checking overlaps for volume rf_b_45.1DsWall:0 (G4Tubs) ... OK! 
Checking overlaps for volume rf_b_45.1DsHalf:0 (G4Tubs) ... OK! 
Checking overlaps for volume rf_b_45.1TimingVol:0 (G4Tubs) ... OK! 
Checking overlaps for volume rf_b_45.1:0 (G4Tubs) ... OK! 
BLCMDpillbox::construct rf_b_45.1 parent= relZ=91305.6 globZ=91305.6
	zmin=91211.0 zmax=91400.3
Checking overlaps for volume rf_window_b_45.1:0 (G4Tubs) ... OK! 
BLCMDtubs::Construct rf_window_b_45.1 parent= relZ=91208.5 globZ=91208.5
	zmin=91208.5 zmax=91208.5 kill=0
Checking overlaps for volume rf_b_45.2Pipe:0 (G4Tubs) ... OK! 
Checking overlaps for volume rf_b_45.2UsWall:0 (G4Tubs) ... OK! 
Checking overlaps for volume rf_b_45.2DsWall:0 (G4Tubs) ... OK! 
Checking overlaps for volume rf_b_45.2DsHalf:0 (G4Tubs) ... OK! 
Checking overlaps for volume rf_b_45.2TimingVol:0 (G4Tubs) ... OK! 
Checking overlaps for volume rf_b_45.2:0 (G4Tubs) ... OK! 
BLCMDpillbox::construct rf_b_45.2 parent= relZ=91500.0 globZ=91500.0
	zmin=91405.3 zmax=91594.7
Checking overlaps for volume rf_window_b_45.2:0 (G4Tubs) ... OK! 
BLCMDtubs::Construct rf_window_b_45.2 parent= relZ=91402.8 globZ=91402.8
	zmin=91402.8 zmax=91402.8 kill=0
Checking overlaps for volume rf_b_45.3Pipe:0 (G4Tubs) ... OK! 
Checking overlaps for volume rf_b_45.3UsWall:0 (G4Tubs) ... OK! 
Checking overlaps for volume rf_b_45.3DsWall:0 (G4Tubs) ... OK! 
Checking overlaps for volume rf_b_45.3DsHalf:0 (G4Tubs) ... OK! 
Checking overlaps for volume rf_b_45.3TimingVol:0 (G4Tubs) ... OK! 
Checking overlaps for volume rf_b_45.3:0 (G4Tubs) ... OK! 
BLCMDpillbox::construct rf_b_45.3 parent= relZ=91694.4 globZ=91694.4
	zmin=91599.7 zmax=91789.0
Checking overlaps for volume rf_window_b_45.3:0 (G4Tubs) ... OK! 
BLCMDtubs::Construct rf_window_b_45.3 parent= relZ=91597.2 globZ=91597.2
	zmin=91597.2 zmax=91597.2 kill=0
Checking overlaps for volume rf_window_b_45.3:0 (G4Tubs) ... OK! 
BLCMDtubs::Construct rf_window_b_45.3 parent= relZ=91791.5 globZ=91791.5
	zmin=91791.5 zmax=91791.5 kill=0
Checking overlaps for volume wedge_marker_a_46:0 (G4Tubs) ... OK! 
BLCMDtubs::Construct wedge_marker_a_46 parent= relZ=91990.0 globZ=91990.0
	zmin=91989.5 zmax=91990.5 kill=0
Checking overlaps for volume wedge_marker_b_46:0 (G4Tubs) ... OK! 
BLCMDtubs::Construct wedge_marker_b_46 parent= relZ=92010.0 globZ=92010.0
	zmin=92009.5 zmax=92010.5 kill=0
Checking overlaps for volume wedge46:0 (G4IntersectionSolid) ... OK! 
BLCMDboolean::Construct wedge46 parent= relZ=92000.0 globZ=92000.0
	zmin=91775.0 zmax=92225.0
Checking overlaps for volume rf_46.1Pipe:0 (G4Tubs) ... OK! 
Checking overlaps for volume rf_46.1UsWall:0 (G4Tubs) ... OK! 
Checking overlaps for volume rf_46.1DsWall:0 (G4Tubs) ... OK! 
Checking overlaps for volume rf_46.1DsHalf:0 (G4Tubs) ... OK! 
Checking overlaps for volume rf_46.1TimingVol:0 (G4Tubs) ... OK! 
Checking overlaps for volume rf_46.1:0 (G4Tubs) ... OK! 
BLCMDpillbox::construct rf_46.1 parent= relZ=92305.6 globZ=92305.6
	zmin=92211.0 zmax=92400.3
Checking overlaps for volume rf_window_46.1:0 (G4Tubs) ... OK! 
BLCMDtubs::Construct rf_window_46.1 parent= relZ=92208.5 globZ=92208.5
	zmin=92208.5 zmax=92208.5 kill=0
Checking overlaps for volume rf_46.2Pipe:0 (G4Tubs) ... OK! 
Checking overlaps for volume rf_46.2UsWall:0 (G4Tubs) ... OK! 
Checking overlaps for volume rf_46.2DsWall:0 (G4Tubs) ... OK! 
Checking overlaps for volume rf_46.2DsHalf:0 (G4Tubs) ... OK! 
Checking overlaps for volume rf_46.2TimingVol:0 (G4Tubs) ... OK! 
Checking overlaps for volume rf_46.2:0 (G4Tubs) ... OK! 
BLCMDpillbox::construct rf_46.2 parent= relZ=92500.0 globZ=92500.0
	zmin=92405.3 zmax=92594.7
Checking overlaps for volume rf_window_46.2:0 (G4Tubs) ... OK! 
BLCMDtubs::Construct rf_window_46.2 parent= relZ=92402.8 globZ=92402.8
	zmin=92402.8 zmax=92402.8 kill=0
Checking overlaps for volume rf_46.3Pipe:0 (G4Tubs) ... OK! 
Checking overlaps for volume rf_46.3UsWall:0 (G4Tubs) ... OK! 
Checking overlaps for volume rf_46.3DsWall:0 (G4Tubs) ... OK! 
Checking overlaps for volume rf_46.3DsHalf:0 (G4Tubs) ... OK! 
Checking overlaps for volume rf_46.3TimingVol:0 (G4Tubs) ... OK! 
Checking overlaps for volume rf_46.3:0 (G4Tubs) ... OK! 
BLCMDpillbox::construct rf_46.3 parent= relZ=92694.4 globZ=92694.4
	zmin=92599.7 zmax=92789.0
Checking overlaps for volume rf_window_46.3:0 (G4Tubs) ... OK! 
BLCMDtubs::Construct rf_window_46.3 parent= relZ=92597.2 globZ=92597.2
	zmin=92597.2 zmax=92597.2 kill=0
Checking overlaps for volume rf_window_46.3:0 (G4Tubs) ... OK! 
BLCMDtubs::Construct rf_window_46.3 parent= relZ=92791.5 globZ=92791.5
	zmin=92791.5 zmax=92791.5 kill=0
Checking overlaps for volume wedge_marker_c_46:0 (G4Tubs) ... OK! 
BLCMDtubs::Construct wedge_marker_c_46 parent= relZ=92990.0 globZ=92990.0
	zmin=92989.5 zmax=92990.5 kill=0
Checking overlaps for volume wedge_marker_d_46:0 (G4Tubs) ... OK! 
BLCMDtubs::Construct wedge_marker_d_46 parent= relZ=93010.0 globZ=93010.0
	zmin=93009.5 zmax=93010.5 kill=0
Checking overlaps for volume wedge46:0 (G4IntersectionSolid) ... OK! 
BLCMDboolean::Construct wedge46 parent= relZ=93000.0 globZ=93000.0
	zmin=92775.0 zmax=93225.0
Checking overlaps for volume rf_b_46.1Pipe:0 (G4Tubs) ... OK! 
Checking overlaps for volume rf_b_46.1UsWall:0 (G4Tubs) ... OK! 
Checking overlaps for volume rf_b_46.1DsWall:0 (G4Tubs) ... OK! 
Checking overlaps for volume rf_b_46.1DsHalf:0 (G4Tubs) ... OK! 
Checking overlaps for volume rf_b_46.1TimingVol:0 (G4Tubs) ... OK! 
Checking overlaps for volume rf_b_46.1:0 (G4Tubs) ... OK! 
BLCMDpillbox::construct rf_b_46.1 parent= relZ=93305.6 globZ=93305.6
	zmin=93211.0 zmax=93400.3
Checking overlaps for volume rf_window_b_46.1:0 (G4Tubs) ... OK! 
BLCMDtubs::Construct rf_window_b_46.1 parent= relZ=93208.5 globZ=93208.5
	zmin=93208.5 zmax=93208.5 kill=0
Checking overlaps for volume rf_b_46.2Pipe:0 (G4Tubs) ... OK! 
Checking overlaps for volume rf_b_46.2UsWall:0 (G4Tubs) ... OK! 
Checking overlaps for volume rf_b_46.2DsWall:0 (G4Tubs) ... OK! 
Checking overlaps for volume rf_b_46.2DsHalf:0 (G4Tubs) ... OK! 
Checking overlaps for volume rf_b_46.2TimingVol:0 (G4Tubs) ... OK! 
Checking overlaps for volume rf_b_46.2:0 (G4Tubs) ... OK! 
BLCMDpillbox::construct rf_b_46.2 parent= relZ=93500.0 globZ=93500.0
	zmin=93405.3 zmax=93594.7
Checking overlaps for volume rf_window_b_46.2:0 (G4Tubs) ... OK! 
BLCMDtubs::Construct rf_window_b_46.2 parent= relZ=93402.8 globZ=93402.8
	zmin=93402.8 zmax=93402.8 kill=0
Checking overlaps for volume rf_b_46.3Pipe:0 (G4Tubs) ... OK! 
Checking overlaps for volume rf_b_46.3UsWall:0 (G4Tubs) ... OK! 
Checking overlaps for volume rf_b_46.3DsWall:0 (G4Tubs) ... OK! 
Checking overlaps for volume rf_b_46.3DsHalf:0 (G4Tubs) ... OK! 
Checking overlaps for volume rf_b_46.3TimingVol:0 (G4Tubs) ... OK! 
Checking overlaps for volume rf_b_46.3:0 (G4Tubs) ... OK! 
BLCMDpillbox::construct rf_b_46.3 parent= relZ=93694.4 globZ=93694.4
	zmin=93599.7 zmax=93789.0
Checking overlaps for volume rf_window_b_46.3:0 (G4Tubs) ... OK! 
BLCMDtubs::Construct rf_window_b_46.3 parent= relZ=93597.2 globZ=93597.2
	zmin=93597.2 zmax=93597.2 kill=0
Checking overlaps for volume rf_window_b_46.3:0 (G4Tubs) ... OK! 
BLCMDtubs::Construct rf_window_b_46.3 parent= relZ=93791.5 globZ=93791.5
	zmin=93791.5 zmax=93791.5 kill=0
Checking overlaps for volume wedge_marker_a_47:0 (G4Tubs) ... OK! 
BLCMDtubs::Construct wedge_marker_a_47 parent= relZ=93990.0 globZ=93990.0
	zmin=93989.5 zmax=93990.5 kill=0
Checking overlaps for volume wedge_marker_b_47:0 (G4Tubs) ... OK! 
BLCMDtubs::Construct wedge_marker_b_47 parent= relZ=94010.0 globZ=94010.0
	zmin=94009.5 zmax=94010.5 kill=0
Checking overlaps for volume wedge47:0 (G4IntersectionSolid) ... OK! 
BLCMDboolean::Construct wedge47 parent= relZ=94000.0 globZ=94000.0
	zmin=93775.0 zmax=94225.0
Checking overlaps for volume rf_47.1Pipe:0 (G4Tubs) ... OK! 
Checking overlaps for volume rf_47.1UsWall:0 (G4Tubs) ... OK! 
Checking overlaps for volume rf_47.1DsWall:0 (G4Tubs) ... OK! 
Checking overlaps for volume rf_47.1DsHalf:0 (G4Tubs) ... OK! 
Checking overlaps for volume rf_47.1TimingVol:0 (G4Tubs) ... OK! 
Checking overlaps for volume rf_47.1:0 (G4Tubs) ... OK! 
BLCMDpillbox::construct rf_47.1 parent= relZ=94305.6 globZ=94305.6
	zmin=94211.0 zmax=94400.3
Checking overlaps for volume rf_window_47.1:0 (G4Tubs) ... OK! 
BLCMDtubs::Construct rf_window_47.1 parent= relZ=94208.5 globZ=94208.5
	zmin=94208.5 zmax=94208.5 kill=0
Checking overlaps for volume rf_47.2Pipe:0 (G4Tubs) ... OK! 
Checking overlaps for volume rf_47.2UsWall:0 (G4Tubs) ... OK! 
Checking overlaps for volume rf_47.2DsWall:0 (G4Tubs) ... OK! 
Checking overlaps for volume rf_47.2DsHalf:0 (G4Tubs) ... OK! 
Checking overlaps for volume rf_47.2TimingVol:0 (G4Tubs) ... OK! 
Checking overlaps for volume rf_47.2:0 (G4Tubs) ... OK! 
BLCMDpillbox::construct rf_47.2 parent= relZ=94500.0 globZ=94500.0
	zmin=94405.3 zmax=94594.7
Checking overlaps for volume rf_window_47.2:0 (G4Tubs) ... OK! 
BLCMDtubs::Construct rf_window_47.2 parent= relZ=94402.8 globZ=94402.8
	zmin=94402.8 zmax=94402.8 kill=0
Checking overlaps for volume rf_47.3Pipe:0 (G4Tubs) ... OK! 
Checking overlaps for volume rf_47.3UsWall:0 (G4Tubs) ... OK! 
Checking overlaps for volume rf_47.3DsWall:0 (G4Tubs) ... OK! 
Checking overlaps for volume rf_47.3DsHalf:0 (G4Tubs) ... OK! 
Checking overlaps for volume rf_47.3TimingVol:0 (G4Tubs) ... OK! 
Checking overlaps for volume rf_47.3:0 (G4Tubs) ... OK! 
BLCMDpillbox::construct rf_47.3 parent= relZ=94694.4 globZ=94694.4
	zmin=94599.7 zmax=94789.0
Checking overlaps for volume rf_window_47.3:0 (G4Tubs) ... OK! 
BLCMDtubs::Construct rf_window_47.3 parent= relZ=94597.2 globZ=94597.2
	zmin=94597.2 zmax=94597.2 kill=0
Checking overlaps for volume rf_window_47.3:0 (G4Tubs) ... OK! 
BLCMDtubs::Construct rf_window_47.3 parent= relZ=94791.5 globZ=94791.5
	zmin=94791.5 zmax=94791.5 kill=0
Checking overlaps for volume wedge_marker_c_47:0 (G4Tubs) ... OK! 
BLCMDtubs::Construct wedge_marker_c_47 parent= relZ=94990.0 globZ=94990.0
	zmin=94989.5 zmax=94990.5 kill=0
Checking overlaps for volume wedge_marker_d_47:0 (G4Tubs) ... OK! 
BLCMDtubs::Construct wedge_marker_d_47 parent= relZ=95010.0 globZ=95010.0
	zmin=95009.5 zmax=95010.5 kill=0
Checking overlaps for volume wedge47:0 (G4IntersectionSolid) ... OK! 
BLCMDboolean::Construct wedge47 parent= relZ=95000.0 globZ=95000.0
	zmin=94775.0 zmax=95225.0
Checking overlaps for volume rf_b_47.1Pipe:0 (G4Tubs) ... OK! 
Checking overlaps for volume rf_b_47.1UsWall:0 (G4Tubs) ... OK! 
Checking overlaps for volume rf_b_47.1DsWall:0 (G4Tubs) ... OK! 
Checking overlaps for volume rf_b_47.1DsHalf:0 (G4Tubs) ... OK! 
Checking overlaps for volume rf_b_47.1TimingVol:0 (G4Tubs) ... OK! 
Checking overlaps for volume rf_b_47.1:0 (G4Tubs) ... OK! 
BLCMDpillbox::construct rf_b_47.1 parent= relZ=95305.6 globZ=95305.6
	zmin=95211.0 zmax=95400.3
Checking overlaps for volume rf_window_b_47.1:0 (G4Tubs) ... OK! 
BLCMDtubs::Construct rf_window_b_47.1 parent= relZ=95208.5 globZ=95208.5
	zmin=95208.5 zmax=95208.5 kill=0
Checking overlaps for volume rf_b_47.2Pipe:0 (G4Tubs) ... OK! 
Checking overlaps for volume rf_b_47.2UsWall:0 (G4Tubs) ... OK! 
Checking overlaps for volume rf_b_47.2DsWall:0 (G4Tubs) ... OK! 
Checking overlaps for volume rf_b_47.2DsHalf:0 (G4Tubs) ... OK! 
Checking overlaps for volume rf_b_47.2TimingVol:0 (G4Tubs) ... OK! 
Checking overlaps for volume rf_b_47.2:0 (G4Tubs) ... OK! 
BLCMDpillbox::construct rf_b_47.2 parent= relZ=95500.0 globZ=95500.0
	zmin=95405.3 zmax=95594.7
Checking overlaps for volume rf_window_b_47.2:0 (G4Tubs) ... OK! 
BLCMDtubs::Construct rf_window_b_47.2 parent= relZ=95402.8 globZ=95402.8
	zmin=95402.8 zmax=95402.8 kill=0
Checking overlaps for volume rf_b_47.3Pipe:0 (G4Tubs) ... OK! 
Checking overlaps for volume rf_b_47.3UsWall:0 (G4Tubs) ... OK! 
Checking overlaps for volume rf_b_47.3DsWall:0 (G4Tubs) ... OK! 
Checking overlaps for volume rf_b_47.3DsHalf:0 (G4Tubs) ... OK! 
Checking overlaps for volume rf_b_47.3TimingVol:0 (G4Tubs) ... OK! 
Checking overlaps for volume rf_b_47.3:0 (G4Tubs) ... OK! 
BLCMDpillbox::construct rf_b_47.3 parent= relZ=95694.4 globZ=95694.4
	zmin=95599.7 zmax=95789.0
Checking overlaps for volume rf_window_b_47.3:0 (G4Tubs) ... OK! 
BLCMDtubs::Construct rf_window_b_47.3 parent= relZ=95597.2 globZ=95597.2
	zmin=95597.2 zmax=95597.2 kill=0
Checking overlaps for volume rf_window_b_47.3:0 (G4Tubs) ... OK! 
BLCMDtubs::Construct rf_window_b_47.3 parent= relZ=95791.5 globZ=95791.5
	zmin=95791.5 zmax=95791.5 kill=0
Checking overlaps for volume wedge_marker_a_48:0 (G4Tubs) ... OK! 
BLCMDtubs::Construct wedge_marker_a_48 parent= relZ=95990.0 globZ=95990.0
	zmin=95989.5 zmax=95990.5 kill=0
Checking overlaps for volume wedge_marker_b_48:0 (G4Tubs) ... OK! 
BLCMDtubs::Construct wedge_marker_b_48 parent= relZ=96010.0 globZ=96010.0
	zmin=96009.5 zmax=96010.5 kill=0
Checking overlaps for volume wedge48:0 (G4IntersectionSolid) ... OK! 
BLCMDboolean::Construct wedge48 parent= relZ=96000.0 globZ=96000.0
	zmin=95775.0 zmax=96225.0
Checking overlaps for volume rf_48.1Pipe:0 (G4Tubs) ... OK! 
Checking overlaps for volume rf_48.1UsWall:0 (G4Tubs) ... OK! 
Checking overlaps for volume rf_48.1DsWall:0 (G4Tubs) ... OK! 
Checking overlaps for volume rf_48.1DsHalf:0 (G4Tubs) ... OK! 
Checking overlaps for volume rf_48.1TimingVol:0 (G4Tubs) ... OK! 
Checking overlaps for volume rf_48.1:0 (G4Tubs) ... OK! 
BLCMDpillbox::construct rf_48.1 parent= relZ=96305.6 globZ=96305.6
	zmin=96211.0 zmax=96400.3
Checking overlaps for volume rf_window_48.1:0 (G4Tubs) ... OK! 
BLCMDtubs::Construct rf_window_48.1 parent= relZ=96208.5 globZ=96208.5
	zmin=96208.5 zmax=96208.5 kill=0
Checking overlaps for volume rf_48.2Pipe:0 (G4Tubs) ... OK! 
Checking overlaps for volume rf_48.2UsWall:0 (G4Tubs) ... OK! 
Checking overlaps for volume rf_48.2DsWall:0 (G4Tubs) ... OK! 
Checking overlaps for volume rf_48.2DsHalf:0 (G4Tubs) ... OK! 
Checking overlaps for volume rf_48.2TimingVol:0 (G4Tubs) ... OK! 
Checking overlaps for volume rf_48.2:0 (G4Tubs) ... OK! 
BLCMDpillbox::construct rf_48.2 parent= relZ=96500.0 globZ=96500.0
	zmin=96405.3 zmax=96594.7
Checking overlaps for volume rf_window_48.2:0 (G4Tubs) ... OK! 
BLCMDtubs::Construct rf_window_48.2 parent= relZ=96402.8 globZ=96402.8
	zmin=96402.8 zmax=96402.8 kill=0
Checking overlaps for volume rf_48.3Pipe:0 (G4Tubs) ... OK! 
Checking overlaps for volume rf_48.3UsWall:0 (G4Tubs) ... OK! 
Checking overlaps for volume rf_48.3DsWall:0 (G4Tubs) ... OK! 
Checking overlaps for volume rf_48.3DsHalf:0 (G4Tubs) ... OK! 
Checking overlaps for volume rf_48.3TimingVol:0 (G4Tubs) ... OK! 
Checking overlaps for volume rf_48.3:0 (G4Tubs) ... OK! 
BLCMDpillbox::construct rf_48.3 parent= relZ=96694.4 globZ=96694.4
	zmin=96599.7 zmax=96789.0
Checking overlaps for volume rf_window_48.3:0 (G4Tubs) ... OK! 
BLCMDtubs::Construct rf_window_48.3 parent= relZ=96597.2 globZ=96597.2
	zmin=96597.2 zmax=96597.2 kill=0
Checking overlaps for volume rf_window_48.3:0 (G4Tubs) ... OK! 
BLCMDtubs::Construct rf_window_48.3 parent= relZ=96791.5 globZ=96791.5
	zmin=96791.5 zmax=96791.5 kill=0
Checking overlaps for volume wedge_marker_c_48:0 (G4Tubs) ... OK! 
BLCMDtubs::Construct wedge_marker_c_48 parent= relZ=96990.0 globZ=96990.0
	zmin=96989.5 zmax=96990.5 kill=0
Checking overlaps for volume wedge_marker_d_48:0 (G4Tubs) ... OK! 
BLCMDtubs::Construct wedge_marker_d_48 parent= relZ=97010.0 globZ=97010.0
	zmin=97009.5 zmax=97010.5 kill=0
Checking overlaps for volume wedge48:0 (G4IntersectionSolid) ... OK! 
BLCMDboolean::Construct wedge48 parent= relZ=97000.0 globZ=97000.0
	zmin=96775.0 zmax=97225.0
Checking overlaps for volume rf_b_48.1Pipe:0 (G4Tubs) ... OK! 
Checking overlaps for volume rf_b_48.1UsWall:0 (G4Tubs) ... OK! 
Checking overlaps for volume rf_b_48.1DsWall:0 (G4Tubs) ... OK! 
Checking overlaps for volume rf_b_48.1DsHalf:0 (G4Tubs) ... OK! 
Checking overlaps for volume rf_b_48.1TimingVol:0 (G4Tubs) ... OK! 
Checking overlaps for volume rf_b_48.1:0 (G4Tubs) ... OK! 
BLCMDpillbox::construct rf_b_48.1 parent= relZ=97305.6 globZ=97305.6
	zmin=97211.0 zmax=97400.3
Checking overlaps for volume rf_window_b_48.1:0 (G4Tubs) ... OK! 
BLCMDtubs::Construct rf_window_b_48.1 parent= relZ=97208.5 globZ=97208.5
	zmin=97208.5 zmax=97208.5 kill=0
Checking overlaps for volume rf_b_48.2Pipe:0 (G4Tubs) ... OK! 
Checking overlaps for volume rf_b_48.2UsWall:0 (G4Tubs) ... OK! 
Checking overlaps for volume rf_b_48.2DsWall:0 (G4Tubs) ... OK! 
Checking overlaps for volume rf_b_48.2DsHalf:0 (G4Tubs) ... OK! 
Checking overlaps for volume rf_b_48.2TimingVol:0 (G4Tubs) ... OK! 
Checking overlaps for volume rf_b_48.2:0 (G4Tubs) ... OK! 
BLCMDpillbox::construct rf_b_48.2 parent= relZ=97500.0 globZ=97500.0
	zmin=97405.3 zmax=97594.7
Checking overlaps for volume rf_window_b_48.2:0 (G4Tubs) ... OK! 
BLCMDtubs::Construct rf_window_b_48.2 parent= relZ=97402.8 globZ=97402.8
	zmin=97402.8 zmax=97402.8 kill=0
Checking overlaps for volume rf_b_48.3Pipe:0 (G4Tubs) ... OK! 
Checking overlaps for volume rf_b_48.3UsWall:0 (G4Tubs) ... OK! 
Checking overlaps for volume rf_b_48.3DsWall:0 (G4Tubs) ... OK! 
Checking overlaps for volume rf_b_48.3DsHalf:0 (G4Tubs) ... OK! 
Checking overlaps for volume rf_b_48.3TimingVol:0 (G4Tubs) ... OK! 
Checking overlaps for volume rf_b_48.3:0 (G4Tubs) ... OK! 
BLCMDpillbox::construct rf_b_48.3 parent= relZ=97694.4 globZ=97694.4
	zmin=97599.7 zmax=97789.0
Checking overlaps for volume rf_window_b_48.3:0 (G4Tubs) ... OK! 
BLCMDtubs::Construct rf_window_b_48.3 parent= relZ=97597.2 globZ=97597.2
	zmin=97597.2 zmax=97597.2 kill=0
Checking overlaps for volume rf_window_b_48.3:0 (G4Tubs) ... OK! 
BLCMDtubs::Construct rf_window_b_48.3 parent= relZ=97791.5 globZ=97791.5
	zmin=97791.5 zmax=97791.5 kill=0
Checking overlaps for volume wedge_marker_a_49:0 (G4Tubs) ... OK! 
BLCMDtubs::Construct wedge_marker_a_49 parent= relZ=97990.0 globZ=97990.0
	zmin=97989.5 zmax=97990.5 kill=0
Checking overlaps for volume wedge_marker_b_49:0 (G4Tubs) ... OK! 
BLCMDtubs::Construct wedge_marker_b_49 parent= relZ=98010.0 globZ=98010.0
	zmin=98009.5 zmax=98010.5 kill=0
Checking overlaps for volume wedge49:0 (G4IntersectionSolid) ... OK! 
BLCMDboolean::Construct wedge49 parent= relZ=98000.0 globZ=98000.0
	zmin=97775.0 zmax=98225.0
Checking overlaps for volume rf_49.1Pipe:0 (G4Tubs) ... OK! 
Checking overlaps for volume rf_49.1UsWall:0 (G4Tubs) ... OK! 
Checking overlaps for volume rf_49.1DsWall:0 (G4Tubs) ... OK! 
Checking overlaps for volume rf_49.1DsHalf:0 (G4Tubs) ... OK! 
Checking overlaps for volume rf_49.1TimingVol:0 (G4Tubs) ... OK! 
Checking overlaps for volume rf_49.1:0 (G4Tubs) ... OK! 
BLCMDpillbox::construct rf_49.1 parent= relZ=98305.6 globZ=98305.6
	zmin=98211.0 zmax=98400.3
Checking overlaps for volume rf_window_49.1:0 (G4Tubs) ... OK! 
BLCMDtubs::Construct rf_window_49.1 parent= relZ=98208.5 globZ=98208.5
	zmin=98208.5 zmax=98208.5 kill=0
Checking overlaps for volume rf_49.2Pipe:0 (G4Tubs) ... OK! 
Checking overlaps for volume rf_49.2UsWall:0 (G4Tubs) ... OK! 
Checking overlaps for volume rf_49.2DsWall:0 (G4Tubs) ... OK! 
Checking overlaps for volume rf_49.2DsHalf:0 (G4Tubs) ... OK! 
Checking overlaps for volume rf_49.2TimingVol:0 (G4Tubs) ... OK! 
Checking overlaps for volume rf_49.2:0 (G4Tubs) ... OK! 
BLCMDpillbox::construct rf_49.2 parent= relZ=98500.0 globZ=98500.0
	zmin=98405.3 zmax=98594.7
Checking overlaps for volume rf_window_49.2:0 (G4Tubs) ... OK! 
BLCMDtubs::Construct rf_window_49.2 parent= relZ=98402.8 globZ=98402.8
	zmin=98402.8 zmax=98402.8 kill=0
Checking overlaps for volume rf_49.3Pipe:0 (G4Tubs) ... OK! 
Checking overlaps for volume rf_49.3UsWall:0 (G4Tubs) ... OK! 
Checking overlaps for volume rf_49.3DsWall:0 (G4Tubs) ... OK! 
Checking overlaps for volume rf_49.3DsHalf:0 (G4Tubs) ... OK! 
Checking overlaps for volume rf_49.3TimingVol:0 (G4Tubs) ... OK! 
Checking overlaps for volume rf_49.3:0 (G4Tubs) ... OK! 
BLCMDpillbox::construct rf_49.3 parent= relZ=98694.4 globZ=98694.4
	zmin=98599.7 zmax=98789.0
Checking overlaps for volume rf_window_49.3:0 (G4Tubs) ... OK! 
BLCMDtubs::Construct rf_window_49.3 parent= relZ=98597.2 globZ=98597.2
	zmin=98597.2 zmax=98597.2 kill=0
Checking overlaps for volume rf_window_49.3:0 (G4Tubs) ... OK! 
BLCMDtubs::Construct rf_window_49.3 parent= relZ=98791.5 globZ=98791.5
	zmin=98791.5 zmax=98791.5 kill=0
Checking overlaps for volume wedge_marker_c_49:0 (G4Tubs) ... OK! 
BLCMDtubs::Construct wedge_marker_c_49 parent= relZ=98990.0 globZ=98990.0
	zmin=98989.5 zmax=98990.5 kill=0
Checking overlaps for volume wedge_marker_d_49:0 (G4Tubs) ... OK! 
BLCMDtubs::Construct wedge_marker_d_49 parent= relZ=99010.0 globZ=99010.0
	zmin=99009.5 zmax=99010.5 kill=0
Checking overlaps for volume wedge49:0 (G4IntersectionSolid) ... OK! 
BLCMDboolean::Construct wedge49 parent= relZ=99000.0 globZ=99000.0
	zmin=98775.0 zmax=99225.0
Checking overlaps for volume rf_b_49.1Pipe:0 (G4Tubs) ... OK! 
Checking overlaps for volume rf_b_49.1UsWall:0 (G4Tubs) ... OK! 
Checking overlaps for volume rf_b_49.1DsWall:0 (G4Tubs) ... OK! 
Checking overlaps for volume rf_b_49.1DsHalf:0 (G4Tubs) ... OK! 
Checking overlaps for volume rf_b_49.1TimingVol:0 (G4Tubs) ... OK! 
Checking overlaps for volume rf_b_49.1:0 (G4Tubs) ... OK! 
BLCMDpillbox::construct rf_b_49.1 parent= relZ=99305.6 globZ=99305.6
	zmin=99211.0 zmax=99400.3
Checking overlaps for volume rf_window_b_49.1:0 (G4Tubs) ... OK! 
BLCMDtubs::Construct rf_window_b_49.1 parent= relZ=99208.5 globZ=99208.5
	zmin=99208.5 zmax=99208.5 kill=0
Checking overlaps for volume rf_b_49.2Pipe:0 (G4Tubs) ... OK! 
Checking overlaps for volume rf_b_49.2UsWall:0 (G4Tubs) ... OK! 
Checking overlaps for volume rf_b_49.2DsWall:0 (G4Tubs) ... OK! 
Checking overlaps for volume rf_b_49.2DsHalf:0 (G4Tubs) ... OK! 
Checking overlaps for volume rf_b_49.2TimingVol:0 (G4Tubs) ... OK! 
Checking overlaps for volume rf_b_49.2:0 (G4Tubs) ... OK! 
BLCMDpillbox::construct rf_b_49.2 parent= relZ=99500.0 globZ=99500.0
	zmin=99405.3 zmax=99594.7
Checking overlaps for volume rf_window_b_49.2:0 (G4Tubs) ... OK! 
BLCMDtubs::Construct rf_window_b_49.2 parent= relZ=99402.8 globZ=99402.8
	zmin=99402.8 zmax=99402.8 kill=0
Checking overlaps for volume rf_b_49.3Pipe:0 (G4Tubs) ... OK! 
Checking overlaps for volume rf_b_49.3UsWall:0 (G4Tubs) ... OK! 
Checking overlaps for volume rf_b_49.3DsWall:0 (G4Tubs) ... OK! 
Checking overlaps for volume rf_b_49.3DsHalf:0 (G4Tubs) ... OK! 
Checking overlaps for volume rf_b_49.3TimingVol:0 (G4Tubs) ... OK! 
Checking overlaps for volume rf_b_49.3:0 (G4Tubs) ... OK! 
BLCMDpillbox::construct rf_b_49.3 parent= relZ=99694.4 globZ=99694.4
	zmin=99599.7 zmax=99789.0
Checking overlaps for volume rf_window_b_49.3:0 (G4Tubs) ... OK! 
BLCMDtubs::Construct rf_window_b_49.3 parent= relZ=99597.2 globZ=99597.2
	zmin=99597.2 zmax=99597.2 kill=0
Checking overlaps for volume rf_window_b_49.3:0 (G4Tubs) ... OK! 
BLCMDtubs::Construct rf_window_b_49.3 parent= relZ=99791.5 globZ=99791.5
	zmin=99791.5 zmax=99791.5 kill=0
Checking overlaps for volume wedge_marker_a_50:0 (G4Tubs) ... OK! 
BLCMDtubs::Construct wedge_marker_a_50 parent= relZ=99990.0 globZ=99990.0
	zmin=99989.5 zmax=99990.5 kill=0
Checking overlaps for volume wedge_marker_b_50:0 (G4Tubs) ... OK! 
BLCMDtubs::Construct wedge_marker_b_50 parent= relZ=100010.0 globZ=100010.0
	zmin=100009.5 zmax=100010.5 kill=0
Checking overlaps for volume wedge50:0 (G4IntersectionSolid) ... OK! 
BLCMDboolean::Construct wedge50 parent= relZ=100000.0 globZ=100000.0
	zmin=99775.0 zmax=100225.0
Checking overlaps for volume rf_50.1Pipe:0 (G4Tubs) ... OK! 
Checking overlaps for volume rf_50.1UsWall:0 (G4Tubs) ... OK! 
Checking overlaps for volume rf_50.1DsWall:0 (G4Tubs) ... OK! 
Checking overlaps for volume rf_50.1DsHalf:0 (G4Tubs) ... OK! 
Checking overlaps for volume rf_50.1TimingVol:0 (G4Tubs) ... OK! 
Checking overlaps for volume rf_50.1:0 (G4Tubs) ... OK! 
BLCMDpillbox::construct rf_50.1 parent= relZ=100305.6 globZ=100305.6
	zmin=100211.0 zmax=100400.3
Checking overlaps for volume rf_window_50.1:0 (G4Tubs) ... OK! 
BLCMDtubs::Construct rf_window_50.1 parent= relZ=100208.5 globZ=100208.5
	zmin=100208.5 zmax=100208.5 kill=0
Checking overlaps for volume rf_50.2Pipe:0 (G4Tubs) ... OK! 
Checking overlaps for volume rf_50.2UsWall:0 (G4Tubs) ... OK! 
Checking overlaps for volume rf_50.2DsWall:0 (G4Tubs) ... OK! 
Checking overlaps for volume rf_50.2DsHalf:0 (G4Tubs) ... OK! 
Checking overlaps for volume rf_50.2TimingVol:0 (G4Tubs) ... OK! 
Checking overlaps for volume rf_50.2:0 (G4Tubs) ... OK! 
BLCMDpillbox::construct rf_50.2 parent= relZ=100500.0 globZ=100500.0
	zmin=100405.3 zmax=100594.7
Checking overlaps for volume rf_window_50.2:0 (G4Tubs) ... OK! 
BLCMDtubs::Construct rf_window_50.2 parent= relZ=100402.8 globZ=100402.8
	zmin=100402.8 zmax=100402.8 kill=0
Checking overlaps for volume rf_50.3Pipe:0 (G4Tubs) ... OK! 
Checking overlaps for volume rf_50.3UsWall:0 (G4Tubs) ... OK! 
Checking overlaps for volume rf_50.3DsWall:0 (G4Tubs) ... OK! 
Checking overlaps for volume rf_50.3DsHalf:0 (G4Tubs) ... OK! 
Checking overlaps for volume rf_50.3TimingVol:0 (G4Tubs) ... OK! 
Checking overlaps for volume rf_50.3:0 (G4Tubs) ... OK! 
BLCMDpillbox::construct rf_50.3 parent= relZ=100694.4 globZ=100694.4
	zmin=100599.7 zmax=100789.0
Checking overlaps for volume rf_window_50.3:0 (G4Tubs) ... OK! 
BLCMDtubs::Construct rf_window_50.3 parent= relZ=100597.2 globZ=100597.2
	zmin=100597.2 zmax=100597.2 kill=0
Checking overlaps for volume rf_window_50.3:0 (G4Tubs) ... OK! 
BLCMDtubs::Construct rf_window_50.3 parent= relZ=100791.5 globZ=100791.5
	zmin=100791.5 zmax=100791.5 kill=0
Checking overlaps for volume wedge_marker_c_50:0 (G4Tubs) ... OK! 
BLCMDtubs::Construct wedge_marker_c_50 parent= relZ=100990.0 globZ=100990.0
	zmin=100989.5 zmax=100990.5 kill=0
Checking overlaps for volume wedge_marker_d_50:0 (G4Tubs) ... OK! 
BLCMDtubs::Construct wedge_marker_d_50 parent= relZ=101010.0 globZ=101010.0
	zmin=101009.5 zmax=101010.5 kill=0
Checking overlaps for volume wedge50:0 (G4IntersectionSolid) ... OK! 
BLCMDboolean::Construct wedge50 parent= relZ=101000.0 globZ=101000.0
	zmin=100775.0 zmax=101225.0
Checking overlaps for volume rf_b_50.1Pipe:0 (G4Tubs) ... OK! 
Checking overlaps for volume rf_b_50.1UsWall:0 (G4Tubs) ... OK! 
Checking overlaps for volume rf_b_50.1DsWall:0 (G4Tubs) ... OK! 
Checking overlaps for volume rf_b_50.1DsHalf:0 (G4Tubs) ... OK! 
Checking overlaps for volume rf_b_50.1TimingVol:0 (G4Tubs) ... OK! 
Checking overlaps for volume rf_b_50.1:0 (G4Tubs) ... OK! 
BLCMDpillbox::construct rf_b_50.1 parent= relZ=101305.6 globZ=101305.6
	zmin=101211.0 zmax=101400.3
Checking overlaps for volume rf_window_b_50.1:0 (G4Tubs) ... OK! 
BLCMDtubs::Construct rf_window_b_50.1 parent= relZ=101208.5 globZ=101208.5
	zmin=101208.5 zmax=101208.5 kill=0
Checking overlaps for volume rf_b_50.2Pipe:0 (G4Tubs) ... OK! 
Checking overlaps for volume rf_b_50.2UsWall:0 (G4Tubs) ... OK! 
Checking overlaps for volume rf_b_50.2DsWall:0 (G4Tubs) ... OK! 
Checking overlaps for volume rf_b_50.2DsHalf:0 (G4Tubs) ... OK! 
Checking overlaps for volume rf_b_50.2TimingVol:0 (G4Tubs) ... OK! 
Checking overlaps for volume rf_b_50.2:0 (G4Tubs) ... OK! 
BLCMDpillbox::construct rf_b_50.2 parent= relZ=101500.0 globZ=101500.0
	zmin=101405.3 zmax=101594.7
Checking overlaps for volume rf_window_b_50.2:0 (G4Tubs) ... OK! 
BLCMDtubs::Construct rf_window_b_50.2 parent= relZ=101402.8 globZ=101402.8
	zmin=101402.8 zmax=101402.8 kill=0
Checking overlaps for volume rf_b_50.3Pipe:0 (G4Tubs) ... OK! 
Checking overlaps for volume rf_b_50.3UsWall:0 (G4Tubs) ... OK! 
Checking overlaps for volume rf_b_50.3DsWall:0 (G4Tubs) ... OK! 
Checking overlaps for volume rf_b_50.3DsHalf:0 (G4Tubs) ... OK! 
Checking overlaps for volume rf_b_50.3TimingVol:0 (G4Tubs) ... OK! 
Checking overlaps for volume rf_b_50.3:0 (G4Tubs) ... OK! 
BLCMDpillbox::construct rf_b_50.3 parent= relZ=101694.4 globZ=101694.4
	zmin=101599.7 zmax=101789.0
Checking overlaps for volume rf_window_b_50.3:0 (G4Tubs) ... OK! 
BLCMDtubs::Construct rf_window_b_50.3 parent= relZ=101597.2 globZ=101597.2
	zmin=101597.2 zmax=101597.2 kill=0
Checking overlaps for volume rf_window_b_50.3:0 (G4Tubs) ... OK! 
BLCMDtubs::Construct rf_window_b_50.3 parent= relZ=101791.5 globZ=101791.5
	zmin=101791.5 zmax=101791.5 kill=0
Checking overlaps for volume wedge_marker_a_51:0 (G4Tubs) ... OK! 
BLCMDtubs::Construct wedge_marker_a_51 parent= relZ=101990.0 globZ=101990.0
	zmin=101989.5 zmax=101990.5 kill=0
Checking overlaps for volume wedge_marker_b_51:0 (G4Tubs) ... OK! 
BLCMDtubs::Construct wedge_marker_b_51 parent= relZ=102010.0 globZ=102010.0
	zmin=102009.5 zmax=102010.5 kill=0
Checking overlaps for volume wedge51:0 (G4IntersectionSolid) ... OK! 
BLCMDboolean::Construct wedge51 parent= relZ=102000.0 globZ=102000.0
	zmin=101775.0 zmax=102225.0
Checking overlaps for volume rf_51.1Pipe:0 (G4Tubs) ... OK! 
Checking overlaps for volume rf_51.1UsWall:0 (G4Tubs) ... OK! 
Checking overlaps for volume rf_51.1DsWall:0 (G4Tubs) ... OK! 
Checking overlaps for volume rf_51.1DsHalf:0 (G4Tubs) ... OK! 
Checking overlaps for volume rf_51.1TimingVol:0 (G4Tubs) ... OK! 
Checking overlaps for volume rf_51.1:0 (G4Tubs) ... OK! 
BLCMDpillbox::construct rf_51.1 parent= relZ=102305.6 globZ=102305.6
	zmin=102211.0 zmax=102400.3
Checking overlaps for volume rf_window_51.1:0 (G4Tubs) ... OK! 
BLCMDtubs::Construct rf_window_51.1 parent= relZ=102208.5 globZ=102208.5
	zmin=102208.5 zmax=102208.5 kill=0
Checking overlaps for volume rf_51.2Pipe:0 (G4Tubs) ... OK! 
Checking overlaps for volume rf_51.2UsWall:0 (G4Tubs) ... OK! 
Checking overlaps for volume rf_51.2DsWall:0 (G4Tubs) ... OK! 
Checking overlaps for volume rf_51.2DsHalf:0 (G4Tubs) ... OK! 
Checking overlaps for volume rf_51.2TimingVol:0 (G4Tubs) ... OK! 
Checking overlaps for volume rf_51.2:0 (G4Tubs) ... OK! 
BLCMDpillbox::construct rf_51.2 parent= relZ=102500.0 globZ=102500.0
	zmin=102405.3 zmax=102594.7
Checking overlaps for volume rf_window_51.2:0 (G4Tubs) ... OK! 
BLCMDtubs::Construct rf_window_51.2 parent= relZ=102402.8 globZ=102402.8
	zmin=102402.8 zmax=102402.8 kill=0
Checking overlaps for volume rf_51.3Pipe:0 (G4Tubs) ... OK! 
Checking overlaps for volume rf_51.3UsWall:0 (G4Tubs) ... OK! 
Checking overlaps for volume rf_51.3DsWall:0 (G4Tubs) ... OK! 
Checking overlaps for volume rf_51.3DsHalf:0 (G4Tubs) ... OK! 
Checking overlaps for volume rf_51.3TimingVol:0 (G4Tubs) ... OK! 
Checking overlaps for volume rf_51.3:0 (G4Tubs) ... OK! 
BLCMDpillbox::construct rf_51.3 parent= relZ=102694.4 globZ=102694.4
	zmin=102599.7 zmax=102789.0
Checking overlaps for volume rf_window_51.3:0 (G4Tubs) ... OK! 
BLCMDtubs::Construct rf_window_51.3 parent= relZ=102597.2 globZ=102597.2
	zmin=102597.2 zmax=102597.2 kill=0
Checking overlaps for volume rf_window_51.3:0 (G4Tubs) ... OK! 
BLCMDtubs::Construct rf_window_51.3 parent= relZ=102791.5 globZ=102791.5
	zmin=102791.5 zmax=102791.5 kill=0
Checking overlaps for volume wedge_marker_c_51:0 (G4Tubs) ... OK! 
BLCMDtubs::Construct wedge_marker_c_51 parent= relZ=102990.0 globZ=102990.0
	zmin=102989.5 zmax=102990.5 kill=0
Checking overlaps for volume wedge_marker_d_51:0 (G4Tubs) ... OK! 
BLCMDtubs::Construct wedge_marker_d_51 parent= relZ=103010.0 globZ=103010.0
	zmin=103009.5 zmax=103010.5 kill=0
Checking overlaps for volume wedge51:0 (G4IntersectionSolid) ... OK! 
BLCMDboolean::Construct wedge51 parent= relZ=103000.0 globZ=103000.0
	zmin=102775.0 zmax=103225.0
Checking overlaps for volume rf_b_51.1Pipe:0 (G4Tubs) ... OK! 
Checking overlaps for volume rf_b_51.1UsWall:0 (G4Tubs) ... OK! 
Checking overlaps for volume rf_b_51.1DsWall:0 (G4Tubs) ... OK! 
Checking overlaps for volume rf_b_51.1DsHalf:0 (G4Tubs) ... OK! 
Checking overlaps for volume rf_b_51.1TimingVol:0 (G4Tubs) ... OK! 
Checking overlaps for volume rf_b_51.1:0 (G4Tubs) ... OK! 
BLCMDpillbox::construct rf_b_51.1 parent= relZ=103305.6 globZ=103305.6
	zmin=103211.0 zmax=103400.3
Checking overlaps for volume rf_window_b_51.1:0 (G4Tubs) ... OK! 
BLCMDtubs::Construct rf_window_b_51.1 parent= relZ=103208.5 globZ=103208.5
	zmin=103208.5 zmax=103208.5 kill=0
Checking overlaps for volume rf_b_51.2Pipe:0 (G4Tubs) ... OK! 
Checking overlaps for volume rf_b_51.2UsWall:0 (G4Tubs) ... OK! 
Checking overlaps for volume rf_b_51.2DsWall:0 (G4Tubs) ... OK! 
Checking overlaps for volume rf_b_51.2DsHalf:0 (G4Tubs) ... OK! 
Checking overlaps for volume rf_b_51.2TimingVol:0 (G4Tubs) ... OK! 
Checking overlaps for volume rf_b_51.2:0 (G4Tubs) ... OK! 
BLCMDpillbox::construct rf_b_51.2 parent= relZ=103500.0 globZ=103500.0
	zmin=103405.3 zmax=103594.7
Checking overlaps for volume rf_window_b_51.2:0 (G4Tubs) ... OK! 
BLCMDtubs::Construct rf_window_b_51.2 parent= relZ=103402.8 globZ=103402.8
	zmin=103402.8 zmax=103402.8 kill=0
Checking overlaps for volume rf_b_51.3Pipe:0 (G4Tubs) ... OK! 
Checking overlaps for volume rf_b_51.3UsWall:0 (G4Tubs) ... OK! 
Checking overlaps for volume rf_b_51.3DsWall:0 (G4Tubs) ... OK! 
Checking overlaps for volume rf_b_51.3DsHalf:0 (G4Tubs) ... OK! 
Checking overlaps for volume rf_b_51.3TimingVol:0 (G4Tubs) ... OK! 
Checking overlaps for volume rf_b_51.3:0 (G4Tubs) ... OK! 
BLCMDpillbox::construct rf_b_51.3 parent= relZ=103694.4 globZ=103694.4
	zmin=103599.7 zmax=103789.0
Checking overlaps for volume rf_window_b_51.3:0 (G4Tubs) ... OK! 
BLCMDtubs::Construct rf_window_b_51.3 parent= relZ=103597.2 globZ=103597.2
	zmin=103597.2 zmax=103597.2 kill=0
Checking overlaps for volume rf_window_b_51.3:0 (G4Tubs) ... OK! 
BLCMDtubs::Construct rf_window_b_51.3 parent= relZ=103791.5 globZ=103791.5
	zmin=103791.5 zmax=103791.5 kill=0
Checking overlaps for volume wedge_marker_a_52:0 (G4Tubs) ... OK! 
BLCMDtubs::Construct wedge_marker_a_52 parent= relZ=103990.0 globZ=103990.0
	zmin=103989.5 zmax=103990.5 kill=0
Checking overlaps for volume wedge_marker_b_52:0 (G4Tubs) ... OK! 
BLCMDtubs::Construct wedge_marker_b_52 parent= relZ=104010.0 globZ=104010.0
	zmin=104009.5 zmax=104010.5 kill=0
Checking overlaps for volume wedge52:0 (G4IntersectionSolid) ... OK! 
BLCMDboolean::Construct wedge52 parent= relZ=104000.0 globZ=104000.0
	zmin=103775.0 zmax=104225.0
Checking overlaps for volume rf_52.1Pipe:0 (G4Tubs) ... OK! 
Checking overlaps for volume rf_52.1UsWall:0 (G4Tubs) ... OK! 
Checking overlaps for volume rf_52.1DsWall:0 (G4Tubs) ... OK! 
Checking overlaps for volume rf_52.1DsHalf:0 (G4Tubs) ... OK! 
Checking overlaps for volume rf_52.1TimingVol:0 (G4Tubs) ... OK! 
Checking overlaps for volume rf_52.1:0 (G4Tubs) ... OK! 
BLCMDpillbox::construct rf_52.1 parent= relZ=104305.6 globZ=104305.6
	zmin=104211.0 zmax=104400.3
Checking overlaps for volume rf_window_52.1:0 (G4Tubs) ... OK! 
BLCMDtubs::Construct rf_window_52.1 parent= relZ=104208.5 globZ=104208.5
	zmin=104208.5 zmax=104208.5 kill=0
Checking overlaps for volume rf_52.2Pipe:0 (G4Tubs) ... OK! 
Checking overlaps for volume rf_52.2UsWall:0 (G4Tubs) ... OK! 
Checking overlaps for volume rf_52.2DsWall:0 (G4Tubs) ... OK! 
Checking overlaps for volume rf_52.2DsHalf:0 (G4Tubs) ... OK! 
Checking overlaps for volume rf_52.2TimingVol:0 (G4Tubs) ... OK! 
Checking overlaps for volume rf_52.2:0 (G4Tubs) ... OK! 
BLCMDpillbox::construct rf_52.2 parent= relZ=104500.0 globZ=104500.0
	zmin=104405.3 zmax=104594.7
Checking overlaps for volume rf_window_52.2:0 (G4Tubs) ... OK! 
BLCMDtubs::Construct rf_window_52.2 parent= relZ=104402.8 globZ=104402.8
	zmin=104402.8 zmax=104402.8 kill=0
Checking overlaps for volume rf_52.3Pipe:0 (G4Tubs) ... OK! 
Checking overlaps for volume rf_52.3UsWall:0 (G4Tubs) ... OK! 
Checking overlaps for volume rf_52.3DsWall:0 (G4Tubs) ... OK! 
Checking overlaps for volume rf_52.3DsHalf:0 (G4Tubs) ... OK! 
Checking overlaps for volume rf_52.3TimingVol:0 (G4Tubs) ... OK! 
Checking overlaps for volume rf_52.3:0 (G4Tubs) ... OK! 
BLCMDpillbox::construct rf_52.3 parent= relZ=104694.4 globZ=104694.4
	zmin=104599.7 zmax=104789.0
Checking overlaps for volume rf_window_52.3:0 (G4Tubs) ... OK! 
BLCMDtubs::Construct rf_window_52.3 parent= relZ=104597.2 globZ=104597.2
	zmin=104597.2 zmax=104597.2 kill=0
Checking overlaps for volume rf_window_52.3:0 (G4Tubs) ... OK! 
BLCMDtubs::Construct rf_window_52.3 parent= relZ=104791.5 globZ=104791.5
	zmin=104791.5 zmax=104791.5 kill=0
Checking overlaps for volume wedge_marker_c_52:0 (G4Tubs) ... OK! 
BLCMDtubs::Construct wedge_marker_c_52 parent= relZ=104990.0 globZ=104990.0
	zmin=104989.5 zmax=104990.5 kill=0
Checking overlaps for volume wedge_marker_d_52:0 (G4Tubs) ... OK! 
BLCMDtubs::Construct wedge_marker_d_52 parent= relZ=105010.0 globZ=105010.0
	zmin=105009.5 zmax=105010.5 kill=0
Checking overlaps for volume wedge52:0 (G4IntersectionSolid) ... OK! 
BLCMDboolean::Construct wedge52 parent= relZ=105000.0 globZ=105000.0
	zmin=104775.0 zmax=105225.0
Checking overlaps for volume rf_b_52.1Pipe:0 (G4Tubs) ... OK! 
Checking overlaps for volume rf_b_52.1UsWall:0 (G4Tubs) ... OK! 
Checking overlaps for volume rf_b_52.1DsWall:0 (G4Tubs) ... OK! 
Checking overlaps for volume rf_b_52.1DsHalf:0 (G4Tubs) ... OK! 
Checking overlaps for volume rf_b_52.1TimingVol:0 (G4Tubs) ... OK! 
Checking overlaps for volume rf_b_52.1:0 (G4Tubs) ... OK! 
BLCMDpillbox::construct rf_b_52.1 parent= relZ=105305.6 globZ=105305.6
	zmin=105211.0 zmax=105400.3
Checking overlaps for volume rf_window_b_52.1:0 (G4Tubs) ... OK! 
BLCMDtubs::Construct rf_window_b_52.1 parent= relZ=105208.5 globZ=105208.5
	zmin=105208.5 zmax=105208.5 kill=0
Checking overlaps for volume rf_b_52.2Pipe:0 (G4Tubs) ... OK! 
Checking overlaps for volume rf_b_52.2UsWall:0 (G4Tubs) ... OK! 
Checking overlaps for volume rf_b_52.2DsWall:0 (G4Tubs) ... OK! 
Checking overlaps for volume rf_b_52.2DsHalf:0 (G4Tubs) ... OK! 
Checking overlaps for volume rf_b_52.2TimingVol:0 (G4Tubs) ... OK! 
Checking overlaps for volume rf_b_52.2:0 (G4Tubs) ... OK! 
BLCMDpillbox::construct rf_b_52.2 parent= relZ=105500.0 globZ=105500.0
	zmin=105405.3 zmax=105594.7
Checking overlaps for volume rf_window_b_52.2:0 (G4Tubs) ... OK! 
BLCMDtubs::Construct rf_window_b_52.2 parent= relZ=105402.8 globZ=105402.8
	zmin=105402.8 zmax=105402.8 kill=0
Checking overlaps for volume rf_b_52.3Pipe:0 (G4Tubs) ... OK! 
Checking overlaps for volume rf_b_52.3UsWall:0 (G4Tubs) ... OK! 
Checking overlaps for volume rf_b_52.3DsWall:0 (G4Tubs) ... OK! 
Checking overlaps for volume rf_b_52.3DsHalf:0 (G4Tubs) ... OK! 
Checking overlaps for volume rf_b_52.3TimingVol:0 (G4Tubs) ... OK! 
Checking overlaps for volume rf_b_52.3:0 (G4Tubs) ... OK! 
BLCMDpillbox::construct rf_b_52.3 parent= relZ=105694.4 globZ=105694.4
	zmin=105599.7 zmax=105789.0
Checking overlaps for volume rf_window_b_52.3:0 (G4Tubs) ... OK! 
BLCMDtubs::Construct rf_window_b_52.3 parent= relZ=105597.2 globZ=105597.2
	zmin=105597.2 zmax=105597.2 kill=0
Checking overlaps for volume rf_window_b_52.3:0 (G4Tubs) ... OK! 
BLCMDtubs::Construct rf_window_b_52.3 parent= relZ=105791.5 globZ=105791.5
	zmin=105791.5 zmax=105791.5 kill=0
Checking overlaps for volume wedge_marker_a_53:0 (G4Tubs) ... OK! 
BLCMDtubs::Construct wedge_marker_a_53 parent= relZ=105990.0 globZ=105990.0
	zmin=105989.5 zmax=105990.5 kill=0
Checking overlaps for volume wedge_marker_b_53:0 (G4Tubs) ... OK! 
BLCMDtubs::Construct wedge_marker_b_53 parent= relZ=106010.0 globZ=106010.0
	zmin=106009.5 zmax=106010.5 kill=0
Checking overlaps for volume wedge53:0 (G4IntersectionSolid) ... OK! 
BLCMDboolean::Construct wedge53 parent= relZ=106000.0 globZ=106000.0
	zmin=105775.0 zmax=106225.0
Checking overlaps for volume rf_53.1Pipe:0 (G4Tubs) ... OK! 
Checking overlaps for volume rf_53.1UsWall:0 (G4Tubs) ... OK! 
Checking overlaps for volume rf_53.1DsWall:0 (G4Tubs) ... OK! 
Checking overlaps for volume rf_53.1DsHalf:0 (G4Tubs) ... OK! 
Checking overlaps for volume rf_53.1TimingVol:0 (G4Tubs) ... OK! 
Checking overlaps for volume rf_53.1:0 (G4Tubs) ... OK! 
BLCMDpillbox::construct rf_53.1 parent= relZ=106305.6 globZ=106305.6
	zmin=106211.0 zmax=106400.3
Checking overlaps for volume rf_window_53.1:0 (G4Tubs) ... OK! 
BLCMDtubs::Construct rf_window_53.1 parent= relZ=106208.5 globZ=106208.5
	zmin=106208.5 zmax=106208.5 kill=0
Checking overlaps for volume rf_53.2Pipe:0 (G4Tubs) ... OK! 
Checking overlaps for volume rf_53.2UsWall:0 (G4Tubs) ... OK! 
Checking overlaps for volume rf_53.2DsWall:0 (G4Tubs) ... OK! 
Checking overlaps for volume rf_53.2DsHalf:0 (G4Tubs) ... OK! 
Checking overlaps for volume rf_53.2TimingVol:0 (G4Tubs) ... OK! 
Checking overlaps for volume rf_53.2:0 (G4Tubs) ... OK! 
BLCMDpillbox::construct rf_53.2 parent= relZ=106500.0 globZ=106500.0
	zmin=106405.3 zmax=106594.7
Checking overlaps for volume rf_window_53.2:0 (G4Tubs) ... OK! 
BLCMDtubs::Construct rf_window_53.2 parent= relZ=106402.8 globZ=106402.8
	zmin=106402.8 zmax=106402.8 kill=0
Checking overlaps for volume rf_53.3Pipe:0 (G4Tubs) ... OK! 
Checking overlaps for volume rf_53.3UsWall:0 (G4Tubs) ... OK! 
Checking overlaps for volume rf_53.3DsWall:0 (G4Tubs) ... OK! 
Checking overlaps for volume rf_53.3DsHalf:0 (G4Tubs) ... OK! 
Checking overlaps for volume rf_53.3TimingVol:0 (G4Tubs) ... OK! 
Checking overlaps for volume rf_53.3:0 (G4Tubs) ... OK! 
BLCMDpillbox::construct rf_53.3 parent= relZ=106694.4 globZ=106694.4
	zmin=106599.7 zmax=106789.0
Checking overlaps for volume rf_window_53.3:0 (G4Tubs) ... OK! 
BLCMDtubs::Construct rf_window_53.3 parent= relZ=106597.2 globZ=106597.2
	zmin=106597.2 zmax=106597.2 kill=0
Checking overlaps for volume rf_window_53.3:0 (G4Tubs) ... OK! 
BLCMDtubs::Construct rf_window_53.3 parent= relZ=106791.5 globZ=106791.5
	zmin=106791.5 zmax=106791.5 kill=0
Checking overlaps for volume wedge_marker_c_53:0 (G4Tubs) ... OK! 
BLCMDtubs::Construct wedge_marker_c_53 parent= relZ=106990.0 globZ=106990.0
	zmin=106989.5 zmax=106990.5 kill=0
Checking overlaps for volume wedge_marker_d_53:0 (G4Tubs) ... OK! 
BLCMDtubs::Construct wedge_marker_d_53 parent= relZ=107010.0 globZ=107010.0
	zmin=107009.5 zmax=107010.5 kill=0
Checking overlaps for volume wedge53:0 (G4IntersectionSolid) ... OK! 
BLCMDboolean::Construct wedge53 parent= relZ=107000.0 globZ=107000.0
	zmin=106775.0 zmax=107225.0
Checking overlaps for volume rf_b_53.1Pipe:0 (G4Tubs) ... OK! 
Checking overlaps for volume rf_b_53.1UsWall:0 (G4Tubs) ... OK! 
Checking overlaps for volume rf_b_53.1DsWall:0 (G4Tubs) ... OK! 
Checking overlaps for volume rf_b_53.1DsHalf:0 (G4Tubs) ... OK! 
Checking overlaps for volume rf_b_53.1TimingVol:0 (G4Tubs) ... OK! 
Checking overlaps for volume rf_b_53.1:0 (G4Tubs) ... OK! 
BLCMDpillbox::construct rf_b_53.1 parent= relZ=107305.6 globZ=107305.6
	zmin=107211.0 zmax=107400.3
Checking overlaps for volume rf_window_b_53.1:0 (G4Tubs) ... OK! 
BLCMDtubs::Construct rf_window_b_53.1 parent= relZ=107208.5 globZ=107208.5
	zmin=107208.5 zmax=107208.5 kill=0
Checking overlaps for volume rf_b_53.2Pipe:0 (G4Tubs) ... OK! 
Checking overlaps for volume rf_b_53.2UsWall:0 (G4Tubs) ... OK! 
Checking overlaps for volume rf_b_53.2DsWall:0 (G4Tubs) ... OK! 
Checking overlaps for volume rf_b_53.2DsHalf:0 (G4Tubs) ... OK! 
Checking overlaps for volume rf_b_53.2TimingVol:0 (G4Tubs) ... OK! 
Checking overlaps for volume rf_b_53.2:0 (G4Tubs) ... OK! 
BLCMDpillbox::construct rf_b_53.2 parent= relZ=107500.0 globZ=107500.0
	zmin=107405.3 zmax=107594.7
Checking overlaps for volume rf_window_b_53.2:0 (G4Tubs) ... OK! 
BLCMDtubs::Construct rf_window_b_53.2 parent= relZ=107402.8 globZ=107402.8
	zmin=107402.8 zmax=107402.8 kill=0
Checking overlaps for volume rf_b_53.3Pipe:0 (G4Tubs) ... OK! 
Checking overlaps for volume rf_b_53.3UsWall:0 (G4Tubs) ... OK! 
Checking overlaps for volume rf_b_53.3DsWall:0 (G4Tubs) ... OK! 
Checking overlaps for volume rf_b_53.3DsHalf:0 (G4Tubs) ... OK! 
Checking overlaps for volume rf_b_53.3TimingVol:0 (G4Tubs) ... OK! 
Checking overlaps for volume rf_b_53.3:0 (G4Tubs) ... OK! 
BLCMDpillbox::construct rf_b_53.3 parent= relZ=107694.4 globZ=107694.4
	zmin=107599.7 zmax=107789.0
Checking overlaps for volume rf_window_b_53.3:0 (G4Tubs) ... OK! 
BLCMDtubs::Construct rf_window_b_53.3 parent= relZ=107597.2 globZ=107597.2
	zmin=107597.2 zmax=107597.2 kill=0
Checking overlaps for volume rf_window_b_53.3:0 (G4Tubs) ... OK! 
BLCMDtubs::Construct rf_window_b_53.3 parent= relZ=107791.5 globZ=107791.5
	zmin=107791.5 zmax=107791.5 kill=0
Checking overlaps for volume wedge_marker_a_54:0 (G4Tubs) ... OK! 
BLCMDtubs::Construct wedge_marker_a_54 parent= relZ=107990.0 globZ=107990.0
	zmin=107989.5 zmax=107990.5 kill=0
Checking overlaps for volume wedge_marker_b_54:0 (G4Tubs) ... OK! 
BLCMDtubs::Construct wedge_marker_b_54 parent= relZ=108010.0 globZ=108010.0
	zmin=108009.5 zmax=108010.5 kill=0
Checking overlaps for volume wedge54:0 (G4IntersectionSolid) ... OK! 
BLCMDboolean::Construct wedge54 parent= relZ=108000.0 globZ=108000.0
	zmin=107775.0 zmax=108225.0
Checking overlaps for volume rf_54.1Pipe:0 (G4Tubs) ... OK! 
Checking overlaps for volume rf_54.1UsWall:0 (G4Tubs) ... OK! 
Checking overlaps for volume rf_54.1DsWall:0 (G4Tubs) ... OK! 
Checking overlaps for volume rf_54.1DsHalf:0 (G4Tubs) ... OK! 
Checking overlaps for volume rf_54.1TimingVol:0 (G4Tubs) ... OK! 
Checking overlaps for volume rf_54.1:0 (G4Tubs) ... OK! 
BLCMDpillbox::construct rf_54.1 parent= relZ=108305.6 globZ=108305.6
	zmin=108211.0 zmax=108400.3
Checking overlaps for volume rf_window_54.1:0 (G4Tubs) ... OK! 
BLCMDtubs::Construct rf_window_54.1 parent= relZ=108208.5 globZ=108208.5
	zmin=108208.5 zmax=108208.5 kill=0
Checking overlaps for volume rf_54.2Pipe:0 (G4Tubs) ... OK! 
Checking overlaps for volume rf_54.2UsWall:0 (G4Tubs) ... OK! 
Checking overlaps for volume rf_54.2DsWall:0 (G4Tubs) ... OK! 
Checking overlaps for volume rf_54.2DsHalf:0 (G4Tubs) ... OK! 
Checking overlaps for volume rf_54.2TimingVol:0 (G4Tubs) ... OK! 
Checking overlaps for volume rf_54.2:0 (G4Tubs) ... OK! 
BLCMDpillbox::construct rf_54.2 parent= relZ=108500.0 globZ=108500.0
	zmin=108405.3 zmax=108594.7
Checking overlaps for volume rf_window_54.2:0 (G4Tubs) ... OK! 
BLCMDtubs::Construct rf_window_54.2 parent= relZ=108402.8 globZ=108402.8
	zmin=108402.8 zmax=108402.8 kill=0
Checking overlaps for volume rf_54.3Pipe:0 (G4Tubs) ... OK! 
Checking overlaps for volume rf_54.3UsWall:0 (G4Tubs) ... OK! 
Checking overlaps for volume rf_54.3DsWall:0 (G4Tubs) ... OK! 
Checking overlaps for volume rf_54.3DsHalf:0 (G4Tubs) ... OK! 
Checking overlaps for volume rf_54.3TimingVol:0 (G4Tubs) ... OK! 
Checking overlaps for volume rf_54.3:0 (G4Tubs) ... OK! 
BLCMDpillbox::construct rf_54.3 parent= relZ=108694.4 globZ=108694.4
	zmin=108599.7 zmax=108789.0
Checking overlaps for volume rf_window_54.3:0 (G4Tubs) ... OK! 
BLCMDtubs::Construct rf_window_54.3 parent= relZ=108597.2 globZ=108597.2
	zmin=108597.2 zmax=108597.2 kill=0
Checking overlaps for volume rf_window_54.3:0 (G4Tubs) ... OK! 
BLCMDtubs::Construct rf_window_54.3 parent= relZ=108791.5 globZ=108791.5
	zmin=108791.5 zmax=108791.5 kill=0
Checking overlaps for volume wedge_marker_c_54:0 (G4Tubs) ... OK! 
BLCMDtubs::Construct wedge_marker_c_54 parent= relZ=108990.0 globZ=108990.0
	zmin=108989.5 zmax=108990.5 kill=0
Checking overlaps for volume wedge_marker_d_54:0 (G4Tubs) ... OK! 
BLCMDtubs::Construct wedge_marker_d_54 parent= relZ=109010.0 globZ=109010.0
	zmin=109009.5 zmax=109010.5 kill=0
Checking overlaps for volume wedge54:0 (G4IntersectionSolid) ... OK! 
BLCMDboolean::Construct wedge54 parent= relZ=109000.0 globZ=109000.0
	zmin=108775.0 zmax=109225.0
Checking overlaps for volume rf_b_54.1Pipe:0 (G4Tubs) ... OK! 
Checking overlaps for volume rf_b_54.1UsWall:0 (G4Tubs) ... OK! 
Checking overlaps for volume rf_b_54.1DsWall:0 (G4Tubs) ... OK! 
Checking overlaps for volume rf_b_54.1DsHalf:0 (G4Tubs) ... OK! 
Checking overlaps for volume rf_b_54.1TimingVol:0 (G4Tubs) ... OK! 
Checking overlaps for volume rf_b_54.1:0 (G4Tubs) ... OK! 
BLCMDpillbox::construct rf_b_54.1 parent= relZ=109305.6 globZ=109305.6
	zmin=109211.0 zmax=109400.3
Checking overlaps for volume rf_window_b_54.1:0 (G4Tubs) ... OK! 
BLCMDtubs::Construct rf_window_b_54.1 parent= relZ=109208.5 globZ=109208.5
	zmin=109208.5 zmax=109208.5 kill=0
Checking overlaps for volume rf_b_54.2Pipe:0 (G4Tubs) ... OK! 
Checking overlaps for volume rf_b_54.2UsWall:0 (G4Tubs) ... OK! 
Checking overlaps for volume rf_b_54.2DsWall:0 (G4Tubs) ... OK! 
Checking overlaps for volume rf_b_54.2DsHalf:0 (G4Tubs) ... OK! 
Checking overlaps for volume rf_b_54.2TimingVol:0 (G4Tubs) ... OK! 
Checking overlaps for volume rf_b_54.2:0 (G4Tubs) ... OK! 
BLCMDpillbox::construct rf_b_54.2 parent= relZ=109500.0 globZ=109500.0
	zmin=109405.3 zmax=109594.7
Checking overlaps for volume rf_window_b_54.2:0 (G4Tubs) ... OK! 
BLCMDtubs::Construct rf_window_b_54.2 parent= relZ=109402.8 globZ=109402.8
	zmin=109402.8 zmax=109402.8 kill=0
Checking overlaps for volume rf_b_54.3Pipe:0 (G4Tubs) ... OK! 
Checking overlaps for volume rf_b_54.3UsWall:0 (G4Tubs) ... OK! 
Checking overlaps for volume rf_b_54.3DsWall:0 (G4Tubs) ... OK! 
Checking overlaps for volume rf_b_54.3DsHalf:0 (G4Tubs) ... OK! 
Checking overlaps for volume rf_b_54.3TimingVol:0 (G4Tubs) ... OK! 
Checking overlaps for volume rf_b_54.3:0 (G4Tubs) ... OK! 
BLCMDpillbox::construct rf_b_54.3 parent= relZ=109694.4 globZ=109694.4
	zmin=109599.7 zmax=109789.0
Checking overlaps for volume rf_window_b_54.3:0 (G4Tubs) ... OK! 
BLCMDtubs::Construct rf_window_b_54.3 parent= relZ=109597.2 globZ=109597.2
	zmin=109597.2 zmax=109597.2 kill=0
Checking overlaps for volume rf_window_b_54.3:0 (G4Tubs) ... OK! 
BLCMDtubs::Construct rf_window_b_54.3 parent= relZ=109791.5 globZ=109791.5
	zmin=109791.5 zmax=109791.5 kill=0
Checking overlaps for volume wedge_marker_a_55:0 (G4Tubs) ... OK! 
BLCMDtubs::Construct wedge_marker_a_55 parent= relZ=109990.0 globZ=109990.0
	zmin=109989.5 zmax=109990.5 kill=0
Checking overlaps for volume wedge_marker_b_55:0 (G4Tubs) ... OK! 
BLCMDtubs::Construct wedge_marker_b_55 parent= relZ=110010.0 globZ=110010.0
	zmin=110009.5 zmax=110010.5 kill=0
Checking overlaps for volume wedge55:0 (G4IntersectionSolid) ... OK! 
BLCMDboolean::Construct wedge55 parent= relZ=110000.0 globZ=110000.0
	zmin=109775.0 zmax=110225.0
Checking overlaps for volume rf_55.1Pipe:0 (G4Tubs) ... OK! 
Checking overlaps for volume rf_55.1UsWall:0 (G4Tubs) ... OK! 
Checking overlaps for volume rf_55.1DsWall:0 (G4Tubs) ... OK! 
Checking overlaps for volume rf_55.1DsHalf:0 (G4Tubs) ... OK! 
Checking overlaps for volume rf_55.1TimingVol:0 (G4Tubs) ... OK! 
Checking overlaps for volume rf_55.1:0 (G4Tubs) ... OK! 
BLCMDpillbox::construct rf_55.1 parent= relZ=110305.6 globZ=110305.6
	zmin=110211.0 zmax=110400.3
Checking overlaps for volume rf_window_55.1:0 (G4Tubs) ... OK! 
BLCMDtubs::Construct rf_window_55.1 parent= relZ=110208.5 globZ=110208.5
	zmin=110208.5 zmax=110208.5 kill=0
Checking overlaps for volume rf_55.2Pipe:0 (G4Tubs) ... OK! 
Checking overlaps for volume rf_55.2UsWall:0 (G4Tubs) ... OK! 
Checking overlaps for volume rf_55.2DsWall:0 (G4Tubs) ... OK! 
Checking overlaps for volume rf_55.2DsHalf:0 (G4Tubs) ... OK! 
Checking overlaps for volume rf_55.2TimingVol:0 (G4Tubs) ... OK! 
Checking overlaps for volume rf_55.2:0 (G4Tubs) ... OK! 
BLCMDpillbox::construct rf_55.2 parent= relZ=110500.0 globZ=110500.0
	zmin=110405.3 zmax=110594.7
Checking overlaps for volume rf_window_55.2:0 (G4Tubs) ... OK! 
BLCMDtubs::Construct rf_window_55.2 parent= relZ=110402.8 globZ=110402.8
	zmin=110402.8 zmax=110402.8 kill=0
Checking overlaps for volume rf_55.3Pipe:0 (G4Tubs) ... OK! 
Checking overlaps for volume rf_55.3UsWall:0 (G4Tubs) ... OK! 
Checking overlaps for volume rf_55.3DsWall:0 (G4Tubs) ... OK! 
Checking overlaps for volume rf_55.3DsHalf:0 (G4Tubs) ... OK! 
Checking overlaps for volume rf_55.3TimingVol:0 (G4Tubs) ... OK! 
Checking overlaps for volume rf_55.3:0 (G4Tubs) ... OK! 
BLCMDpillbox::construct rf_55.3 parent= relZ=110694.4 globZ=110694.4
	zmin=110599.7 zmax=110789.0
Checking overlaps for volume rf_window_55.3:0 (G4Tubs) ... OK! 
BLCMDtubs::Construct rf_window_55.3 parent= relZ=110597.2 globZ=110597.2
	zmin=110597.2 zmax=110597.2 kill=0
Checking overlaps for volume rf_window_55.3:0 (G4Tubs) ... OK! 
BLCMDtubs::Construct rf_window_55.3 parent= relZ=110791.5 globZ=110791.5
	zmin=110791.5 zmax=110791.5 kill=0
Checking overlaps for volume wedge_marker_c_55:0 (G4Tubs) ... OK! 
BLCMDtubs::Construct wedge_marker_c_55 parent= relZ=110990.0 globZ=110990.0
	zmin=110989.5 zmax=110990.5 kill=0
Checking overlaps for volume wedge_marker_d_55:0 (G4Tubs) ... OK! 
BLCMDtubs::Construct wedge_marker_d_55 parent= relZ=111010.0 globZ=111010.0
	zmin=111009.5 zmax=111010.5 kill=0
Checking overlaps for volume wedge55:0 (G4IntersectionSolid) ... OK! 
BLCMDboolean::Construct wedge55 parent= relZ=111000.0 globZ=111000.0
	zmin=110775.0 zmax=111225.0
Checking overlaps for volume rf_b_55.1Pipe:0 (G4Tubs) ... OK! 
Checking overlaps for volume rf_b_55.1UsWall:0 (G4Tubs) ... OK! 
Checking overlaps for volume rf_b_55.1DsWall:0 (G4Tubs) ... OK! 
Checking overlaps for volume rf_b_55.1DsHalf:0 (G4Tubs) ... OK! 
Checking overlaps for volume rf_b_55.1TimingVol:0 (G4Tubs) ... OK! 
Checking overlaps for volume rf_b_55.1:0 (G4Tubs) ... OK! 
BLCMDpillbox::construct rf_b_55.1 parent= relZ=111305.6 globZ=111305.6
	zmin=111211.0 zmax=111400.3
Checking overlaps for volume rf_window_b_55.1:0 (G4Tubs) ... OK! 
BLCMDtubs::Construct rf_window_b_55.1 parent= relZ=111208.5 globZ=111208.5
	zmin=111208.5 zmax=111208.5 kill=0
Checking overlaps for volume rf_b_55.2Pipe:0 (G4Tubs) ... OK! 
Checking overlaps for volume rf_b_55.2UsWall:0 (G4Tubs) ... OK! 
Checking overlaps for volume rf_b_55.2DsWall:0 (G4Tubs) ... OK! 
Checking overlaps for volume rf_b_55.2DsHalf:0 (G4Tubs) ... OK! 
Checking overlaps for volume rf_b_55.2TimingVol:0 (G4Tubs) ... OK! 
Checking overlaps for volume rf_b_55.2:0 (G4Tubs) ... OK! 
BLCMDpillbox::construct rf_b_55.2 parent= relZ=111500.0 globZ=111500.0
	zmin=111405.3 zmax=111594.7
Checking overlaps for volume rf_window_b_55.2:0 (G4Tubs) ... OK! 
BLCMDtubs::Construct rf_window_b_55.2 parent= relZ=111402.8 globZ=111402.8
	zmin=111402.8 zmax=111402.8 kill=0
Checking overlaps for volume rf_b_55.3Pipe:0 (G4Tubs) ... OK! 
Checking overlaps for volume rf_b_55.3UsWall:0 (G4Tubs) ... OK! 
Checking overlaps for volume rf_b_55.3DsWall:0 (G4Tubs) ... OK! 
Checking overlaps for volume rf_b_55.3DsHalf:0 (G4Tubs) ... OK! 
Checking overlaps for volume rf_b_55.3TimingVol:0 (G4Tubs) ... OK! 
Checking overlaps for volume rf_b_55.3:0 (G4Tubs) ... OK! 
BLCMDpillbox::construct rf_b_55.3 parent= relZ=111694.4 globZ=111694.4
	zmin=111599.7 zmax=111789.0
Checking overlaps for volume rf_window_b_55.3:0 (G4Tubs) ... OK! 
BLCMDtubs::Construct rf_window_b_55.3 parent= relZ=111597.2 globZ=111597.2
	zmin=111597.2 zmax=111597.2 kill=0
Checking overlaps for volume rf_window_b_55.3:0 (G4Tubs) ... OK! 
BLCMDtubs::Construct rf_window_b_55.3 parent= relZ=111791.5 globZ=111791.5
	zmin=111791.5 zmax=111791.5 kill=0
Checking overlaps for volume wedge_marker_a_56:0 (G4Tubs) ... OK! 
BLCMDtubs::Construct wedge_marker_a_56 parent= relZ=111990.0 globZ=111990.0
	zmin=111989.5 zmax=111990.5 kill=0
Checking overlaps for volume wedge_marker_b_56:0 (G4Tubs) ... OK! 
BLCMDtubs::Construct wedge_marker_b_56 parent= relZ=112010.0 globZ=112010.0
	zmin=112009.5 zmax=112010.5 kill=0
Checking overlaps for volume wedge56:0 (G4IntersectionSolid) ... OK! 
BLCMDboolean::Construct wedge56 parent= relZ=112000.0 globZ=112000.0
	zmin=111775.0 zmax=112225.0
Checking overlaps for volume rf_56.1Pipe:0 (G4Tubs) ... OK! 
Checking overlaps for volume rf_56.1UsWall:0 (G4Tubs) ... OK! 
Checking overlaps for volume rf_56.1DsWall:0 (G4Tubs) ... OK! 
Checking overlaps for volume rf_56.1DsHalf:0 (G4Tubs) ... OK! 
Checking overlaps for volume rf_56.1TimingVol:0 (G4Tubs) ... OK! 
Checking overlaps for volume rf_56.1:0 (G4Tubs) ... OK! 
BLCMDpillbox::construct rf_56.1 parent= relZ=112305.6 globZ=112305.6
	zmin=112211.0 zmax=112400.3
Checking overlaps for volume rf_window_56.1:0 (G4Tubs) ... OK! 
BLCMDtubs::Construct rf_window_56.1 parent= relZ=112208.5 globZ=112208.5
	zmin=112208.5 zmax=112208.5 kill=0
Checking overlaps for volume rf_56.2Pipe:0 (G4Tubs) ... OK! 
Checking overlaps for volume rf_56.2UsWall:0 (G4Tubs) ... OK! 
Checking overlaps for volume rf_56.2DsWall:0 (G4Tubs) ... OK! 
Checking overlaps for volume rf_56.2DsHalf:0 (G4Tubs) ... OK! 
Checking overlaps for volume rf_56.2TimingVol:0 (G4Tubs) ... OK! 
Checking overlaps for volume rf_56.2:0 (G4Tubs) ... OK! 
BLCMDpillbox::construct rf_56.2 parent= relZ=112500.0 globZ=112500.0
	zmin=112405.3 zmax=112594.7
Checking overlaps for volume rf_window_56.2:0 (G4Tubs) ... OK! 
BLCMDtubs::Construct rf_window_56.2 parent= relZ=112402.8 globZ=112402.8
	zmin=112402.8 zmax=112402.8 kill=0
Checking overlaps for volume rf_56.3Pipe:0 (G4Tubs) ... OK! 
Checking overlaps for volume rf_56.3UsWall:0 (G4Tubs) ... OK! 
Checking overlaps for volume rf_56.3DsWall:0 (G4Tubs) ... OK! 
Checking overlaps for volume rf_56.3DsHalf:0 (G4Tubs) ... OK! 
Checking overlaps for volume rf_56.3TimingVol:0 (G4Tubs) ... OK! 
Checking overlaps for volume rf_56.3:0 (G4Tubs) ... OK! 
BLCMDpillbox::construct rf_56.3 parent= relZ=112694.4 globZ=112694.4
	zmin=112599.7 zmax=112789.0
Checking overlaps for volume rf_window_56.3:0 (G4Tubs) ... OK! 
BLCMDtubs::Construct rf_window_56.3 parent= relZ=112597.2 globZ=112597.2
	zmin=112597.2 zmax=112597.2 kill=0
Checking overlaps for volume rf_window_56.3:0 (G4Tubs) ... OK! 
BLCMDtubs::Construct rf_window_56.3 parent= relZ=112791.5 globZ=112791.5
	zmin=112791.5 zmax=112791.5 kill=0
Checking overlaps for volume wedge_marker_c_56:0 (G4Tubs) ... OK! 
BLCMDtubs::Construct wedge_marker_c_56 parent= relZ=112990.0 globZ=112990.0
	zmin=112989.5 zmax=112990.5 kill=0
Checking overlaps for volume wedge_marker_d_56:0 (G4Tubs) ... OK! 
BLCMDtubs::Construct wedge_marker_d_56 parent= relZ=113010.0 globZ=113010.0
	zmin=113009.5 zmax=113010.5 kill=0
Checking overlaps for volume wedge56:0 (G4IntersectionSolid) ... OK! 
BLCMDboolean::Construct wedge56 parent= relZ=113000.0 globZ=113000.0
	zmin=112775.0 zmax=113225.0
Checking overlaps for volume rf_b_56.1Pipe:0 (G4Tubs) ... OK! 
Checking overlaps for volume rf_b_56.1UsWall:0 (G4Tubs) ... OK! 
Checking overlaps for volume rf_b_56.1DsWall:0 (G4Tubs) ... OK! 
Checking overlaps for volume rf_b_56.1DsHalf:0 (G4Tubs) ... OK! 
Checking overlaps for volume rf_b_56.1TimingVol:0 (G4Tubs) ... OK! 
Checking overlaps for volume rf_b_56.1:0 (G4Tubs) ... OK! 
BLCMDpillbox::construct rf_b_56.1 parent= relZ=113305.6 globZ=113305.6
	zmin=113211.0 zmax=113400.3
Checking overlaps for volume rf_window_b_56.1:0 (G4Tubs) ... OK! 
BLCMDtubs::Construct rf_window_b_56.1 parent= relZ=113208.5 globZ=113208.5
	zmin=113208.5 zmax=113208.5 kill=0
Checking overlaps for volume rf_b_56.2Pipe:0 (G4Tubs) ... OK! 
Checking overlaps for volume rf_b_56.2UsWall:0 (G4Tubs) ... OK! 
Checking overlaps for volume rf_b_56.2DsWall:0 (G4Tubs) ... OK! 
Checking overlaps for volume rf_b_56.2DsHalf:0 (G4Tubs) ... OK! 
Checking overlaps for volume rf_b_56.2TimingVol:0 (G4Tubs) ... OK! 
Checking overlaps for volume rf_b_56.2:0 (G4Tubs) ... OK! 
BLCMDpillbox::construct rf_b_56.2 parent= relZ=113500.0 globZ=113500.0
	zmin=113405.3 zmax=113594.7
Checking overlaps for volume rf_window_b_56.2:0 (G4Tubs) ... OK! 
BLCMDtubs::Construct rf_window_b_56.2 parent= relZ=113402.8 globZ=113402.8
	zmin=113402.8 zmax=113402.8 kill=0
Checking overlaps for volume rf_b_56.3Pipe:0 (G4Tubs) ... OK! 
Checking overlaps for volume rf_b_56.3UsWall:0 (G4Tubs) ... OK! 
Checking overlaps for volume rf_b_56.3DsWall:0 (G4Tubs) ... OK! 
Checking overlaps for volume rf_b_56.3DsHalf:0 (G4Tubs) ... OK! 
Checking overlaps for volume rf_b_56.3TimingVol:0 (G4Tubs) ... OK! 
Checking overlaps for volume rf_b_56.3:0 (G4Tubs) ... OK! 
BLCMDpillbox::construct rf_b_56.3 parent= relZ=113694.4 globZ=113694.4
	zmin=113599.7 zmax=113789.0
Checking overlaps for volume rf_window_b_56.3:0 (G4Tubs) ... OK! 
BLCMDtubs::Construct rf_window_b_56.3 parent= relZ=113597.2 globZ=113597.2
	zmin=113597.2 zmax=113597.2 kill=0
Checking overlaps for volume rf_window_b_56.3:0 (G4Tubs) ... OK! 
BLCMDtubs::Construct rf_window_b_56.3 parent= relZ=113791.5 globZ=113791.5
	zmin=113791.5 zmax=113791.5 kill=0
Checking overlaps for volume wedge_marker_a_57:0 (G4Tubs) ... OK! 
BLCMDtubs::Construct wedge_marker_a_57 parent= relZ=113990.0 globZ=113990.0
	zmin=113989.5 zmax=113990.5 kill=0
Checking overlaps for volume wedge_marker_b_57:0 (G4Tubs) ... OK! 
BLCMDtubs::Construct wedge_marker_b_57 parent= relZ=114010.0 globZ=114010.0
	zmin=114009.5 zmax=114010.5 kill=0
Checking overlaps for volume wedge57:0 (G4IntersectionSolid) ... OK! 
BLCMDboolean::Construct wedge57 parent= relZ=114000.0 globZ=114000.0
	zmin=113775.0 zmax=114225.0
Checking overlaps for volume rf_57.1Pipe:0 (G4Tubs) ... OK! 
Checking overlaps for volume rf_57.1UsWall:0 (G4Tubs) ... OK! 
Checking overlaps for volume rf_57.1DsWall:0 (G4Tubs) ... OK! 
Checking overlaps for volume rf_57.1DsHalf:0 (G4Tubs) ... OK! 
Checking overlaps for volume rf_57.1TimingVol:0 (G4Tubs) ... OK! 
Checking overlaps for volume rf_57.1:0 (G4Tubs) ... OK! 
BLCMDpillbox::construct rf_57.1 parent= relZ=114305.6 globZ=114305.6
	zmin=114211.0 zmax=114400.3
Checking overlaps for volume rf_window_57.1:0 (G4Tubs) ... OK! 
BLCMDtubs::Construct rf_window_57.1 parent= relZ=114208.5 globZ=114208.5
	zmin=114208.5 zmax=114208.5 kill=0
Checking overlaps for volume rf_57.2Pipe:0 (G4Tubs) ... OK! 
Checking overlaps for volume rf_57.2UsWall:0 (G4Tubs) ... OK! 
Checking overlaps for volume rf_57.2DsWall:0 (G4Tubs) ... OK! 
Checking overlaps for volume rf_57.2DsHalf:0 (G4Tubs) ... OK! 
Checking overlaps for volume rf_57.2TimingVol:0 (G4Tubs) ... OK! 
Checking overlaps for volume rf_57.2:0 (G4Tubs) ... OK! 
BLCMDpillbox::construct rf_57.2 parent= relZ=114500.0 globZ=114500.0
	zmin=114405.3 zmax=114594.7
Checking overlaps for volume rf_window_57.2:0 (G4Tubs) ... OK! 
BLCMDtubs::Construct rf_window_57.2 parent= relZ=114402.8 globZ=114402.8
	zmin=114402.8 zmax=114402.8 kill=0
Checking overlaps for volume rf_57.3Pipe:0 (G4Tubs) ... OK! 
Checking overlaps for volume rf_57.3UsWall:0 (G4Tubs) ... OK! 
Checking overlaps for volume rf_57.3DsWall:0 (G4Tubs) ... OK! 
Checking overlaps for volume rf_57.3DsHalf:0 (G4Tubs) ... OK! 
Checking overlaps for volume rf_57.3TimingVol:0 (G4Tubs) ... OK! 
Checking overlaps for volume rf_57.3:0 (G4Tubs) ... OK! 
BLCMDpillbox::construct rf_57.3 parent= relZ=114694.4 globZ=114694.4
	zmin=114599.7 zmax=114789.0
Checking overlaps for volume rf_window_57.3:0 (G4Tubs) ... OK! 
BLCMDtubs::Construct rf_window_57.3 parent= relZ=114597.2 globZ=114597.2
	zmin=114597.2 zmax=114597.2 kill=0
Checking overlaps for volume rf_window_57.3:0 (G4Tubs) ... OK! 
BLCMDtubs::Construct rf_window_57.3 parent= relZ=114791.5 globZ=114791.5
	zmin=114791.5 zmax=114791.5 kill=0
Checking overlaps for volume wedge_marker_c_57:0 (G4Tubs) ... OK! 
BLCMDtubs::Construct wedge_marker_c_57 parent= relZ=114990.0 globZ=114990.0
	zmin=114989.5 zmax=114990.5 kill=0
Checking overlaps for volume wedge_marker_d_57:0 (G4Tubs) ... OK! 
BLCMDtubs::Construct wedge_marker_d_57 parent= relZ=115010.0 globZ=115010.0
	zmin=115009.5 zmax=115010.5 kill=0
Checking overlaps for volume wedge57:0 (G4IntersectionSolid) ... OK! 
BLCMDboolean::Construct wedge57 parent= relZ=115000.0 globZ=115000.0
	zmin=114775.0 zmax=115225.0
Checking overlaps for volume rf_b_57.1Pipe:0 (G4Tubs) ... OK! 
Checking overlaps for volume rf_b_57.1UsWall:0 (G4Tubs) ... OK! 
Checking overlaps for volume rf_b_57.1DsWall:0 (G4Tubs) ... OK! 
Checking overlaps for volume rf_b_57.1DsHalf:0 (G4Tubs) ... OK! 
Checking overlaps for volume rf_b_57.1TimingVol:0 (G4Tubs) ... OK! 
Checking overlaps for volume rf_b_57.1:0 (G4Tubs) ... OK! 
BLCMDpillbox::construct rf_b_57.1 parent= relZ=115305.6 globZ=115305.6
	zmin=115211.0 zmax=115400.3
Checking overlaps for volume rf_window_b_57.1:0 (G4Tubs) ... OK! 
BLCMDtubs::Construct rf_window_b_57.1 parent= relZ=115208.5 globZ=115208.5
	zmin=115208.5 zmax=115208.5 kill=0
Checking overlaps for volume rf_b_57.2Pipe:0 (G4Tubs) ... OK! 
Checking overlaps for volume rf_b_57.2UsWall:0 (G4Tubs) ... OK! 
Checking overlaps for volume rf_b_57.2DsWall:0 (G4Tubs) ... OK! 
Checking overlaps for volume rf_b_57.2DsHalf:0 (G4Tubs) ... OK! 
Checking overlaps for volume rf_b_57.2TimingVol:0 (G4Tubs) ... OK! 
Checking overlaps for volume rf_b_57.2:0 (G4Tubs) ... OK! 
BLCMDpillbox::construct rf_b_57.2 parent= relZ=115500.0 globZ=115500.0
	zmin=115405.3 zmax=115594.7
Checking overlaps for volume rf_window_b_57.2:0 (G4Tubs) ... OK! 
BLCMDtubs::Construct rf_window_b_57.2 parent= relZ=115402.8 globZ=115402.8
	zmin=115402.8 zmax=115402.8 kill=0
Checking overlaps for volume rf_b_57.3Pipe:0 (G4Tubs) ... OK! 
Checking overlaps for volume rf_b_57.3UsWall:0 (G4Tubs) ... OK! 
Checking overlaps for volume rf_b_57.3DsWall:0 (G4Tubs) ... OK! 
Checking overlaps for volume rf_b_57.3DsHalf:0 (G4Tubs) ... OK! 
Checking overlaps for volume rf_b_57.3TimingVol:0 (G4Tubs) ... OK! 
Checking overlaps for volume rf_b_57.3:0 (G4Tubs) ... OK! 
BLCMDpillbox::construct rf_b_57.3 parent= relZ=115694.4 globZ=115694.4
	zmin=115599.7 zmax=115789.0
Checking overlaps for volume rf_window_b_57.3:0 (G4Tubs) ... OK! 
BLCMDtubs::Construct rf_window_b_57.3 parent= relZ=115597.2 globZ=115597.2
	zmin=115597.2 zmax=115597.2 kill=0
Checking overlaps for volume rf_window_b_57.3:0 (G4Tubs) ... OK! 
BLCMDtubs::Construct rf_window_b_57.3 parent= relZ=115791.5 globZ=115791.5
	zmin=115791.5 zmax=115791.5 kill=0
Checking overlaps for volume wedge_marker_a_58:0 (G4Tubs) ... OK! 
BLCMDtubs::Construct wedge_marker_a_58 parent= relZ=115990.0 globZ=115990.0
	zmin=115989.5 zmax=115990.5 kill=0
Checking overlaps for volume wedge_marker_b_58:0 (G4Tubs) ... OK! 
BLCMDtubs::Construct wedge_marker_b_58 parent= relZ=116010.0 globZ=116010.0
	zmin=116009.5 zmax=116010.5 kill=0
Checking overlaps for volume wedge58:0 (G4IntersectionSolid) ... OK! 
BLCMDboolean::Construct wedge58 parent= relZ=116000.0 globZ=116000.0
	zmin=115775.0 zmax=116225.0
Checking overlaps for volume rf_58.1Pipe:0 (G4Tubs) ... OK! 
Checking overlaps for volume rf_58.1UsWall:0 (G4Tubs) ... OK! 
Checking overlaps for volume rf_58.1DsWall:0 (G4Tubs) ... OK! 
Checking overlaps for volume rf_58.1DsHalf:0 (G4Tubs) ... OK! 
Checking overlaps for volume rf_58.1TimingVol:0 (G4Tubs) ... OK! 
Checking overlaps for volume rf_58.1:0 (G4Tubs) ... OK! 
BLCMDpillbox::construct rf_58.1 parent= relZ=116305.6 globZ=116305.6
	zmin=116211.0 zmax=116400.3
Checking overlaps for volume rf_window_58.1:0 (G4Tubs) ... OK! 
BLCMDtubs::Construct rf_window_58.1 parent= relZ=116208.5 globZ=116208.5
	zmin=116208.5 zmax=116208.5 kill=0
Checking overlaps for volume rf_58.2Pipe:0 (G4Tubs) ... OK! 
Checking overlaps for volume rf_58.2UsWall:0 (G4Tubs) ... OK! 
Checking overlaps for volume rf_58.2DsWall:0 (G4Tubs) ... OK! 
Checking overlaps for volume rf_58.2DsHalf:0 (G4Tubs) ... OK! 
Checking overlaps for volume rf_58.2TimingVol:0 (G4Tubs) ... OK! 
Checking overlaps for volume rf_58.2:0 (G4Tubs) ... OK! 
BLCMDpillbox::construct rf_58.2 parent= relZ=116500.0 globZ=116500.0
	zmin=116405.3 zmax=116594.7
Checking overlaps for volume rf_window_58.2:0 (G4Tubs) ... OK! 
BLCMDtubs::Construct rf_window_58.2 parent= relZ=116402.8 globZ=116402.8
	zmin=116402.8 zmax=116402.8 kill=0
Checking overlaps for volume rf_58.3Pipe:0 (G4Tubs) ... OK! 
Checking overlaps for volume rf_58.3UsWall:0 (G4Tubs) ... OK! 
Checking overlaps for volume rf_58.3DsWall:0 (G4Tubs) ... OK! 
Checking overlaps for volume rf_58.3DsHalf:0 (G4Tubs) ... OK! 
Checking overlaps for volume rf_58.3TimingVol:0 (G4Tubs) ... OK! 
Checking overlaps for volume rf_58.3:0 (G4Tubs) ... OK! 
BLCMDpillbox::construct rf_58.3 parent= relZ=116694.4 globZ=116694.4
	zmin=116599.7 zmax=116789.0
Checking overlaps for volume rf_window_58.3:0 (G4Tubs) ... OK! 
BLCMDtubs::Construct rf_window_58.3 parent= relZ=116597.2 globZ=116597.2
	zmin=116597.2 zmax=116597.2 kill=0
Checking overlaps for volume rf_window_58.3:0 (G4Tubs) ... OK! 
BLCMDtubs::Construct rf_window_58.3 parent= relZ=116791.5 globZ=116791.5
	zmin=116791.5 zmax=116791.5 kill=0
Checking overlaps for volume wedge_marker_c_58:0 (G4Tubs) ... OK! 
BLCMDtubs::Construct wedge_marker_c_58 parent= relZ=116990.0 globZ=116990.0
	zmin=116989.5 zmax=116990.5 kill=0
Checking overlaps for volume wedge_marker_d_58:0 (G4Tubs) ... OK! 
BLCMDtubs::Construct wedge_marker_d_58 parent= relZ=117010.0 globZ=117010.0
	zmin=117009.5 zmax=117010.5 kill=0
Checking overlaps for volume wedge58:0 (G4IntersectionSolid) ... OK! 
BLCMDboolean::Construct wedge58 parent= relZ=117000.0 globZ=117000.0
	zmin=116775.0 zmax=117225.0
Checking overlaps for volume rf_b_58.1Pipe:0 (G4Tubs) ... OK! 
Checking overlaps for volume rf_b_58.1UsWall:0 (G4Tubs) ... OK! 
Checking overlaps for volume rf_b_58.1DsWall:0 (G4Tubs) ... OK! 
Checking overlaps for volume rf_b_58.1DsHalf:0 (G4Tubs) ... OK! 
Checking overlaps for volume rf_b_58.1TimingVol:0 (G4Tubs) ... OK! 
Checking overlaps for volume rf_b_58.1:0 (G4Tubs) ... OK! 
BLCMDpillbox::construct rf_b_58.1 parent= relZ=117305.6 globZ=117305.6
	zmin=117211.0 zmax=117400.3
Checking overlaps for volume rf_window_b_58.1:0 (G4Tubs) ... OK! 
BLCMDtubs::Construct rf_window_b_58.1 parent= relZ=117208.5 globZ=117208.5
	zmin=117208.5 zmax=117208.5 kill=0
Checking overlaps for volume rf_b_58.2Pipe:0 (G4Tubs) ... OK! 
Checking overlaps for volume rf_b_58.2UsWall:0 (G4Tubs) ... OK! 
Checking overlaps for volume rf_b_58.2DsWall:0 (G4Tubs) ... OK! 
Checking overlaps for volume rf_b_58.2DsHalf:0 (G4Tubs) ... OK! 
Checking overlaps for volume rf_b_58.2TimingVol:0 (G4Tubs) ... OK! 
Checking overlaps for volume rf_b_58.2:0 (G4Tubs) ... OK! 
BLCMDpillbox::construct rf_b_58.2 parent= relZ=117500.0 globZ=117500.0
	zmin=117405.3 zmax=117594.7
Checking overlaps for volume rf_window_b_58.2:0 (G4Tubs) ... OK! 
BLCMDtubs::Construct rf_window_b_58.2 parent= relZ=117402.8 globZ=117402.8
	zmin=117402.8 zmax=117402.8 kill=0
Checking overlaps for volume rf_b_58.3Pipe:0 (G4Tubs) ... OK! 
Checking overlaps for volume rf_b_58.3UsWall:0 (G4Tubs) ... OK! 
Checking overlaps for volume rf_b_58.3DsWall:0 (G4Tubs) ... OK! 
Checking overlaps for volume rf_b_58.3DsHalf:0 (G4Tubs) ... OK! 
Checking overlaps for volume rf_b_58.3TimingVol:0 (G4Tubs) ... OK! 
Checking overlaps for volume rf_b_58.3:0 (G4Tubs) ... OK! 
BLCMDpillbox::construct rf_b_58.3 parent= relZ=117694.4 globZ=117694.4
	zmin=117599.7 zmax=117789.0
Checking overlaps for volume rf_window_b_58.3:0 (G4Tubs) ... OK! 
BLCMDtubs::Construct rf_window_b_58.3 parent= relZ=117597.2 globZ=117597.2
	zmin=117597.2 zmax=117597.2 kill=0
Checking overlaps for volume rf_window_b_58.3:0 (G4Tubs) ... OK! 
BLCMDtubs::Construct rf_window_b_58.3 parent= relZ=117791.5 globZ=117791.5
	zmin=117791.5 zmax=117791.5 kill=0
Checking overlaps for volume wedge_marker_a_59:0 (G4Tubs) ... OK! 
BLCMDtubs::Construct wedge_marker_a_59 parent= relZ=117990.0 globZ=117990.0
	zmin=117989.5 zmax=117990.5 kill=0
Checking overlaps for volume wedge_marker_b_59:0 (G4Tubs) ... OK! 
BLCMDtubs::Construct wedge_marker_b_59 parent= relZ=118010.0 globZ=118010.0
	zmin=118009.5 zmax=118010.5 kill=0
Checking overlaps for volume wedge59:0 (G4IntersectionSolid) ... OK! 
BLCMDboolean::Construct wedge59 parent= relZ=118000.0 globZ=118000.0
	zmin=117775.0 zmax=118225.0
Checking overlaps for volume rf_59.1Pipe:0 (G4Tubs) ... OK! 
Checking overlaps for volume rf_59.1UsWall:0 (G4Tubs) ... OK! 
Checking overlaps for volume rf_59.1DsWall:0 (G4Tubs) ... OK! 
Checking overlaps for volume rf_59.1DsHalf:0 (G4Tubs) ... OK! 
Checking overlaps for volume rf_59.1TimingVol:0 (G4Tubs) ... OK! 
Checking overlaps for volume rf_59.1:0 (G4Tubs) ... OK! 
BLCMDpillbox::construct rf_59.1 parent= relZ=118305.6 globZ=118305.6
	zmin=118211.0 zmax=118400.3
Checking overlaps for volume rf_window_59.1:0 (G4Tubs) ... OK! 
BLCMDtubs::Construct rf_window_59.1 parent= relZ=118208.5 globZ=118208.5
	zmin=118208.5 zmax=118208.5 kill=0
Checking overlaps for volume rf_59.2Pipe:0 (G4Tubs) ... OK! 
Checking overlaps for volume rf_59.2UsWall:0 (G4Tubs) ... OK! 
Checking overlaps for volume rf_59.2DsWall:0 (G4Tubs) ... OK! 
Checking overlaps for volume rf_59.2DsHalf:0 (G4Tubs) ... OK! 
Checking overlaps for volume rf_59.2TimingVol:0 (G4Tubs) ... OK! 
Checking overlaps for volume rf_59.2:0 (G4Tubs) ... OK! 
BLCMDpillbox::construct rf_59.2 parent= relZ=118500.0 globZ=118500.0
	zmin=118405.3 zmax=118594.7
Checking overlaps for volume rf_window_59.2:0 (G4Tubs) ... OK! 
BLCMDtubs::Construct rf_window_59.2 parent= relZ=118402.8 globZ=118402.8
	zmin=118402.8 zmax=118402.8 kill=0
Checking overlaps for volume rf_59.3Pipe:0 (G4Tubs) ... OK! 
Checking overlaps for volume rf_59.3UsWall:0 (G4Tubs) ... OK! 
Checking overlaps for volume rf_59.3DsWall:0 (G4Tubs) ... OK! 
Checking overlaps for volume rf_59.3DsHalf:0 (G4Tubs) ... OK! 
Checking overlaps for volume rf_59.3TimingVol:0 (G4Tubs) ... OK! 
Checking overlaps for volume rf_59.3:0 (G4Tubs) ... OK! 
BLCMDpillbox::construct rf_59.3 parent= relZ=118694.4 globZ=118694.4
	zmin=118599.7 zmax=118789.0
Checking overlaps for volume rf_window_59.3:0 (G4Tubs) ... OK! 
BLCMDtubs::Construct rf_window_59.3 parent= relZ=118597.2 globZ=118597.2
	zmin=118597.2 zmax=118597.2 kill=0
Checking overlaps for volume rf_window_59.3:0 (G4Tubs) ... OK! 
BLCMDtubs::Construct rf_window_59.3 parent= relZ=118791.5 globZ=118791.5
	zmin=118791.5 zmax=118791.5 kill=0
Checking overlaps for volume wedge_marker_c_59:0 (G4Tubs) ... OK! 
BLCMDtubs::Construct wedge_marker_c_59 parent= relZ=118990.0 globZ=118990.0
	zmin=118989.5 zmax=118990.5 kill=0
Checking overlaps for volume wedge_marker_d_59:0 (G4Tubs) ... OK! 
BLCMDtubs::Construct wedge_marker_d_59 parent= relZ=119010.0 globZ=119010.0
	zmin=119009.5 zmax=119010.5 kill=0
Checking overlaps for volume wedge59:0 (G4IntersectionSolid) ... OK! 
BLCMDboolean::Construct wedge59 parent= relZ=119000.0 globZ=119000.0
	zmin=118775.0 zmax=119225.0
Checking overlaps for volume rf_b_59.1Pipe:0 (G4Tubs) ... OK! 
Checking overlaps for volume rf_b_59.1UsWall:0 (G4Tubs) ... OK! 
Checking overlaps for volume rf_b_59.1DsWall:0 (G4Tubs) ... OK! 
Checking overlaps for volume rf_b_59.1DsHalf:0 (G4Tubs) ... OK! 
Checking overlaps for volume rf_b_59.1TimingVol:0 (G4Tubs) ... OK! 
Checking overlaps for volume rf_b_59.1:0 (G4Tubs) ... OK! 
BLCMDpillbox::construct rf_b_59.1 parent= relZ=119305.6 globZ=119305.6
	zmin=119211.0 zmax=119400.3
Checking overlaps for volume rf_window_b_59.1:0 (G4Tubs) ... OK! 
BLCMDtubs::Construct rf_window_b_59.1 parent= relZ=119208.5 globZ=119208.5
	zmin=119208.5 zmax=119208.5 kill=0
Checking overlaps for volume rf_b_59.2Pipe:0 (G4Tubs) ... OK! 
Checking overlaps for volume rf_b_59.2UsWall:0 (G4Tubs) ... OK! 
Checking overlaps for volume rf_b_59.2DsWall:0 (G4Tubs) ... OK! 
Checking overlaps for volume rf_b_59.2DsHalf:0 (G4Tubs) ... OK! 
Checking overlaps for volume rf_b_59.2TimingVol:0 (G4Tubs) ... OK! 
Checking overlaps for volume rf_b_59.2:0 (G4Tubs) ... OK! 
BLCMDpillbox::construct rf_b_59.2 parent= relZ=119500.0 globZ=119500.0
	zmin=119405.3 zmax=119594.7
Checking overlaps for volume rf_window_b_59.2:0 (G4Tubs) ... OK! 
BLCMDtubs::Construct rf_window_b_59.2 parent= relZ=119402.8 globZ=119402.8
	zmin=119402.8 zmax=119402.8 kill=0
Checking overlaps for volume rf_b_59.3Pipe:0 (G4Tubs) ... OK! 
Checking overlaps for volume rf_b_59.3UsWall:0 (G4Tubs) ... OK! 
Checking overlaps for volume rf_b_59.3DsWall:0 (G4Tubs) ... OK! 
Checking overlaps for volume rf_b_59.3DsHalf:0 (G4Tubs) ... OK! 
Checking overlaps for volume rf_b_59.3TimingVol:0 (G4Tubs) ... OK! 
Checking overlaps for volume rf_b_59.3:0 (G4Tubs) ... OK! 
BLCMDpillbox::construct rf_b_59.3 parent= relZ=119694.4 globZ=119694.4
	zmin=119599.7 zmax=119789.0
Checking overlaps for volume rf_window_b_59.3:0 (G4Tubs) ... OK! 
BLCMDtubs::Construct rf_window_b_59.3 parent= relZ=119597.2 globZ=119597.2
	zmin=119597.2 zmax=119597.2 kill=0
Checking overlaps for volume rf_window_b_59.3:0 (G4Tubs) ... OK! 
BLCMDtubs::Construct rf_window_b_59.3 parent= relZ=119791.5 globZ=119791.5
	zmin=119791.5 zmax=119791.5 kill=0
Checking overlaps for volume wedge_marker_a_60:0 (G4Tubs) ... OK! 
BLCMDtubs::Construct wedge_marker_a_60 parent= relZ=119990.0 globZ=119990.0
	zmin=119989.5 zmax=119990.5 kill=0
Checking overlaps for volume wedge_marker_b_60:0 (G4Tubs) ... OK! 
BLCMDtubs::Construct wedge_marker_b_60 parent= relZ=120010.0 globZ=120010.0
	zmin=120009.5 zmax=120010.5 kill=0
Checking overlaps for volume wedge60:0 (G4IntersectionSolid) ... OK! 
BLCMDboolean::Construct wedge60 parent= relZ=120000.0 globZ=120000.0
	zmin=119775.0 zmax=120225.0
Checking overlaps for volume rf_60.1Pipe:0 (G4Tubs) ... OK! 
Checking overlaps for volume rf_60.1UsWall:0 (G4Tubs) ... OK! 
Checking overlaps for volume rf_60.1DsWall:0 (G4Tubs) ... OK! 
Checking overlaps for volume rf_60.1DsHalf:0 (G4Tubs) ... OK! 
Checking overlaps for volume rf_60.1TimingVol:0 (G4Tubs) ... OK! 
Checking overlaps for volume rf_60.1:0 (G4Tubs) ... OK! 
BLCMDpillbox::construct rf_60.1 parent= relZ=120305.6 globZ=120305.6
	zmin=120211.0 zmax=120400.3
Checking overlaps for volume rf_window_60.1:0 (G4Tubs) ... OK! 
BLCMDtubs::Construct rf_window_60.1 parent= relZ=120208.5 globZ=120208.5
	zmin=120208.5 zmax=120208.5 kill=0
Checking overlaps for volume rf_60.2Pipe:0 (G4Tubs) ... OK! 
Checking overlaps for volume rf_60.2UsWall:0 (G4Tubs) ... OK! 
Checking overlaps for volume rf_60.2DsWall:0 (G4Tubs) ... OK! 
Checking overlaps for volume rf_60.2DsHalf:0 (G4Tubs) ... OK! 
Checking overlaps for volume rf_60.2TimingVol:0 (G4Tubs) ... OK! 
Checking overlaps for volume rf_60.2:0 (G4Tubs) ... OK! 
BLCMDpillbox::construct rf_60.2 parent= relZ=120500.0 globZ=120500.0
	zmin=120405.3 zmax=120594.7
Checking overlaps for volume rf_window_60.2:0 (G4Tubs) ... OK! 
BLCMDtubs::Construct rf_window_60.2 parent= relZ=120402.8 globZ=120402.8
	zmin=120402.8 zmax=120402.8 kill=0
Checking overlaps for volume rf_60.3Pipe:0 (G4Tubs) ... OK! 
Checking overlaps for volume rf_60.3UsWall:0 (G4Tubs) ... OK! 
Checking overlaps for volume rf_60.3DsWall:0 (G4Tubs) ... OK! 
Checking overlaps for volume rf_60.3DsHalf:0 (G4Tubs) ... OK! 
Checking overlaps for volume rf_60.3TimingVol:0 (G4Tubs) ... OK! 
Checking overlaps for volume rf_60.3:0 (G4Tubs) ... OK! 
BLCMDpillbox::construct rf_60.3 parent= relZ=120694.4 globZ=120694.4
	zmin=120599.7 zmax=120789.0
Checking overlaps for volume rf_window_60.3:0 (G4Tubs) ... OK! 
BLCMDtubs::Construct rf_window_60.3 parent= relZ=120597.2 globZ=120597.2
	zmin=120597.2 zmax=120597.2 kill=0
Checking overlaps for volume rf_window_60.3:0 (G4Tubs) ... OK! 
BLCMDtubs::Construct rf_window_60.3 parent= relZ=120791.5 globZ=120791.5
	zmin=120791.5 zmax=120791.5 kill=0
Checking overlaps for volume wedge_marker_c_60:0 (G4Tubs) ... OK! 
BLCMDtubs::Construct wedge_marker_c_60 parent= relZ=120990.0 globZ=120990.0
	zmin=120989.5 zmax=120990.5 kill=0
Checking overlaps for volume wedge_marker_d_60:0 (G4Tubs) ... OK! 
BLCMDtubs::Construct wedge_marker_d_60 parent= relZ=121010.0 globZ=121010.0
	zmin=121009.5 zmax=121010.5 kill=0
Checking overlaps for volume wedge60:0 (G4IntersectionSolid) ... OK! 
BLCMDboolean::Construct wedge60 parent= relZ=121000.0 globZ=121000.0
	zmin=120775.0 zmax=121225.0
Checking overlaps for volume rf_b_60.1Pipe:0 (G4Tubs) ... OK! 
Checking overlaps for volume rf_b_60.1UsWall:0 (G4Tubs) ... OK! 
Checking overlaps for volume rf_b_60.1DsWall:0 (G4Tubs) ... OK! 
Checking overlaps for volume rf_b_60.1DsHalf:0 (G4Tubs) ... OK! 
Checking overlaps for volume rf_b_60.1TimingVol:0 (G4Tubs) ... OK! 
Checking overlaps for volume rf_b_60.1:0 (G4Tubs) ... OK! 
BLCMDpillbox::construct rf_b_60.1 parent= relZ=121305.6 globZ=121305.6
	zmin=121211.0 zmax=121400.3
Checking overlaps for volume rf_window_b_60.1:0 (G4Tubs) ... OK! 
BLCMDtubs::Construct rf_window_b_60.1 parent= relZ=121208.5 globZ=121208.5
	zmin=121208.5 zmax=121208.5 kill=0
Checking overlaps for volume rf_b_60.2Pipe:0 (G4Tubs) ... OK! 
Checking overlaps for volume rf_b_60.2UsWall:0 (G4Tubs) ... OK! 
Checking overlaps for volume rf_b_60.2DsWall:0 (G4Tubs) ... OK! 
Checking overlaps for volume rf_b_60.2DsHalf:0 (G4Tubs) ... OK! 
Checking overlaps for volume rf_b_60.2TimingVol:0 (G4Tubs) ... OK! 
Checking overlaps for volume rf_b_60.2:0 (G4Tubs) ... OK! 
BLCMDpillbox::construct rf_b_60.2 parent= relZ=121500.0 globZ=121500.0
	zmin=121405.3 zmax=121594.7
Checking overlaps for volume rf_window_b_60.2:0 (G4Tubs) ... OK! 
BLCMDtubs::Construct rf_window_b_60.2 parent= relZ=121402.8 globZ=121402.8
	zmin=121402.8 zmax=121402.8 kill=0
Checking overlaps for volume rf_b_60.3Pipe:0 (G4Tubs) ... OK! 
Checking overlaps for volume rf_b_60.3UsWall:0 (G4Tubs) ... OK! 
Checking overlaps for volume rf_b_60.3DsWall:0 (G4Tubs) ... OK! 
Checking overlaps for volume rf_b_60.3DsHalf:0 (G4Tubs) ... OK! 
Checking overlaps for volume rf_b_60.3TimingVol:0 (G4Tubs) ... OK! 
Checking overlaps for volume rf_b_60.3:0 (G4Tubs) ... OK! 
BLCMDpillbox::construct rf_b_60.3 parent= relZ=121694.4 globZ=121694.4
	zmin=121599.7 zmax=121789.0
Checking overlaps for volume rf_window_b_60.3:0 (G4Tubs) ... OK! 
BLCMDtubs::Construct rf_window_b_60.3 parent= relZ=121597.2 globZ=121597.2
	zmin=121597.2 zmax=121597.2 kill=0
Checking overlaps for volume rf_window_b_60.3:0 (G4Tubs) ... OK! 
BLCMDtubs::Construct rf_window_b_60.3 parent= relZ=121791.5 globZ=121791.5
	zmin=121791.5 zmax=121791.5 kill=0
### Adding tracking cuts for neutron  TimeCut(ns)= 10000  KinEnergyCut(MeV)= 0

Geometry test nPoints=100 tolerance=0.002 mm:
Testing geometry for children of group 'World':
Total geometry errors = 0  3 seconds

================= Prepare Tune Particle(s) ===========
================= Begin Tune Particle(s) =============
***  Tune and Reference Particles ignore E fields.
***  Tune and Reference Particles ignore Energy loss.
**************************************************************************
*** G4Exception: EM Field Extends Outside World
***    severity: Warning
***   issued by: BLGlobalField
*** description: May give inaccurate tracking near world boundary.
***     EventID: -2     TrackID: 1   mu+  KE=120.5 MeV
**************************************************************************
fieldVoxels: nx=6 ny=5 nz=712, 21360 voxels, 721 fields
fieldVoxels: max field count is 4 fields, # voxels >5: 0, >10: 0, >20: 0
**************************************************************************
*** G4Exception: Check number of field voxels
***    severity: Warning
***   issued by: BLGlobalField
*** description: nVoxels = 21360, max fields/voxel = 4
***     EventID: -2     TrackID: 1   mu+  KE=120.5 MeV
**************************************************************************
pillbox rf_0.1: Time OK  timeOffset=1.4345 ns, incremented to 1.4345 ns
pillbox rf_0.2: Time OK  timeOffset=2.1681 ns, incremented to 2.1681 ns
pillbox rf_0.3: Time OK  timeOffset=2.9018 ns, incremented to 2.9018 ns
pillbox rf_b_0.1: Time OK  timeOffset=5.2093 ns, incremented to 5.2093 ns
pillbox rf_b_0.2: Time OK  timeOffset=5.9429 ns, incremented to 5.9429 ns
pillbox rf_b_0.3: Time OK  timeOffset=6.6766 ns, incremented to 6.6766 ns
pillbox rf_1.1: Time OK  timeOffset=8.9841 ns, incremented to 8.9841 ns
pillbox rf_1.2: Time OK  timeOffset=9.7177 ns, incremented to 9.7177 ns
pillbox rf_1.3: Time OK  timeOffset=10.4513 ns, incremented to 10.4513 ns
pillbox rf_b_1.1: Time OK  timeOffset=12.7588 ns, incremented to 12.7588 ns
pillbox rf_b_1.2: Time OK  timeOffset=13.4924 ns, incremented to 13.4924 ns
pillbox rf_b_1.3: Time OK  timeOffset=14.2260 ns, incremented to 14.2260 ns
pillbox rf_2.1: Time OK  timeOffset=16.5333 ns, incremented to 16.5333 ns
pillbox rf_2.2: Time OK  timeOffset=17.2670 ns, incremented to 17.2670 ns
pillbox rf_2.3: Time OK  timeOffset=18.0005 ns, incremented to 18.0005 ns
pillbox rf_b_2.1: Time OK  timeOffset=20.3078 ns, incremented to 20.3078 ns
pillbox rf_b_2.2: Time OK  timeOffset=21.0414 ns, incremented to 21.0414 ns
pillbox rf_b_2.3: Time OK  timeOffset=21.7750 ns, incremented to 21.7750 ns
pillbox rf_3.1: Time OK  timeOffset=24.0822 ns, incremented to 24.0822 ns
pillbox rf_3.2: Time OK  timeOffset=24.8158 ns, incremented to 24.8158 ns
pillbox rf_3.3: Time OK  timeOffset=25.5494 ns, incremented to 25.5494 ns
pillbox rf_b_3.1: Time OK  timeOffset=27.8567 ns, incremented to 27.8567 ns
pillbox rf_b_3.2: Time OK  timeOffset=28.5903 ns, incremented to 28.5903 ns
pillbox rf_b_3.3: Time OK  timeOffset=29.3239 ns, incremented to 29.3239 ns
pillbox rf_4.1: Time OK  timeOffset=31.6312 ns, incremented to 31.6312 ns
pillbox rf_4.2: Time OK  timeOffset=32.3648 ns, incremented to 32.3648 ns
pillbox rf_4.3: Time OK  timeOffset=33.0985 ns, incremented to 33.0985 ns
pillbox rf_b_4.1: Time OK  timeOffset=35.4059 ns, incremented to 35.4059 ns
pillbox rf_b_4.2: Time OK  timeOffset=36.1395 ns, incremented to 36.1395 ns
pillbox rf_b_4.3: Time OK  timeOffset=36.8732 ns, incremented to 36.8732 ns
pillbox rf_5.1: Time OK  timeOffset=39.1806 ns, incremented to 39.1806 ns
pillbox rf_5.2: Time OK  timeOffset=39.9143 ns, incremented to 39.9143 ns
pillbox rf_5.3: Time OK  timeOffset=40.6479 ns, incremented to 40.6479 ns
pillbox rf_b_5.1: Time OK  timeOffset=42.9554 ns, incremented to 42.9554 ns
pillbox rf_b_5.2: Time OK  timeOffset=43.6890 ns, incremented to 43.6890 ns
pillbox rf_b_5.3: Time OK  timeOffset=44.4227 ns, incremented to 44.4227 ns
pillbox rf_6.1: Time OK  timeOffset=46.7301 ns, incremented to 46.7301 ns
pillbox rf_6.2: Time OK  timeOffset=47.4637 ns, incremented to 47.4637 ns
pillbox rf_6.3: Time OK  timeOffset=48.1973 ns, incremented to 48.1973 ns
pillbox rf_b_6.1: Time OK  timeOffset=50.5047 ns, incremented to 50.5047 ns
pillbox rf_b_6.2: Time OK  timeOffset=51.2383 ns, incremented to 51.2383 ns
pillbox rf_b_6.3: Time OK  timeOffset=51.9719 ns, incremented to 51.9719 ns
pillbox rf_7.1: Time OK  timeOffset=54.2792 ns, incremented to 54.2792 ns
pillbox rf_7.2: Time OK  timeOffset=55.0128 ns, incremented to 55.0128 ns
pillbox rf_7.3: Time OK  timeOffset=55.7463 ns, incremented to 55.7463 ns
pillbox rf_b_7.1: Time OK  timeOffset=58.0536 ns, incremented to 58.0536 ns
pillbox rf_b_7.2: Time OK  timeOffset=58.7872 ns, incremented to 58.7872 ns
pillbox rf_b_7.3: Time OK  timeOffset=59.5207 ns, incremented to 59.5207 ns
pillbox rf_8.1: Time OK  timeOffset=61.8280 ns, incremented to 61.8280 ns
pillbox rf_8.2: Time OK  timeOffset=62.5616 ns, incremented to 62.5616 ns
pillbox rf_8.3: Time OK  timeOffset=63.2952 ns, incremented to 63.2952 ns
pillbox rf_b_8.1: Time OK  timeOffset=65.6025 ns, incremented to 65.6025 ns
pillbox rf_b_8.2: Time OK  timeOffset=66.3361 ns, incremented to 66.3361 ns
pillbox rf_b_8.3: Time OK  timeOffset=67.0697 ns, incremented to 67.0697 ns
pillbox rf_9.1: Time OK  timeOffset=69.3771 ns, incremented to 69.3771 ns
pillbox rf_9.2: Time OK  timeOffset=70.1107 ns, incremented to 70.1107 ns
pillbox rf_9.3: Time OK  timeOffset=70.8444 ns, incremented to 70.8444 ns
pillbox rf_b_9.1: Time OK  timeOffset=73.1518 ns, incremented to 73.1518 ns
pillbox rf_b_9.2: Time OK  timeOffset=73.8855 ns, incremented to 73.8855 ns
pillbox rf_b_9.3: Time OK  timeOffset=74.6191 ns, incremented to 74.6191 ns
pillbox rf_10.1: Time OK  timeOffset=76.9266 ns, incremented to 76.9266 ns
pillbox rf_10.2: Time OK  timeOffset=77.6602 ns, incremented to 77.6602 ns
pillbox rf_10.3: Time OK  timeOffset=78.3939 ns, incremented to 78.3939 ns
pillbox rf_b_10.1: Time OK  timeOffset=80.7013 ns, incremented to 80.7013 ns
pillbox rf_b_10.2: Time OK  timeOffset=81.4349 ns, incremented to 81.4349 ns
pillbox rf_b_10.3: Time OK  timeOffset=82.1685 ns, incremented to 82.1685 ns
pillbox rf_11.1: Time OK  timeOffset=84.4759 ns, incremented to 84.4759 ns
pillbox rf_11.2: Time OK  timeOffset=85.2096 ns, incremented to 85.2096 ns
pillbox rf_11.3: Time OK  timeOffset=85.9431 ns, incremented to 85.9431 ns
pillbox rf_b_11.1: Time OK  timeOffset=88.2505 ns, incremented to 88.2505 ns
pillbox rf_b_11.2: Time OK  timeOffset=88.9841 ns, incremented to 88.9841 ns
pillbox rf_b_11.3: Time OK  timeOffset=89.7176 ns, incremented to 89.7176 ns
pillbox rf_12.1: Time OK  timeOffset=92.0249 ns, incremented to 92.0249 ns
pillbox rf_12.2: Time OK  timeOffset=92.7585 ns, incremented to 92.7585 ns
pillbox rf_12.3: Time OK  timeOffset=93.4921 ns, incremented to 93.4921 ns
pillbox rf_b_12.1: Time OK  timeOffset=95.7993 ns, incremented to 95.7993 ns
pillbox rf_b_12.2: Time OK  timeOffset=96.5330 ns, incremented to 96.5330 ns
pillbox rf_b_12.3: Time OK  timeOffset=97.2665 ns, incremented to 97.2665 ns
pillbox rf_13.1: Time OK  timeOffset=99.5738 ns, incremented to 99.5738 ns
pillbox rf_13.2: Time OK  timeOffset=100.3074 ns, incremented to 100.3074 ns
pillbox rf_13.3: Time OK  timeOffset=101.0410 ns, incremented to 101.0410 ns
pillbox rf_b_13.1: Time OK  timeOffset=103.3484 ns, incremented to 103.3484 ns
pillbox rf_b_13.2: Time OK  timeOffset=104.0820 ns, incremented to 104.0820 ns
pillbox rf_b_13.3: Time OK  timeOffset=104.8156 ns, incremented to 104.8156 ns
pillbox rf_14.1: Time OK  timeOffset=107.1230 ns, incremented to 107.1230 ns
pillbox rf_14.2: Time OK  timeOffset=107.8567 ns, incremented to 107.8567 ns
pillbox rf_14.3: Time OK  timeOffset=108.5903 ns, incremented to 108.5903 ns
pillbox rf_b_14.1: Time OK  timeOffset=110.8977 ns, incremented to 110.8977 ns
pillbox rf_b_14.2: Time OK  timeOffset=111.6314 ns, incremented to 111.6314 ns
pillbox rf_b_14.3: Time OK  timeOffset=112.3650 ns, incremented to 112.3650 ns
pillbox rf_15.1: Time OK  timeOffset=114.6725 ns, incremented to 114.6725 ns
pillbox rf_15.2: Time OK  timeOffset=115.4061 ns, incremented to 115.4061 ns
pillbox rf_15.3: Time OK  timeOffset=116.1397 ns, incremented to 116.1397 ns
pillbox rf_b_15.1: Time OK  timeOffset=118.4471 ns, incremented to 118.4471 ns
pillbox rf_b_15.2: Time OK  timeOffset=119.1808 ns, incremented to 119.1808 ns
pillbox rf_b_15.3: Time OK  timeOffset=119.9144 ns, incremented to 119.9144 ns
pillbox rf_16.1: Time OK  timeOffset=122.2217 ns, incremented to 122.2217 ns
pillbox rf_16.2: Time OK  timeOffset=122.9554 ns, incremented to 122.9554 ns
pillbox rf_16.3: Time OK  timeOffset=123.6889 ns, incremented to 123.6889 ns
pillbox rf_b_16.1: Time OK  timeOffset=125.9962 ns, incremented to 125.9962 ns
pillbox rf_b_16.2: Time OK  timeOffset=126.7298 ns, incremented to 126.7298 ns
pillbox rf_b_16.3: Time OK  timeOffset=127.4634 ns, incremented to 127.4634 ns
pillbox rf_17.1: Time OK  timeOffset=129.7707 ns, incremented to 129.7707 ns
pillbox rf_17.2: Time OK  timeOffset=130.5043 ns, incremented to 130.5043 ns
pillbox rf_17.3: Time OK  timeOffset=131.2379 ns, incremented to 131.2379 ns
pillbox rf_b_17.1: Time OK  timeOffset=133.5451 ns, incremented to 133.5451 ns
pillbox rf_b_17.2: Time OK  timeOffset=134.2787 ns, incremented to 134.2787 ns
pillbox rf_b_17.3: Time OK  timeOffset=135.0123 ns, incremented to 135.0123 ns
pillbox rf_18.1: Time OK  timeOffset=137.3196 ns, incremented to 137.3196 ns
pillbox rf_18.2: Time OK  timeOffset=138.0532 ns, incremented to 138.0532 ns
pillbox rf_18.3: Time OK  timeOffset=138.7869 ns, incremented to 138.7869 ns
pillbox rf_b_18.1: Time OK  timeOffset=141.0942 ns, incremented to 141.0942 ns
pillbox rf_b_18.2: Time OK  timeOffset=141.8279 ns, incremented to 141.8279 ns
pillbox rf_b_18.3: Time OK  timeOffset=142.5615 ns, incremented to 142.5615 ns
pillbox rf_19.1: Time OK  timeOffset=144.8689 ns, incremented to 144.8689 ns
pillbox rf_19.2: Time OK  timeOffset=145.6025 ns, incremented to 145.6025 ns
pillbox rf_19.3: Time OK  timeOffset=146.3362 ns, incremented to 146.3362 ns
pillbox rf_b_19.1: Time OK  timeOffset=148.6436 ns, incremented to 148.6436 ns
pillbox rf_b_19.2: Time OK  timeOffset=149.3773 ns, incremented to 149.3773 ns
pillbox rf_b_19.3: Time OK  timeOffset=150.1109 ns, incremented to 150.1109 ns
pillbox rf_20.1: Time OK  timeOffset=152.4183 ns, incremented to 152.4183 ns
pillbox rf_20.2: Time OK  timeOffset=153.1520 ns, incremented to 153.1520 ns
pillbox rf_20.3: Time OK  timeOffset=153.8856 ns, incremented to 153.8856 ns
pillbox rf_b_20.1: Time OK  timeOffset=156.1929 ns, incremented to 156.1929 ns
pillbox rf_b_20.2: Time OK  timeOffset=156.9266 ns, incremented to 156.9266 ns
pillbox rf_b_20.3: Time OK  timeOffset=157.6602 ns, incremented to 157.6602 ns
pillbox rf_21.1: Time OK  timeOffset=159.9675 ns, incremented to 159.9675 ns
pillbox rf_21.2: Time OK  timeOffset=160.7011 ns, incremented to 160.7011 ns
pillbox rf_21.3: Time OK  timeOffset=161.4347 ns, incremented to 161.4347 ns
pillbox rf_b_21.1: Time OK  timeOffset=163.7420 ns, incremented to 163.7420 ns
pillbox rf_b_21.2: Time OK  timeOffset=164.4756 ns, incremented to 164.4756 ns
pillbox rf_b_21.3: Time OK  timeOffset=165.2091 ns, incremented to 165.2091 ns
pillbox rf_22.1: Time OK  timeOffset=167.5164 ns, incremented to 167.5164 ns
pillbox rf_22.2: Time OK  timeOffset=168.2500 ns, incremented to 168.2500 ns
pillbox rf_22.3: Time OK  timeOffset=168.9836 ns, incremented to 168.9836 ns
pillbox rf_b_22.1: Time OK  timeOffset=171.2909 ns, incremented to 171.2909 ns
pillbox rf_b_22.2: Time OK  timeOffset=172.0245 ns, incremented to 172.0245 ns
pillbox rf_b_22.3: Time OK  timeOffset=172.7581 ns, incremented to 172.7581 ns
pillbox rf_23.1: Time OK  timeOffset=175.0655 ns, incremented to 175.0655 ns
pillbox rf_23.2: Time OK  timeOffset=175.7991 ns, incremented to 175.7991 ns
pillbox rf_23.3: Time OK  timeOffset=176.5327 ns, incremented to 176.5327 ns
pillbox rf_b_23.1: Time OK  timeOffset=178.8401 ns, incremented to 178.8401 ns
pillbox rf_b_23.2: Time OK  timeOffset=179.5737 ns, incremented to 179.5737 ns
pillbox rf_b_23.3: Time OK  timeOffset=180.3074 ns, incremented to 180.3074 ns
pillbox rf_24.1: Time OK  timeOffset=182.6148 ns, incremented to 182.6148 ns
pillbox rf_24.2: Time OK  timeOffset=183.3484 ns, incremented to 183.3484 ns
pillbox rf_24.3: Time OK  timeOffset=184.0821 ns, incremented to 184.0821 ns
pillbox rf_b_24.1: Time OK  timeOffset=186.3895 ns, incremented to 186.3895 ns
pillbox rf_b_24.2: Time OK  timeOffset=187.1231 ns, incremented to 187.1231 ns
pillbox rf_b_24.3: Time OK  timeOffset=187.8567 ns, incremented to 187.8567 ns
pillbox rf_25.1: Time OK  timeOffset=190.1641 ns, incremented to 190.1641 ns
pillbox rf_25.2: Time OK  timeOffset=190.8978 ns, incremented to 190.8978 ns
pillbox rf_25.3: Time OK  timeOffset=191.6313 ns, incremented to 191.6313 ns
pillbox rf_b_25.1: Time OK  timeOffset=193.9387 ns, incremented to 193.9387 ns
pillbox rf_b_25.2: Time OK  timeOffset=194.6723 ns, incremented to 194.6723 ns
pillbox rf_b_25.3: Time OK  timeOffset=195.4059 ns, incremented to 195.4059 ns
pillbox rf_26.1: Time OK  timeOffset=197.7132 ns, incremented to 197.7132 ns
pillbox rf_26.2: Time OK  timeOffset=198.4468 ns, incremented to 198.4468 ns
pillbox rf_26.3: Time OK  timeOffset=199.1804 ns, incremented to 199.1804 ns
pillbox rf_b_26.1: Time OK  timeOffset=201.4877 ns, incremented to 201.4877 ns
pillbox rf_b_26.2: Time OK  timeOffset=202.2213 ns, incremented to 202.2213 ns
pillbox rf_b_26.3: Time OK  timeOffset=202.9549 ns, incremented to 202.9549 ns
pillbox rf_27.1: Time OK  timeOffset=205.2622 ns, incremented to 205.2622 ns
pillbox rf_27.2: Time OK  timeOffset=205.9958 ns, incremented to 205.9958 ns
pillbox rf_27.3: Time OK  timeOffset=206.7294 ns, incremented to 206.7294 ns
pillbox rf_b_27.1: Time OK  timeOffset=209.0367 ns, incremented to 209.0367 ns
pillbox rf_b_27.2: Time OK  timeOffset=209.7703 ns, incremented to 209.7703 ns
pillbox rf_b_27.3: Time OK  timeOffset=210.5039 ns, incremented to 210.5039 ns
pillbox rf_28.1: Time OK  timeOffset=212.8113 ns, incremented to 212.8113 ns
pillbox rf_28.2: Time OK  timeOffset=213.5449 ns, incremented to 213.5449 ns
pillbox rf_28.3: Time OK  timeOffset=214.2786 ns, incremented to 214.2786 ns
pillbox rf_b_28.1: Time OK  timeOffset=216.5859 ns, incremented to 216.5859 ns
pillbox rf_b_28.2: Time OK  timeOffset=217.3196 ns, incremented to 217.3196 ns
pillbox rf_b_28.3: Time OK  timeOffset=218.0532 ns, incremented to 218.0532 ns
pillbox rf_29.1: Time OK  timeOffset=220.3606 ns, incremented to 220.3606 ns
pillbox rf_29.2: Time OK  timeOffset=221.0942 ns, incremented to 221.0942 ns
pillbox rf_29.3: Time OK  timeOffset=221.8279 ns, incremented to 221.8279 ns
pillbox rf_b_29.1: Time OK  timeOffset=224.1353 ns, incremented to 224.1353 ns
pillbox rf_b_29.2: Time OK  timeOffset=224.8689 ns, incremented to 224.8689 ns
pillbox rf_b_29.3: Time OK  timeOffset=225.6025 ns, incremented to 225.6025 ns
pillbox rf_30.1: Time OK  timeOffset=227.9099 ns, incremented to 227.9099 ns
pillbox rf_30.2: Time OK  timeOffset=228.6435 ns, incremented to 228.6435 ns
pillbox rf_30.3: Time OK  timeOffset=229.3771 ns, incremented to 229.3771 ns
pillbox rf_b_30.1: Time OK  timeOffset=231.6844 ns, incremented to 231.6844 ns
pillbox rf_b_30.2: Time OK  timeOffset=232.4181 ns, incremented to 232.4181 ns
pillbox rf_b_30.3: Time OK  timeOffset=233.1516 ns, incremented to 233.1516 ns
pillbox rf_31.1: Time OK  timeOffset=235.4589 ns, incremented to 235.4589 ns
pillbox rf_31.2: Time OK  timeOffset=236.1926 ns, incremented to 236.1926 ns
pillbox rf_31.3: Time OK  timeOffset=236.9261 ns, incremented to 236.9261 ns
pillbox rf_b_31.1: Time OK  timeOffset=239.2334 ns, incremented to 239.2334 ns
pillbox rf_b_31.2: Time OK  timeOffset=239.9670 ns, incremented to 239.9670 ns
pillbox rf_b_31.3: Time OK  timeOffset=240.7006 ns, incremented to 240.7006 ns
pillbox rf_32.1: Time OK  timeOffset=243.0079 ns, incremented to 243.0079 ns
pillbox rf_32.2: Time OK  timeOffset=243.7415 ns, incremented to 243.7415 ns
pillbox rf_32.3: Time OK  timeOffset=244.4752 ns, incremented to 244.4752 ns
pillbox rf_b_32.1: Time OK  timeOffset=246.7825 ns, incremented to 246.7825 ns
pillbox rf_b_32.2: Time OK  timeOffset=247.5161 ns, incremented to 247.5161 ns
pillbox rf_b_32.3: Time OK  timeOffset=248.2497 ns, incremented to 248.2497 ns
pillbox rf_33.1: Time OK  timeOffset=250.5571 ns, incremented to 250.5571 ns
pillbox rf_33.2: Time OK  timeOffset=251.2907 ns, incremented to 251.2907 ns
pillbox rf_33.3: Time OK  timeOffset=252.0244 ns, incremented to 252.0244 ns
pillbox rf_b_33.1: Time OK  timeOffset=254.3318 ns, incremented to 254.3318 ns
pillbox rf_b_33.2: Time OK  timeOffset=255.0654 ns, incremented to 255.0654 ns
pillbox rf_b_33.3: Time OK  timeOffset=255.7990 ns, incremented to 255.7990 ns
pillbox rf_34.1: Time OK  timeOffset=258.1064 ns, incremented to 258.1064 ns
pillbox rf_34.2: Time OK  timeOffset=258.8400 ns, incremented to 258.8400 ns
pillbox rf_34.3: Time OK  timeOffset=259.5736 ns, incremented to 259.5736 ns
pillbox rf_b_34.1: Time OK  timeOffset=261.8810 ns, incremented to 261.8810 ns
pillbox rf_b_34.2: Time OK  timeOffset=262.6147 ns, incremented to 262.6147 ns
pillbox rf_b_34.3: Time OK  timeOffset=263.3482 ns, incremented to 263.3482 ns
pillbox rf_35.1: Time OK  timeOffset=265.6556 ns, incremented to 265.6556 ns
pillbox rf_35.2: Time OK  timeOffset=266.3892 ns, incremented to 266.3892 ns
pillbox rf_35.3: Time OK  timeOffset=267.1228 ns, incremented to 267.1228 ns
pillbox rf_b_35.1: Time OK  timeOffset=269.4301 ns, incremented to 269.4301 ns
pillbox rf_b_35.2: Time OK  timeOffset=270.1638 ns, incremented to 270.1638 ns
pillbox rf_b_35.3: Time OK  timeOffset=270.8973 ns, incremented to 270.8973 ns
pillbox rf_36.1: Time OK  timeOffset=273.2046 ns, incremented to 273.2046 ns
pillbox rf_36.2: Time OK  timeOffset=273.9383 ns, incremented to 273.9383 ns
pillbox rf_36.3: Time OK  timeOffset=274.6718 ns, incremented to 274.6718 ns
pillbox rf_b_36.1: Time OK  timeOffset=276.9791 ns, incremented to 276.9791 ns
pillbox rf_b_36.2: Time OK  timeOffset=277.7128 ns, incremented to 277.7128 ns
pillbox rf_b_36.3: Time OK  timeOffset=278.4464 ns, incremented to 278.4464 ns
pillbox rf_37.1: Time OK  timeOffset=280.7537 ns, incremented to 280.7537 ns
pillbox rf_37.2: Time OK  timeOffset=281.4873 ns, incremented to 281.4873 ns
pillbox rf_37.3: Time OK  timeOffset=282.2209 ns, incremented to 282.2209 ns
pillbox rf_b_37.1: Time OK  timeOffset=284.5283 ns, incremented to 284.5283 ns
pillbox rf_b_37.2: Time OK  timeOffset=285.2619 ns, incremented to 285.2619 ns
pillbox rf_b_37.3: Time OK  timeOffset=285.9955 ns, incremented to 285.9955 ns
pillbox rf_38.1: Time OK  timeOffset=288.3029 ns, incremented to 288.3029 ns
pillbox rf_38.2: Time OK  timeOffset=289.0365 ns, incremented to 289.0365 ns
pillbox rf_38.3: Time OK  timeOffset=289.7702 ns, incremented to 289.7702 ns
pillbox rf_b_38.1: Time OK  timeOffset=292.0775 ns, incremented to 292.0775 ns
pillbox rf_b_38.2: Time OK  timeOffset=292.8112 ns, incremented to 292.8112 ns
pillbox rf_b_38.3: Time OK  timeOffset=293.5448 ns, incremented to 293.5448 ns
pillbox rf_39.1: Time OK  timeOffset=295.8521 ns, incremented to 295.8521 ns
pillbox rf_39.2: Time OK  timeOffset=296.5858 ns, incremented to 296.5858 ns
pillbox rf_39.3: Time OK  timeOffset=297.3194 ns, incremented to 297.3194 ns
pillbox rf_b_39.1: Time OK  timeOffset=299.6267 ns, incremented to 299.6267 ns
pillbox rf_b_39.2: Time OK  timeOffset=300.3604 ns, incremented to 300.3604 ns
pillbox rf_b_39.3: Time OK  timeOffset=301.0939 ns, incremented to 301.0939 ns
pillbox rf_40.1: Time OK  timeOffset=303.4013 ns, incremented to 303.4013 ns
pillbox rf_40.2: Time OK  timeOffset=304.1349 ns, incremented to 304.1349 ns
pillbox rf_40.3: Time OK  timeOffset=304.8685 ns, incremented to 304.8685 ns
pillbox rf_b_40.1: Time OK  timeOffset=307.1758 ns, incremented to 307.1758 ns
pillbox rf_b_40.2: Time OK  timeOffset=307.9094 ns, incremented to 307.9094 ns
pillbox rf_b_40.3: Time OK  timeOffset=308.6430 ns, incremented to 308.6430 ns
pillbox rf_41.1: Time OK  timeOffset=310.9503 ns, incremented to 310.9503 ns
pillbox rf_41.2: Time OK  timeOffset=311.6840 ns, incremented to 311.6840 ns
pillbox rf_41.3: Time OK  timeOffset=312.4176 ns, incremented to 312.4176 ns
pillbox rf_b_41.1: Time OK  timeOffset=314.7249 ns, incremented to 314.7249 ns
pillbox rf_b_41.2: Time OK  timeOffset=315.4585 ns, incremented to 315.4585 ns
pillbox rf_b_41.3: Time OK  timeOffset=316.1921 ns, incremented to 316.1921 ns
pillbox rf_42.1: Time OK  timeOffset=318.4995 ns, incremented to 318.4995 ns
pillbox rf_42.2: Time OK  timeOffset=319.2331 ns, incremented to 319.2331 ns
pillbox rf_42.3: Time OK  timeOffset=319.9667 ns, incremented to 319.9667 ns
pillbox rf_b_42.1: Time OK  timeOffset=322.2741 ns, incremented to 322.2741 ns
pillbox rf_b_42.2: Time OK  timeOffset=323.0077 ns, incremented to 323.0077 ns
pillbox rf_b_42.3: Time OK  timeOffset=323.7413 ns, incremented to 323.7413 ns
pillbox rf_43.1: Time OK  timeOffset=326.0487 ns, incremented to 326.0487 ns
pillbox rf_43.2: Time OK  timeOffset=326.7823 ns, incremented to 326.7823 ns
pillbox rf_43.3: Time OK  timeOffset=327.5159 ns, incremented to 327.5159 ns
pillbox rf_b_43.1: Time OK  timeOffset=329.8233 ns, incremented to 329.8233 ns
pillbox rf_b_43.2: Time OK  timeOffset=330.5569 ns, incremented to 330.5569 ns
pillbox rf_b_43.3: Time OK  timeOffset=331.2905 ns, incremented to 331.2905 ns
pillbox rf_44.1: Time OK  timeOffset=333.5979 ns, incremented to 333.5979 ns
pillbox rf_44.2: Time OK  timeOffset=334.3315 ns, incremented to 334.3315 ns
pillbox rf_44.3: Time OK  timeOffset=335.0651 ns, incremented to 335.0651 ns
pillbox rf_b_44.1: Time OK  timeOffset=337.3724 ns, incremented to 337.3724 ns
pillbox rf_b_44.2: Time OK  timeOffset=338.1060 ns, incremented to 338.1060 ns
pillbox rf_b_44.3: Time OK  timeOffset=338.8396 ns, incremented to 338.8396 ns
pillbox rf_45.1: Time OK  timeOffset=341.1469 ns, incremented to 341.1469 ns
pillbox rf_45.2: Time OK  timeOffset=341.8806 ns, incremented to 341.8806 ns
pillbox rf_45.3: Time OK  timeOffset=342.6142 ns, incremented to 342.6142 ns
pillbox rf_b_45.1: Time OK  timeOffset=344.9215 ns, incremented to 344.9215 ns
pillbox rf_b_45.2: Time OK  timeOffset=345.6551 ns, incremented to 345.6551 ns
pillbox rf_b_45.3: Time OK  timeOffset=346.3887 ns, incremented to 346.3887 ns
pillbox rf_46.1: Time OK  timeOffset=348.6960 ns, incremented to 348.6960 ns
pillbox rf_46.2: Time OK  timeOffset=349.4297 ns, incremented to 349.4297 ns
pillbox rf_46.3: Time OK  timeOffset=350.1633 ns, incremented to 350.1633 ns
pillbox rf_b_46.1: Time OK  timeOffset=352.4706 ns, incremented to 352.4706 ns
pillbox rf_b_46.2: Time OK  timeOffset=353.2042 ns, incremented to 353.2042 ns
pillbox rf_b_46.3: Time OK  timeOffset=353.9379 ns, incremented to 353.9379 ns
pillbox rf_47.1: Time OK  timeOffset=356.2452 ns, incremented to 356.2452 ns
pillbox rf_47.2: Time OK  timeOffset=356.9788 ns, incremented to 356.9788 ns
pillbox rf_47.3: Time OK  timeOffset=357.7125 ns, incremented to 357.7125 ns
pillbox rf_b_47.1: Time OK  timeOffset=360.0198 ns, incremented to 360.0198 ns
pillbox rf_b_47.2: Time OK  timeOffset=360.7534 ns, incremented to 360.7534 ns
pillbox rf_b_47.3: Time OK  timeOffset=361.4870 ns, incremented to 361.4870 ns
pillbox rf_48.1: Time OK  timeOffset=363.7944 ns, incremented to 363.7944 ns
pillbox rf_48.2: Time OK  timeOffset=364.5280 ns, incremented to 364.5280 ns
pillbox rf_48.3: Time OK  timeOffset=365.2616 ns, incremented to 365.2616 ns
pillbox rf_b_48.1: Time OK  timeOffset=367.5690 ns, incremented to 367.5690 ns
pillbox rf_b_48.2: Time OK  timeOffset=368.3026 ns, incremented to 368.3026 ns
pillbox rf_b_48.3: Time OK  timeOffset=369.0362 ns, incremented to 369.0362 ns
pillbox rf_49.1: Time OK  timeOffset=371.3435 ns, incremented to 371.3435 ns
pillbox rf_49.2: Time OK  timeOffset=372.0772 ns, incremented to 372.0772 ns
pillbox rf_49.3: Time OK  timeOffset=372.8107 ns, incremented to 372.8107 ns
pillbox rf_b_49.1: Time OK  timeOffset=375.1181 ns, incremented to 375.1181 ns
pillbox rf_b_49.2: Time OK  timeOffset=375.8517 ns, incremented to 375.8517 ns
pillbox rf_b_49.3: Time OK  timeOffset=376.5853 ns, incremented to 376.5853 ns
pillbox rf_50.1: Time OK  timeOffset=378.8926 ns, incremented to 378.8926 ns
pillbox rf_50.2: Time OK  timeOffset=379.6263 ns, incremented to 379.6263 ns
pillbox rf_50.3: Time OK  timeOffset=380.3599 ns, incremented to 380.3599 ns
pillbox rf_b_50.1: Time OK  timeOffset=382.6672 ns, incremented to 382.6672 ns
pillbox rf_b_50.2: Time OK  timeOffset=383.4008 ns, incremented to 383.4008 ns
pillbox rf_b_50.3: Time OK  timeOffset=384.1344 ns, incremented to 384.1344 ns
pillbox rf_51.1: Time OK  timeOffset=386.4418 ns, incremented to 386.4418 ns
pillbox rf_51.2: Time OK  timeOffset=387.1754 ns, incremented to 387.1754 ns
pillbox rf_51.3: Time OK  timeOffset=387.9090 ns, incremented to 387.9090 ns
pillbox rf_b_51.1: Time OK  timeOffset=390.2164 ns, incremented to 390.2164 ns
pillbox rf_b_51.2: Time OK  timeOffset=390.9500 ns, incremented to 390.9500 ns
pillbox rf_b_51.3: Time OK  timeOffset=391.6836 ns, incremented to 391.6836 ns
pillbox rf_52.1: Time OK  timeOffset=393.9909 ns, incremented to 393.9909 ns
pillbox rf_52.2: Time OK  timeOffset=394.7246 ns, incremented to 394.7246 ns
pillbox rf_52.3: Time OK  timeOffset=395.4582 ns, incremented to 395.4582 ns
pillbox rf_b_52.1: Time OK  timeOffset=397.7655 ns, incremented to 397.7655 ns
pillbox rf_b_52.2: Time OK  timeOffset=398.4991 ns, incremented to 398.4991 ns
pillbox rf_b_52.3: Time OK  timeOffset=399.2327 ns, incremented to 399.2327 ns
pillbox rf_53.1: Time OK  timeOffset=401.5401 ns, incremented to 401.5401 ns
pillbox rf_53.2: Time OK  timeOffset=402.2737 ns, incremented to 402.2737 ns
pillbox rf_53.3: Time OK  timeOffset=403.0073 ns, incremented to 403.0073 ns
pillbox rf_b_53.1: Time OK  timeOffset=405.3146 ns, incremented to 405.3146 ns
pillbox rf_b_53.2: Time OK  timeOffset=406.0482 ns, incremented to 406.0482 ns
pillbox rf_b_53.3: Time OK  timeOffset=406.7818 ns, incremented to 406.7818 ns
pillbox rf_54.1: Time OK  timeOffset=409.0892 ns, incremented to 409.0892 ns
pillbox rf_54.2: Time OK  timeOffset=409.8228 ns, incremented to 409.8228 ns
pillbox rf_54.3: Time OK  timeOffset=410.5564 ns, incremented to 410.5564 ns
pillbox rf_b_54.1: Time OK  timeOffset=412.8637 ns, incremented to 412.8637 ns
pillbox rf_b_54.2: Time OK  timeOffset=413.5974 ns, incremented to 413.5974 ns
pillbox rf_b_54.3: Time OK  timeOffset=414.3309 ns, incremented to 414.3309 ns
pillbox rf_55.1: Time OK  timeOffset=416.6383 ns, incremented to 416.6383 ns
pillbox rf_55.2: Time OK  timeOffset=417.3719 ns, incremented to 417.3719 ns
pillbox rf_55.3: Time OK  timeOffset=418.1055 ns, incremented to 418.1055 ns
pillbox rf_b_55.1: Time OK  timeOffset=420.4129 ns, incremented to 420.4129 ns
pillbox rf_b_55.2: Time OK  timeOffset=421.1465 ns, incremented to 421.1465 ns
pillbox rf_b_55.3: Time OK  timeOffset=421.8801 ns, incremented to 421.8801 ns
pillbox rf_56.1: Time OK  timeOffset=424.1875 ns, incremented to 424.1875 ns
pillbox rf_56.2: Time OK  timeOffset=424.9211 ns, incremented to 424.9211 ns
pillbox rf_56.3: Time OK  timeOffset=425.6547 ns, incremented to 425.6547 ns
pillbox rf_b_56.1: Time OK  timeOffset=427.9621 ns, incremented to 427.9621 ns
pillbox rf_b_56.2: Time OK  timeOffset=428.6957 ns, incremented to 428.6957 ns
pillbox rf_b_56.3: Time OK  timeOffset=429.4293 ns, incremented to 429.4293 ns
pillbox rf_57.1: Time OK  timeOffset=431.7367 ns, incremented to 431.7367 ns
pillbox rf_57.2: Time OK  timeOffset=432.4703 ns, incremented to 432.4703 ns
pillbox rf_57.3: Time OK  timeOffset=433.2039 ns, incremented to 433.2039 ns
pillbox rf_b_57.1: Time OK  timeOffset=435.5112 ns, incremented to 435.5112 ns
pillbox rf_b_57.2: Time OK  timeOffset=436.2448 ns, incremented to 436.2448 ns
pillbox rf_b_57.3: Time OK  timeOffset=436.9784 ns, incremented to 436.9784 ns
pillbox rf_58.1: Time OK  timeOffset=439.2857 ns, incremented to 439.2857 ns
pillbox rf_58.2: Time OK  timeOffset=440.0193 ns, incremented to 440.0193 ns
pillbox rf_58.3: Time OK  timeOffset=440.7529 ns, incremented to 440.7529 ns
pillbox rf_b_58.1: Time OK  timeOffset=443.0602 ns, incremented to 443.0602 ns
pillbox rf_b_58.2: Time OK  timeOffset=443.7939 ns, incremented to 443.7939 ns
pillbox rf_b_58.3: Time OK  timeOffset=444.5275 ns, incremented to 444.5275 ns
pillbox rf_59.1: Time OK  timeOffset=446.8348 ns, incremented to 446.8348 ns
pillbox rf_59.2: Time OK  timeOffset=447.5684 ns, incremented to 447.5684 ns
pillbox rf_59.3: Time OK  timeOffset=448.3020 ns, incremented to 448.3020 ns
pillbox rf_b_59.1: Time OK  timeOffset=450.6093 ns, incremented to 450.6093 ns
pillbox rf_b_59.2: Time OK  timeOffset=451.3430 ns, incremented to 451.3430 ns
pillbox rf_b_59.3: Time OK  timeOffset=452.0766 ns, incremented to 452.0766 ns
pillbox rf_60.1: Time OK  timeOffset=454.3839 ns, incremented to 454.3839 ns
pillbox rf_60.2: Time OK  timeOffset=455.1176 ns, incremented to 455.1176 ns
pillbox rf_60.3: Time OK  timeOffset=455.8512 ns, incremented to 455.8512 ns
pillbox rf_b_60.1: Time OK  timeOffset=458.1586 ns, incremented to 458.1586 ns
pillbox rf_b_60.2: Time OK  timeOffset=458.8922 ns, incremented to 458.8922 ns
pillbox rf_b_60.3: Time OK  timeOffset=459.6258 ns, incremented to 459.6258 ns
Run complete  1 Events  0 seconds
================== Begin Reference Particle(s) ===============
***  Tune and Reference Particles ignore E fields.
***  Tune and Reference Particles ignore Energy loss.
Run complete  1 Events  0 seconds
================== Prepare Tracking Beam ==================
Stochastic processes are enabled.
**************************************************************************
*** G4Exception: Physics process disabled
***    severity: Warning
***   issued by: physics
*** description: Decay
**************************************************************************
================== Begin Tracking Beam ===============
Event 1 Completed  1 events  realTime=1 sec  1.0 ev/sec
Event 2 Completed  2 events  realTime=1 sec  2.0 ev/sec
Event 3 Completed  3 events  realTime=1 sec  3.0 ev/sec
Event 4 Completed  4 events  realTime=1 sec  4.0 ev/sec
Event 5 Completed  5 events  realTime=1 sec  5.0 ev/sec
Event 6 Completed  6 events  realTime=1 sec  6.0 ev/sec
Event 7 Completed  7 events  realTime=1 sec  7.0 ev/sec
Event 8 Completed  8 events  realTime=1 sec  8.0 ev/sec
Event 9 Completed  9 events  realTime=1 sec  9.0 ev/sec
Event 10 Completed  10 events  realTime=1 sec  10.0 ev/sec
Event 20 Completed  20 events  realTime=2 sec  10.0 ev/sec
Event 30 Completed  30 events  realTime=3 sec  10.0 ev/sec
Event 40 Completed  40 events  realTime=4 sec  10.0 ev/sec
Event 50 Completed  50 events  realTime=4 sec  12.5 ev/sec
Event 60 Completed  60 events  realTime=5 sec  12.0 ev/sec
Event 70 Completed  70 events  realTime=6 sec  11.7 ev/sec
Event 80 Completed  80 events  realTime=7 sec  11.4 ev/sec
Event 90 Completed  90 events  realTime=8 sec  11.2 ev/sec
Event 100 Completed  100 events  realTime=9 sec  11.1 ev/sec
Event 200 Completed  200 events  realTime=17 sec  11.8 ev/sec
Event 300 Completed  300 events  realTime=25 sec  12.0 ev/sec
Event 400 Completed  400 events  realTime=33 sec  12.1 ev/sec
Event 500 Completed  500 events  realTime=41 sec  12.2 ev/sec
Event 600 Completed  600 events  realTime=49 sec  12.2 ev/sec
Event 700 Completed  700 events  realTime=57 sec  12.3 ev/sec
Event 800 Completed  800 events  realTime=64 sec  12.5 ev/sec
Event 900 Completed  900 events  realTime=72 sec  12.5 ev/sec
Event 1000 Completed  1000 events  realTime=80 sec  12.5 ev/sec
Event 2000 Completed  2000 events  realTime=159 sec  12.6 ev/sec
Event 3000 Completed  3000 events  realTime=235 sec  12.8 ev/sec
Event 4000 Completed  4000 events  realTime=312 sec  12.8 ev/sec
Event 5000 Completed  5000 events  realTime=389 sec  12.9 ev/sec
Event 6000 Completed  6000 events  realTime=465 sec  12.9 ev/sec
Event 7000 Completed  7000 events  realTime=542 sec  12.9 ev/sec
Event 8000 Completed  8000 events  realTime=619 sec  12.9 ev/sec
Event 9000 Completed  9000 events  realTime=695 sec  12.9 ev/sec
Event 10000 Completed  10000 events  realTime=773 sec  12.9 ev/sec
Run complete  10000 Events  773 seconds
NTuple field_out_1d         201 entries
FOR009.DAT Region 1 z=0.0  10060 tracks,  12 unsupported particles ignored
FOR009.DAT Region 2 z=2000.0  10484 tracks,  29 unsupported particles ignored
FOR009.DAT Region 3 z=4000.0  10465 tracks,  43 unsupported particles ignored
FOR009.DAT Region 4 z=6000.0  10456 tracks,  45 unsupported particles ignored
FOR009.DAT Region 5 z=8000.0  10479 tracks,  54 unsupported particles ignored
FOR009.DAT Region 6 z=10000.0  10386 tracks,  38 unsupported particles ignored
FOR009.DAT Region 7 z=12000.0  10355 tracks,  51 unsupported particles ignored
FOR009.DAT Region 8 z=14000.0  10273 tracks,  37 unsupported particles ignored
FOR009.DAT Region 9 z=16000.0  10242 tracks,  39 unsupported particles ignored
FOR009.DAT Region 10 z=18000.0  10219 tracks,  44 unsupported particles ignored
FOR009.DAT Region 11 z=20000.0  10209 tracks,  36 unsupported particles ignored
FOR009.DAT Region 12 z=22000.0  10182 tracks,  47 unsupported particles ignored
FOR009.DAT Region 13 z=24000.0  10151 tracks,  37 unsupported particles ignored
FOR009.DAT Region 14 z=26000.0  10146 tracks,  40 unsupported particles ignored
FOR009.DAT Region 15 z=28000.0  10089 tracks,  44 unsupported particles ignored
FOR009.DAT Region 16 z=30000.0  10122 tracks,  41 unsupported particles ignored
FOR009.DAT Region 17 z=32000.0  10090 tracks,  38 unsupported particles ignored
FOR009.DAT Region 18 z=34000.0  10041 tracks,  26 unsupported particles ignored
FOR009.DAT Region 19 z=36000.0  10094 tracks,  33 unsupported particles ignored
FOR009.DAT Region 20 z=38000.0  10066 tracks,  43 unsupported particles ignored
FOR009.DAT Region 21 z=40000.0  10018 tracks,  50 unsupported particles ignored
FOR009.DAT Region 22 z=42000.0  9993 tracks,  34 unsupported particles ignored
FOR009.DAT Region 23 z=44000.0  10043 tracks,  48 unsupported particles ignored
FOR009.DAT Region 24 z=46000.0  10030 tracks,  38 unsupported particles ignored
FOR009.DAT Region 25 z=48000.0  9953 tracks,  49 unsupported particles ignored
FOR009.DAT Region 26 z=50000.0  9928 tracks,  35 unsupported particles ignored
FOR009.DAT Region 27 z=52000.0  10000 tracks,  44 unsupported particles ignored
FOR009.DAT Region 28 z=54000.0  9955 tracks,  41 unsupported particles ignored
FOR009.DAT Region 29 z=56000.0  9936 tracks,  47 unsupported particles ignored
FOR009.DAT Region 30 z=58000.0  9956 tracks,  51 unsupported particles ignored
FOR009.DAT Region 31 z=60000.0  9968 tracks,  52 unsupported particles ignored
FOR009.DAT Region 32 z=62000.0  9921 tracks,  38 unsupported particles ignored
FOR009.DAT Region 33 z=64000.0  9916 tracks,  35 unsupported particles ignored
FOR009.DAT Region 34 z=66000.0  9903 tracks,  39 unsupported particles ignored
FOR009.DAT Region 35 z=68000.0  9901 tracks,  65 unsupported particles ignored
FOR009.DAT Region 36 z=70000.0  9912 tracks,  40 unsupported particles ignored
FOR009.DAT Region 37 z=72000.0  9912 tracks,  60 unsupported particles ignored
FOR009.DAT Region 38 z=74000.0  9876 tracks,  49 unsupported particles ignored
FOR009.DAT Region 39 z=76000.0  9861 tracks,  38 unsupported particles ignored
FOR009.DAT Region 40 z=78000.0  9846 tracks,  39 unsupported particles ignored
FOR009.DAT Region 41 z=80000.0  9855 tracks,  44 unsupported particles ignored
FOR009.DAT Region 42 z=82000.0  9809 tracks,  39 unsupported particles ignored
FOR009.DAT Region 43 z=84000.0  9786 tracks,  30 unsupported particles ignored
FOR009.DAT Region 44 z=86000.0  9805 tracks,  39 unsupported particles ignored
FOR009.DAT Region 45 z=88000.0  9847 tracks,  53 unsupported particles ignored
FOR009.DAT Region 46 z=90000.0  9753 tracks,  27 unsupported particles ignored
FOR009.DAT Region 47 z=92000.0  9805 tracks,  34 unsupported particles ignored
FOR009.DAT Region 48 z=94000.0  9772 tracks,  41 unsupported particles ignored
FOR009.DAT Region 49 z=96000.0  9794 tracks,  44 unsupported particles ignored
FOR009.DAT Region 50 z=98000.0  9821 tracks,  38 unsupported particles ignored
FOR009.DAT Region 51 z=100000.0  9741 tracks,  29 unsupported particles ignored

Exceptions: 0 Fatal, 0 Events Aborted, 0 Stuck Tracks (stopped), 4 Warnings
      1 times: Check number of field voxels
      1 times: EM Field Extends Outside World
      1 times: Physics process disabled
      1 times: un-named arguments ignored
g4beamline: simulation complete
