* Field map generated from # field_out_2d
param normB=1.0 current=1.0
cylinder Z0=0.0 nR=51 nZ=401 dR=5.0 dZ=5.0
Bz
 6.25546e-06  6.25546e-06  6.25546e-06  6.25545e-06  6.25544e-06  6.25542e-06   6.2554e-06  6.25538e-06  6.25535e-06  6.25532e-06  6.25529e-06  6.25525e-06  6.25521e-06  6.25516e-06  6.25511e-06  6.25506e-06  6.25501e-06  6.25495e-06  6.25489e-06  6.25482e-06  6.25475e-06  6.25468e-06   6.2546e-06  6.25452e-06  6.25444e-06  6.25435e-06  6.25426e-06  6.25416e-06  6.25407e-06  6.25396e-06  6.25386e-06  6.25375e-06  6.25364e-06  6.25352e-06   6.2534e-06  6.25328e-06  6.25315e-06  6.25302e-06  6.25289e-06  6.25275e-06  6.25261e-06  6.25246e-06  6.25232e-06  6.25217e-06  6.25201e-06  6.25185e-06  6.25169e-06  6.25152e-06  6.25135e-06  6.25118e-06    6.251e-06 
    0.309732     0.309933      0.31054     0.311554     0.312981     0.314828     0.317103     0.319817     0.322983     0.326617     0.330736     0.335359     0.340508     0.346206     0.352479     0.359354      0.36686     0.375025     0.383878     0.393447     0.403756     0.414823     0.426658     0.439256     0.452594     0.466617     0.481232     0.496289     0.511565     0.526735     0.541354     0.554823     0.566377     0.575087     0.579904     0.579759     0.573713     0.561143     0.541893     0.516327     0.485278     0.449885     0.411485     0.371462     0.331203     0.292072     0.255382     0.222311     0.193815     0.170451     0.152276 
     0.61865     0.619052     0.620262     0.622284     0.625129      0.62881     0.633345     0.638756     0.645068     0.652313     0.660525     0.669743     0.680009     0.691372     0.703882     0.717594     0.732565     0.748855     0.766522     0.785624     0.806211     0.828324     0.851986     0.877198     0.903918     0.932052      0.96143     0.991773      1.02266      1.05347      1.08335      1.11111      1.13524      1.15384      1.16471      1.16555      1.15428      1.12948      1.09077      1.03893     0.975754     0.903693     0.825532     0.744094     0.662176     0.582534     0.507861     0.440638     0.382946     0.336037     0.300064 
     0.92596      0.92656     0.928365     0.931382     0.935626     0.941118     0.947884     0.955957     0.965376     0.976186     0.988439      1.00219      1.01751      1.03447      1.05315      1.07362      1.09598      1.12031      1.14671      1.17527      1.20607      1.23918      1.27465      1.31249      1.35267      1.39507      1.43949      1.48554      1.53267      1.58004      1.62641      1.67012       1.7089      1.73983      1.75938      1.76368      1.74904       1.7128      1.65416      1.57446      1.47686      1.36547      1.24477      1.11912     0.992722     0.869741     0.754365     0.650649     0.562197     0.491322     0.438393 
     1.23087      1.23166      1.23405      1.23805      1.24366      1.25093      1.25988      1.27057      1.28303      1.29734      1.31355      1.33176      1.35204      1.37449      1.39922      1.42633      1.45595      1.48821      1.52322      1.56111      1.60202      1.64604      1.69327      1.74374      1.79746      1.85432      1.91412      1.97646       2.0407      2.10587      2.17053       2.2326      2.28917      2.33631      2.36895      2.38105      2.36641       2.3202      2.24076      2.13039      1.99443      1.83941       1.6719      1.49784      1.32273      1.15203     0.991519     0.847268     0.725199     0.629531     0.561176 
      1.5326      1.53359      1.53654      1.54149      1.54844      1.55744      1.56852      1.58174      1.59718      1.61489      1.63496      1.65751      1.68262      1.71043      1.74106      1.77465      1.81137      1.85137      1.89481      1.94187      1.99273      2.04752       2.1064      2.16947      2.23677      2.30827      2.38381      2.46305      2.54539      2.62986      2.71496      2.79845      2.87701      2.94586      2.99828      3.02536      3.01673      2.96324      2.86136      2.71533      2.53467      2.32973      2.10963       1.8817      1.65235      1.42794      1.21573      1.02433     0.863504     0.741366      0.66031 
     1.83041      1.83157      1.83508      1.84094      1.84918      1.85985      1.87299      1.88868      1.90697      1.92797      1.95178      1.97852      2.00831      2.04129      2.07764      2.11751      2.16111      2.20863      2.26028      2.31627      2.37684      2.44221      2.51257      2.58811      2.66897      2.75521      2.84679      2.94349      3.04488      3.15015        3.258      3.36633      3.47188      3.56954      3.65137      3.70516      3.71368      3.65828      3.53034      3.33929      3.10376       2.8402      2.56039      2.27235      1.98239      1.69685      1.42376      1.17448     0.965093     0.812677     0.724169 
     2.12355      2.12489      2.12892      2.13566      2.14515      2.15742      2.17253      2.19057      2.21161      2.23577      2.26316      2.29391      2.32818      2.36614      2.40797      2.45388      2.50409      2.55885       2.6184      2.68303      2.75302      2.82866      2.91024      2.99803      3.09229      3.19323      3.30097      3.41551      3.53669      3.66405      3.79672       3.9332      4.07092      4.20554      4.32944      4.42859       4.4767      4.43215      4.26826      4.01274      3.70625      3.37306      3.02595      2.67167      2.31487      1.96019      1.61456       1.2903      1.01191     0.818682     0.735011 
     2.41133      2.41284      2.41737      2.42495      2.43561       2.4494      2.46639      2.48667      2.51033      2.53748      2.56827      2.60284      2.64137      2.68405       2.7311      2.78275      2.83926      2.90091      2.96802       3.0409      3.11992      3.20543      3.29784      3.39751      3.50486      3.62025      3.74403      3.87649      4.01781      4.16803      4.32698      4.49409      4.66824      4.84725      5.02683      5.19732      5.33212      5.34396      5.10193      4.73968      4.34154      3.92905      3.50837      3.08183      2.65205      2.22163      1.79318      1.37186       0.9802     0.702143      0.66723 
     2.69309      2.69475      2.69975      2.70812      2.71989      2.73512      2.75387      2.77626      2.80237      2.83235      2.86633       2.9045      2.94704      2.99416      3.04611      3.10316      3.16559      3.23374      3.30797      3.38865      3.47621       3.5711       3.6738      3.78483      3.90474       4.0341      4.17348      4.32351      4.48478      4.65791      4.84353      5.04226      5.25483      5.48218       5.7259      5.98925      6.27943      6.60873      5.85321      5.13317      4.99884      4.87498      4.19002      3.50509      2.81627      2.11952       1.9756      1.81254      1.05405      0.24947      0.51842 
     2.96819         2.97      2.97544      2.98454      2.99734      3.01391      3.03431      3.05866      3.08706      3.11966      3.15662      3.19813      3.24439      3.29564      3.35214       3.4142      3.48214      3.55633      3.63717       3.7251      3.82062      3.92425      4.03659      4.15827         4.29      4.43254      4.58674      4.75352      4.93392      5.12913      5.34057         5.57      5.81986      6.09387      6.39854      6.74772      7.17886      7.81306      6.55855      5.49689      5.63537      5.80566      4.86086      3.92186       2.9785      2.02043      2.16753      2.27339      1.16659     -0.14717     0.416454 
     3.23605      3.23799      3.24384      3.25362      3.26737      3.28517      3.30709      3.33324      3.36375      3.39876      3.43845      3.48302      3.53269      3.58773       3.6484      3.71505      3.78802      3.86773      3.95461      4.04916      4.15195      4.26358      4.38473      4.51617      4.65875      4.81342      4.98127      5.16352       5.3616      5.57719      5.81238       6.0698      6.35303       6.6672      7.02021      7.42455      7.89907      8.48544      7.29509      6.18036      6.21136      6.27861      5.27729      4.31215      3.34256      2.32767      2.37089      2.36835      1.20843   -0.0383295     0.481176 
     3.49613       3.4982      3.50441      3.51481      3.52943      3.54834      3.57164      3.59943      3.63184      3.66904       3.7112      3.75854      3.81129      3.86973      3.93416      4.00493      4.08241      4.16706      4.25935      4.35982       4.4691      4.58786      4.71687        4.857      5.00925      5.17472      5.35471      5.55071      5.76445      5.99801      6.25393      6.53537      6.84641      7.19245      7.58069      8.01977      8.51225      8.99008      8.03365      7.07104      6.73059      6.42381      5.55753      4.68594      3.80978      2.92982      2.60065      2.22802      1.22467     0.219935     0.640325 
     3.74794      3.75012      3.75666      3.76761      3.78301      3.80292      3.82745       3.8567      3.89082      3.92996      3.97432      4.02411      4.07959      4.14103      4.20877      4.28315       4.3646      4.45357      4.55057      4.65619      4.77109      4.89601       5.0318      5.17941      5.33994      5.51465      5.70499      5.91264      6.13958      6.38817      6.66119      6.96205      7.29489      7.66478        8.078      8.54273       9.0757      9.74673      8.41938      7.22027      7.20566      7.22498      6.13474      5.05391      3.96908      2.86683      2.86578      2.82354       1.5884     0.216367     0.836044 
     3.99104      3.99331      4.00015      4.01159      4.02766      4.04846      4.07406      4.10459      4.14019      4.18103       4.2273      4.27922      4.33706      4.40109      4.47167      4.54915      4.63396      4.72658      4.82756       4.9375      5.05709      5.18713       5.3285      5.48224      5.64952       5.8317      6.03036      6.24731       6.4847      6.74502      7.03122      7.34674      7.69557      8.08226      8.51173      8.98881      9.51683      10.1158      8.88537      7.68974      7.61967      7.57936      6.47015      5.39841      4.32346      3.20465      3.14769      3.05576      1.83241     0.569791      1.13329 
     4.22504       4.2274      4.23449      4.24634        4.263      4.28455      4.31108       4.3427      4.37957      4.42185      4.46973      4.52345      4.58326      4.64946      4.72238      4.80242      4.88999      4.98558      5.08976      5.20314      5.32644      5.46048      5.60617       5.7646      5.93698      6.12474      6.32951      6.55322      6.79808       7.0667      7.36204      7.68754      8.04703      8.44462      8.88437      9.36896      9.89198      10.3759      9.39696      8.38743      7.98471      7.60839      6.67044      5.72766      4.78225      3.83666      3.44872      3.03017      2.00307      1.00692      1.47379 
     4.44961      4.45204      4.45934      4.47154      4.48869      4.51087      4.53816      4.57069       4.6086      4.65206      4.70126      4.75643      4.81783      4.88576      4.96055      5.04258      5.13228      5.23015      5.33673      5.45266      5.57866      5.71554      5.86425      6.02586      6.20162      6.39296      6.60157      6.82938      7.07866      7.35202      7.65247      7.98341       8.3486      8.75203      9.19775      9.69041      10.2422      10.9187      9.58191       8.3602      8.31395      8.29685      7.16875      6.05081      4.93129      3.79858      3.77404      3.71937      2.48828      1.14218      1.81329 
     4.66447      4.66696      4.67443      4.68691      4.70445      4.72713      4.75503      4.78828      4.82701      4.87139      4.92162       4.9779      5.04051      5.10973      5.18589      5.26936      5.36057         5.46       5.5682      5.68578      5.81345      5.95202      6.10241      6.26569      6.44308        6.636      6.84611      7.07533      7.32592      7.60046      7.90197      8.23387      8.59997      9.00434        9.451      9.94343      10.4834      11.0896      9.86113      8.66304      8.58758      8.54071      7.42531      6.34896      5.27209      4.15524      4.10574      4.02899      2.83127      1.60765       2.2262 
      4.8694      4.87193      4.87953      4.89222      4.91006      4.93311      4.96147      4.99526      5.03459      5.07964      5.13059      5.18767       5.2511      5.32118      5.39823       5.4826      5.57471      5.67501      5.78404      5.90238      6.03073      6.16984      6.32061      6.48405      6.66134      6.85385      7.06317      7.29113      7.53993      7.81211      8.11063      8.43897      8.80109       9.2014      9.64444      10.1336      10.6633      11.1568      10.1906      9.19714      8.81351      8.45895      7.54527      6.62931      5.71349      4.80057       4.4487      4.06995      3.08684       2.1398      2.66261 
     5.06422      5.06678      5.07446       5.0873      5.10535      5.12866      5.15733      5.19146      5.23119      5.27666      5.32807       5.3856       5.4495      5.52003       5.5975      5.68224      5.77465      5.87516      5.98427      6.10253      6.23057      6.36913      6.51902       6.6812      6.85675      7.04693      7.25323      7.47737      7.72138      7.98768      8.27916      8.59928       8.9522       9.3429      9.77727      10.2628       10.815      11.5029      10.1897      9.00289       9.0005       9.0336      7.96012      6.90014      5.84136      4.77167      4.81143      4.82069      3.65104      2.36236      3.08729 
     5.24881      5.25138      5.25912      5.27205      5.29021      5.31366       5.3425      5.37681      5.41673      5.46239      5.51397      5.57166      5.63567      5.70626      5.78371      5.86833      5.96048      6.06057      6.16905      6.28643      6.41328      6.55026      6.69811      6.85768      7.02995      7.21604      7.41726      7.63514      7.87152      8.12858        8.409       8.7161      9.05412      9.42848      9.84621      10.3159      10.8466       11.464      10.2706       9.1287      9.12448       9.1581      8.12862       7.1418      6.15725      5.13465       5.1794      5.19306      4.07615      2.91809       3.5852 
      5.4231      5.42568      5.43343      5.44639      5.46458      5.48807      5.51693      5.55126      5.59118      5.63681      5.68831      5.74587      5.80967      5.87995      5.95697      6.04101      6.13239      6.23148      6.33868      6.45445      6.57928      6.71376      6.85852      7.01429      7.18191      7.36232      7.55662       7.7661      7.99228        8.237      8.50255      8.79187      9.10888      9.45907      9.85034      10.2934      10.7956      11.2959      10.3787      9.46915      9.19003      8.94983      8.15499      7.36073      6.56947      5.78386      5.56007      5.30445       4.4282       3.5575      4.11934 
     5.58706      5.58964      5.59738       5.6103      5.62845      5.65187      5.68064      5.71484      5.75458      5.79997      5.85117      5.90832      5.97162      6.04125      6.11747       6.2005      6.29065      6.38823      6.49358      6.60708      6.72918      6.86035      7.00111      7.15206      7.31386      7.48725       7.6731      7.87236      8.08619      8.31593      8.56329      8.83046      9.12049        9.438      9.79067      10.1934      10.6814      11.3603      10.1186      9.05897        9.205      9.39121      8.47075      7.56441      6.66228      5.75454       5.9617      6.13852      5.11861      3.92674      4.67136 
     5.74073      5.74329      5.75098      5.76383      5.78185      5.80511      5.83367       5.8676        5.907      5.95198      6.00265      6.05917      6.12169      6.19039      6.26546      6.34713      6.43564      6.53125      6.63424      6.74495       6.8637      6.99088       7.1269       7.2722      7.42725      7.59259      7.76879      7.95647      8.15632      8.36912       8.5958      8.83747      9.09567      9.37271      9.67271      10.0047      10.3936      10.9435      9.88411      8.94909      9.15041      9.37788      8.53454      7.73227      6.93552      6.10873      6.36277      6.60318      5.71785      4.72003      5.34781 
     5.88416      5.88669      5.89431      5.90703      5.92487      5.94789      5.97613      6.00967      6.04859      6.09297      6.14294      6.19861      6.26012      6.32762      6.40127      6.48126      6.56778      6.66104      6.76128      6.86873      6.98366      7.10633      7.23704      7.37606      7.52371      7.68026      7.84602      8.02125      8.20616      8.40091      8.60558      8.82004      9.04394      9.27642      9.51558      9.75654      9.98207      10.1002      9.81114      9.42925       9.0463      8.66306      8.27001      7.86996       7.4763      7.10261      6.75283      6.41683      6.09806      5.88984      6.10531 
     6.01744      6.01994      6.02746      6.04001      6.05761      6.08031      6.10815      6.14119       6.1795      6.22316      6.27226       6.3269       6.3872      6.45327      6.52526      6.60331      6.68756      6.77818      6.87534       6.9792      7.08994      7.20773      7.33272      7.46508      7.60491      7.75229      7.90723      8.06966      8.23935      8.41588      8.59852      8.78602      8.97633      9.16589      9.34819      9.51021      9.62355      9.63108      9.48668      9.23943      8.94658      8.63564      8.31984      8.00621      7.70006      7.40684      7.13429      6.89589      6.72089      6.66704      6.78165 
     6.14071      6.14317      6.15057      6.16292      6.18023      6.20255       6.2299      6.26235      6.29994      6.34275      6.39085      6.44431      6.50323      6.56771      6.63785      6.71374      6.79551      6.88326      6.97711      7.07714      7.18345      7.29613       7.4152       7.5407      7.67257      7.81068      7.95483      8.10462      8.25947      8.41847      8.58028      8.74285      8.90305      9.05594      9.19358      9.30295      9.36371      9.35102      9.25268      9.08362      8.87026      8.63358      8.38775      8.14236      7.90518      7.68416      7.48934      7.33514      7.24333      7.23996      7.33864 
     6.25412      6.25654       6.2638      6.27591       6.2929      6.31478      6.34159      6.37336      6.41015      6.45201      6.49899      6.55116      6.60858      6.67132      6.73946      6.81306      6.89219      6.97692       7.0673      7.16336      7.26513       7.3726       7.4857      7.60434      7.72833      7.85738      7.99108      8.12882      8.26973      8.41259      8.55568      8.69653      8.83163      8.95592      9.06216      9.14037      9.17823      9.16435      9.09463      8.97587      8.82168      8.64605      8.46094      8.27597      8.09968      7.94069      7.80888      7.71619      7.67678      7.70364      7.80251 
     6.35787      6.36023      6.36734       6.3792      6.39581      6.41721      6.44342      6.47447      6.51038      6.55121      6.59699      6.64777      6.70359       6.7645      6.83054      6.90175      6.97815      7.05977      7.14662      7.23867      7.33588      7.43817      7.54539      7.65733      7.77372      7.89414      8.01803      8.14462      8.27288      8.40142      8.52837      8.65121      8.76654      8.86989      8.95549      9.01639      9.04535      9.03679      8.98938      8.90716      8.79826      8.67215      8.53826      8.40517      8.28097      8.17376      8.09219      8.04545      8.04289      8.09191      8.19566 
     6.45214      6.45445      6.46139      6.47297       6.4892      6.51009      6.53565      6.56592      6.60091      6.64065      6.68517       6.7345      6.78866      6.84767      6.91155      6.98031      7.05395      7.13245      7.21576      7.30384      7.39656       7.4938      7.59534       7.7009      7.81012      7.92251       8.0374      8.15395      8.27107      8.38731      8.50085      8.60932      8.70975      8.79847       8.8712      8.92327      8.95042      8.94985      8.92139      8.86793      8.79493      8.70914      8.61795      8.52855      8.44805      8.38352      8.34213      8.33087      8.35621       8.4229      8.53301 
     6.53716      6.53941      6.54618      6.55747      6.57329      6.59363      6.61853      6.64798      6.68201      6.72063      6.76386       6.8117      6.86416      6.92124      6.98295      7.04925      7.12013      7.19554      7.27538      7.35958      7.44797      7.54038      7.63654      7.73612      7.83872      7.94377       8.0506      8.15833      8.26586      8.37184      8.47455      8.57195      8.66155       8.7405      8.80572      8.85415      8.88327      8.89175      8.87995      8.85018      8.80643      8.75378      8.69801      8.64505      8.60087       8.5714      8.56242      8.57931      8.62678      8.70813      8.82491 
     6.61315      6.61535      6.62194      6.63293      6.64832      6.66811      6.69232      6.72094      6.75399      6.79147      6.83337      6.87971      6.93046      6.98562      7.04516      7.10905      7.17722       7.2496       7.3261      7.40657      7.49084      7.57869      7.66984      7.76392      7.86049      7.95899      8.05872      8.15885      8.25834      8.35594      8.45016      8.53926      8.62128      8.69406      8.75542       8.8034      8.83655      8.85432      8.85736      8.84759      8.82814      8.80295      8.77661      8.75394      8.73986       8.7392      8.75664      8.79633      8.86182      8.95558      9.07883 
     6.68036       6.6825      6.68891      6.69959      6.71455      6.73378      6.75729      6.78507      6.81713      6.85346      6.89405      6.93888      6.98795      7.04121      7.09863      7.16015      7.22569      7.29517      7.36846      7.44541      7.52581      7.60943      7.69597      7.78505      7.87623      7.96896      8.06257      8.15627      8.24913      8.34005      8.42776      8.51085      8.58779        8.657      8.71697      8.76646      8.80469      8.83158      8.84788      8.85526      8.85625        8.854      8.85218       8.8547      8.86557      8.88872      8.92786      8.98629      9.06673      9.17111      9.30042 
     6.73903      6.74111      6.74733       6.7577      6.77223      6.79089       6.8137      6.84065      6.87172      6.90691       6.9462      6.98956      7.03697      7.08838      7.14374      7.20298      7.26601      7.33272      7.40299      7.47663      7.55345      7.63319      7.71555      7.80015      7.88658      7.97429      8.06269      8.15105      8.23854      8.32424       8.4071      8.48599      8.55976      8.62725      8.68747      8.73965      8.78343        8.819      8.84716      8.86937      8.88771      8.90474      8.92344      8.94699      8.97861      9.02151      9.07865      9.15264      9.24564      9.35917      9.49406 
      6.7894      6.79141      6.79745      6.80752      6.82161      6.83972      6.86184      6.88795      6.91806      6.95213      6.99014      7.03207      7.07787      7.12749      7.18087      7.23793      7.29858      7.36269      7.43013      7.50071      7.57424      7.65045      7.72906       7.8097      7.89198       7.9754      8.05941      8.14339      8.22663      8.30834      8.38769      8.46379      8.53579      8.60288       8.6644      8.71994       8.7694       8.8131      8.85185      8.88693       8.9201      8.95344      8.98941      9.03056      9.07953      9.13891      9.21107      9.29811      9.40176      9.52322       9.6632 
     6.83171      6.83366      6.83952      6.84929      6.86295      6.88051      6.90195      6.92726      6.95641       6.9894      7.02617      7.06671      7.11096      7.15887      7.21037      7.26537      7.32378      7.38546      7.45028      7.51805      7.58858      7.66162      7.73689      7.81406      7.89276      7.97254      8.05292      8.13337      8.21328      8.29202      8.36891      8.44331      8.51458      8.58216      8.64566      8.70488      8.75991      8.81113      8.85933      8.90563      8.95152      8.99874      9.04929      9.10527      9.16882      9.24203      9.32683       9.4249      9.53762        9.666      9.81059 
      6.8662      6.86809      6.87378      6.88325       6.8965      6.91352       6.9343      6.95882      6.98706      7.01899      7.05458      7.09378      7.13656      7.18284      7.23256      7.28562      7.34193      7.40137      7.46377      7.52899      7.59682      7.66703      7.73935       7.8135      7.88913      7.96586      8.04326      8.12089      8.19825      8.27483      8.35012      8.42362      8.49489      8.56357      8.62944      8.69245       8.7528      8.81092      8.86753      8.92364      8.98049      9.03956       9.1025      9.17102      9.24688      9.33178      9.42727      9.53473      9.65527      9.78969      9.93849 
     6.89311      6.89494      6.90046      6.90964      6.92249      6.93899      6.95913      6.98289      7.01025      7.04117      7.07562      7.11356      7.15493      7.19968      7.24772      7.29898      7.35335       7.4107      7.47091      7.53381      7.59921       7.6669      7.73665      7.80819      7.88122       7.9554      8.03039      8.10581      8.18125      8.25633      8.33064      8.40384      8.47563      8.54578      8.61421      8.68098      8.74633      8.81072      8.87481      8.93949      9.00583      9.07507      9.14857      9.22776      9.31407       9.4089      9.51351      9.62901      9.75632      9.89608      10.0487 
     6.91266      6.91444      6.91979       6.9287      6.94116      6.95716      6.97669      6.99972      7.02622      7.05618      7.08955      7.12629      7.16634      7.20964      7.25613       7.3057      7.35828      7.41373      7.47193      7.53273      7.59597      7.66144      7.72894      7.79824      7.86907      7.94115      8.01419      8.08789      8.16193        8.236      8.30983      8.38315      8.45579      8.52764      8.59869      8.66907      8.73907      8.80913      8.87986      8.95204      9.02661      9.10459      9.18714      9.27545      9.37069        9.474      9.58643      9.70888      9.84208      9.98659      10.1427 
     6.92508      6.92681        6.932      6.94064      6.95273      6.96825      6.98719      7.00952      7.03522      7.06426      7.09661      7.13221      7.17102      7.21297        7.258      7.30602      7.35694      7.41065      7.46704      7.52596      7.58726      7.65078      7.71633       7.7837      7.85268      7.92303      7.99452       8.0669      8.13993      8.21338      8.28706      8.36081      8.43451      8.50814      8.58177      8.65557      8.72984      8.80499       8.8816      8.96036      9.04207       9.1276      9.21795      9.31407      9.41697      9.52758      9.64676      9.77524      9.91363      10.0624      10.2217 
     6.93057      6.93225      6.93729      6.94568      6.95741      6.97247      6.99085      7.01252      7.03746      7.06563      7.09701      7.13154      7.16919      7.20988      7.25355      7.30014      7.34954      7.40166       7.4564      7.51363      7.57322      7.63502      7.69886      7.76458        7.832      7.90093      7.97118      8.04256      8.11489      8.18801      8.26179      8.33614      8.41101      8.48645      8.56255      8.63952      8.71766      8.79738      8.87919       8.9637      9.05161      9.14369      9.24075      9.34361      9.45311      9.57003      9.69506      9.82882      9.97181      10.1244      10.2867 
     6.92935      6.93098      6.93587      6.94402      6.95541      6.97004      6.98788      7.00892      7.03313      7.06049      7.09095      7.12448      7.16103      7.20055      7.24297      7.28823      7.33624      7.38691      7.44016      7.49587      7.55393      7.61421      7.67657      7.74087      7.80698      7.87473      7.94399      8.01461      8.08646      8.15945      8.23348      8.30854      8.38462       8.4618      8.54023       8.6201      8.70174      8.78552       8.8719      8.96144      9.05476       9.1525      9.25536      9.36405      9.47927      9.60165       9.7318      9.87022      10.0173      10.1734      10.3385 
     6.92161      6.92319      6.92794      6.93586      6.94692      6.96113      6.97847      6.99891      7.02244      7.04902      7.07863      7.11122      7.14675      7.18517      7.22642      7.27045      7.31718      7.36653      7.41843      7.47277      7.52945      7.58839      7.64945      7.71253      7.77751      7.84429      7.91274      7.98278      8.05432       8.1273      8.20169      8.27749      8.35475      8.43358      8.51413      8.59664      8.68139      8.76876      8.85916      8.95309       9.0511      9.15374      9.26163      9.37537      9.49554       9.6227      9.75734      9.89988      10.0507      10.2099      10.3778 
     6.90752      6.90906      6.91368      6.92137      6.93213      6.94595       6.9628      6.98268      7.00556      7.03141       7.0602      7.09191      7.12648      7.16388      7.20405      7.24695      7.29249      7.34063      7.39129      7.44439      7.49985      7.55757      7.61749       7.6795      7.74351      7.80946      7.87725      7.94684      8.01817      8.09121      8.16598      8.24251      8.32089      8.40122       8.4837      8.56855      8.65606      8.74657      8.84048      8.93822      9.04029      9.14718      9.25942      9.37753      9.50201      9.63335      9.77195      9.91817      10.0723      10.2345      10.4049 
     6.88727      6.88877      6.89327      6.90075      6.91121      6.92465      6.94105      6.96039      6.98265      7.00781      7.03585      7.06672      7.10039      7.13684        7.176      7.21783      7.26229      7.30931      7.35883      7.41079      7.46513      7.52178      7.58066      7.64171      7.70488       7.7701      7.83734      7.90655      7.97772      8.05086        8.126      8.20321      8.28259      8.36427      8.44845      8.53536      8.62527      8.71851      8.81545      8.91648      9.02205       9.1326      9.24859      9.37049      9.49873      9.63372      9.77583      9.92535      10.0825      10.2475      10.4204 
     6.86103      6.86249      6.86686      6.87415      6.88433      6.89741      6.91338      6.93221      6.95388      6.97839       7.0057      7.03579      7.06862      7.10416      7.14237      7.18322      7.22666      7.27264      7.32111      7.37203      7.42534      7.48099      7.53893      7.59912      7.66152      7.72609      7.79282       7.8617      7.93273      8.00595      8.08142      8.15922      8.23947      8.32232      8.40797      8.49665      8.58862       8.6842      8.78372      8.88757      8.99613      9.10981      9.22903      9.35419      9.48569      9.62389       9.7691       9.9216      10.0816      10.2492      10.4245 
     6.82896      6.83038      6.83464      6.84173      6.85165      6.86439      6.87993      6.89828       6.9194      6.94328      6.96991      6.99925      7.03128      7.06597      7.10329      7.14321      7.18569      7.23069      7.27818      7.32812      7.38047       7.4352      7.49227      7.55166      7.61334       7.6773      7.74355       7.8121      7.88298      7.95624      8.03196      8.11024      8.19121      8.27503      8.36191      8.45207      8.54577      8.64331      8.74501      8.85122      8.96231      9.07865      9.20061      9.32858      9.46289      9.60389      9.75185      9.90702      10.0696      10.2397      10.4173 
     6.79121      6.79259      6.79674      6.80365      6.81331      6.82572      6.84087      6.85875      6.87934      6.90263       6.9286      6.95723       6.9885      7.02238      7.05885      7.09789      7.13946      7.18354       7.2301      7.27912      7.33056      7.38441      7.44065      7.49927      7.56026      7.62363       7.6894       7.7576      7.82828      7.90151      7.97738        8.056      8.13752      8.22211      8.30997      8.40132      8.49643      8.59557      8.69906      8.80722      8.92041      9.03895      9.16322      9.29356      9.43028       9.5737      9.72409      9.88166      10.0466       10.219      10.3989 
     6.74793      6.74928      6.75332      6.76005      6.76946      6.78156      6.79633      6.81376      6.83384      6.85656       6.8819      6.90985      6.94039      6.97349      7.00915      7.04735      7.08805      7.13124      7.17691      7.22504       7.2756      7.32861      7.38404       7.4419      7.50221      7.56497      7.63024      7.69805      7.76846      7.84157      7.91747      7.99629      8.07818      8.16332       8.2519      8.34417      8.44036      8.54075      8.64565      8.75537      8.87024      8.99058      9.11674      9.24904      9.38779      9.53329      9.68579       9.8455      10.0126      10.1872      10.3694 
     6.69926      6.70057      6.70451      6.71107      6.72025      6.73204      6.74644      6.76344      6.78303      6.80519      6.82993      6.85722      6.88705      6.91941      6.95429      6.99166      7.03152      7.07386      7.11866      7.16592      7.21563       7.2678      7.32242      7.37953      7.43913      7.50127      7.56598      7.63333       7.7034      7.77628      7.85207      7.93093      8.01299      8.09845      8.18751      8.28039      8.37735      8.47866      8.58461       8.6955      8.81165      8.93339      9.06103      9.19491      9.33532      9.48255      9.63686      9.79847      9.96755      10.1442      10.3286 
     6.64534      6.64662      6.65046      6.65685       6.6658      6.67729      6.69133      6.70791      6.72702      6.74865       6.7728      6.79945       6.8286      6.86023      6.89434      6.93091      6.96995      7.01144      7.05539      7.10179      7.15065      7.20198       7.2558      7.31212      7.37099      7.43245      7.49655      7.56336      7.63298       7.7055      7.78105      7.85976       7.9418      8.02735      8.11662      8.20984      8.30726      8.40914      8.51577      8.62746      8.74451      8.86725      8.99599      9.13106      9.27276      9.42138       9.5772      9.74043      9.91128      10.0899      10.2763 
      6.5863      6.58755      6.59129      6.59752      6.60624      6.61745      6.63114      6.64731      6.66595      6.68706      6.71063      6.73665      6.76512      6.79604      6.82939      6.86518      6.90341      6.94407      6.98716       7.0327       7.0807      7.13118      7.18416      7.23967      7.29776      7.35848      7.42189      7.48807      7.55712      7.62915      7.70429      7.78267      7.86448      7.94989      8.03911      8.13238      8.22993      8.33205      8.43901      8.55112      8.66869      8.79203      8.92148      9.05736      9.19998      9.34964      9.50664      9.67122      9.84361       10.024      10.2124 
     6.52227      6.52349      6.52713       6.5332       6.5417      6.55263      6.56598      6.58174      6.59993      6.62052      6.64352      6.66893      6.69673      6.72694      6.75955      6.79456      6.83197      6.87179      6.91402       6.9587      7.00582      7.05541      7.10752      7.16217      7.21942      7.27933      7.34196      7.40741      7.47578      7.54717      7.62172      7.69959      7.78094      7.86597      7.95488       8.0479      8.14528       8.2473      8.35423      8.46639      8.58408      8.70763      8.83738      8.97367      9.11682      9.26716        9.425      9.59062      9.76428      9.94619      10.1365 
     6.45338      6.45457      6.45812      6.46403      6.47232      6.48296      6.49597      6.51134      6.52907      6.54915      6.57159      6.59638      6.62353      6.65303      6.68489      6.71911       6.7557      6.79468      6.83604      6.87982      6.92604      6.97472      7.02591      7.07965      7.13599      7.19501      7.25677      7.32137      7.38891      7.45951      7.53331      7.61046      7.69114      7.77554      7.86386      7.95634      8.05323      8.15481      8.26135      8.37317       8.4906      8.61395      8.74359      8.87987      9.02314      9.17375      9.33206      9.49837        9.673      9.85621      10.0482 
     6.37976      6.38091      6.38437      6.39013       6.3982      6.40857      6.42124      6.43621      6.45349      6.47306      6.49494      6.51912       6.5456       6.5744      6.60551      6.63894       6.6747      6.71281      6.75328      6.79615      6.84142      6.88915      6.93937      6.99213      7.04749      7.10552      7.16631      7.22993      7.29651      7.36617      7.43903      7.51527      7.59505      7.67857      7.76603      7.85768      7.95375      8.05454      8.16033      8.27142      8.38817      8.51091         8.64      8.77583      8.91877      9.06922      9.22757      9.39418      9.56941       9.7536      9.94701 
     6.30153      6.30265      6.30601      6.31162      6.31947      6.32956       6.3419      6.35648       6.3733      6.39237      6.41368      6.43725      6.46307      6.49115       6.5215      6.55412      6.58904      6.62627      6.66582      6.70774      6.75203      6.79876      6.84795      6.89966      6.95396      7.01092      7.07061      7.13314      7.19861      7.26716      7.33891      7.41402      7.49268      7.57506      7.66139       7.7519      7.84684      7.94649      8.05114      8.16112      8.27676      8.39844      8.52653      8.66143      8.80357      8.95337      9.11128      9.27772      9.45312       9.6379      9.83241 
     6.21881       6.2199      6.22317      6.22862      6.23626      6.24608      6.25808      6.27226      6.28863      6.30719      6.32794      6.35088      6.37603      6.40338      6.43296      6.46477      6.49882      6.53514      6.57375      6.61467      6.65795      6.70361      6.75172      6.80231      6.85546      6.91124      6.96973      7.03104      7.09526      7.16253      7.23297      7.30676      7.38406      7.46506      7.54998      7.63905      7.73252      7.83067      7.93381      8.04225      8.15637      8.27652      8.40311      8.53659      8.67739        8.826      8.98292      9.14865       9.3237      9.50858      9.70376 
     6.13173      6.13279      6.13597      6.14126      6.14868      6.15822      6.16989      6.18367      6.19959      6.21763      6.23781      6.26013      6.28459      6.31121         6.34      6.37097      6.40413      6.43952      6.47714      6.51704      6.55925       6.6038      6.65075      6.70015      6.75207      6.80657      6.86375      6.92369      6.98652      7.05234       7.1213      7.19356      7.26927      7.34864      7.43187      7.51919      7.61086      7.70716      7.80839      7.91488      8.02701      8.14515      8.26973      8.40123      8.54012      8.68694      8.84226      9.00664      9.18071      9.36508      9.56036 
     6.04041      6.04144      6.04452      6.04967      6.05687      6.06613      6.07745      6.09084      6.10629      6.12382      6.14342       6.1651      6.18887      6.21474      6.24273      6.27284      6.30509      6.33951      6.37612      6.41495      6.45603      6.49942      6.54515      6.59327      6.64387      6.69699      6.75274       6.8112      6.87248       6.9367      7.00399      7.07451      7.14841       7.2259      7.30716      7.39244      7.48198      7.57606      7.67498      7.77909      7.88876      8.00438      8.12641      8.25533      8.39168      8.53605      8.68905      8.85135      9.02369      9.20681      9.40146 
     5.94497      5.94597      5.94896      5.95395      5.96093      5.96991       5.9809      5.99388      6.00887      6.02587      6.04488      6.06592      6.08898      6.11409      6.14125      6.17048       6.2018      6.23522      6.27078       6.3085      6.34841      6.39057      6.43501      6.48179      6.53097      6.58262      6.63683      6.69368      6.75327      6.81572      6.88116      6.94974      7.02162      7.09697        7.176      7.25893      7.34601       7.4375      7.53373      7.63501      7.74174      7.85432      7.97321      8.09894      8.23206      8.37322      8.52311      8.68249       8.8522      9.03314      9.22625 
     5.84555      5.84651      5.84941      5.85424      5.86101       5.8697      5.88034      5.89292      5.90743       5.9239      5.94232       5.9627      5.98505      6.00938       6.0357      6.06403      6.09438      6.12677      6.16124      6.19781      6.23651      6.27738      6.32047      6.36582      6.41351      6.46359      6.51614      6.57125      6.62902      6.68955      6.75297      6.81942      6.88905      6.96203      7.03856      7.11885      7.20314       7.2917      7.38482      7.48284      7.58614      7.69513      7.81029      7.93215      8.06131      8.19845      8.34433      8.49981      8.66585       8.8435      9.03392 
     5.74226       5.7432        5.746      5.75067      5.75721      5.76562      5.77591      5.78807      5.80212      5.81804      5.83586      5.85557      5.87719      5.90073      5.92619      5.95359      5.98295      6.01429      6.04763        6.083      6.12044      6.15997      6.20164      6.24551      6.29161      6.34003      6.39083      6.44409       6.4999      6.55836      6.61959      6.68373      6.75091      6.82129      6.89507      6.97243      7.05362      7.13888      7.22851      7.32283       7.4222      7.52705      7.63786      7.75515      7.87957      8.01181       8.1527      8.30317      8.46432      8.63736      8.82367 
     5.63524      5.63614      5.63885      5.64336      5.64968       5.6578      5.66773      5.67948      5.69304      5.70842      5.72563      5.74466      5.76554      5.78826      5.81284       5.8393      5.86765       5.8979      5.93008      5.96422      6.00035      6.03849      6.07869      6.12099      6.16545      6.21211      6.26106      6.31235      6.36608      6.42234      6.48123      6.54288      6.60741      6.67498      6.74576      6.81993      6.89771      6.97934       7.0651      7.15528      7.25025      7.35041      7.45624      7.56826       7.6871      7.81351      7.94834      8.09259      8.24745      8.41431      8.59479 
     5.52461      5.52548      5.52809      5.53244      5.53853      5.54636      5.55594      5.56726      5.58034      5.59516      5.61175       5.6301      5.65022      5.67212      5.69581       5.7213      5.74861      5.77775      5.80874      5.84161      5.87638      5.91309      5.95176      5.99244      6.03517      6.08001      6.12701      6.17624      6.22777       6.2817      6.33811      6.39711      6.45882      6.52338      6.59094      6.66166      6.73575      6.81343      6.89495      6.98059      7.07068      7.16562      7.26584      7.37187      7.48432      7.60392      7.73155      7.86825      8.01528      8.17416      8.34673 
      5.4105      5.41134      5.41385      5.41804       5.4239      5.43144      5.44066      5.45155      5.46414       5.4784      5.49436      5.51202      5.53137      5.55243      5.57521      5.59972      5.62597      5.65398      5.68375      5.71532       5.7487      5.78392      5.82102      5.86002      5.90096       5.9439      5.98888      6.03596       6.0852      6.13668      6.19047      6.24669      6.30541      6.36678      6.43091      6.49796      6.56811      6.64154      6.71848      6.79919      6.88398      6.97317       7.0672      7.16654      7.27177       7.3836      7.50287      7.63062      7.76814      7.91702      8.07927 
     5.29304      5.29385      5.29626      5.30028      5.30592      5.31316      5.32202      5.33249      5.34457      5.35827       5.3736      5.39055      5.40913      5.42934       5.4512      5.47471      5.49989      5.52673      5.55527       5.5855      5.61746      5.65117      5.68664      5.72392      5.76302        5.804      5.84689      5.89173      5.93859      5.98752       6.0386      6.09189       6.1475      6.20551      6.26604      6.32922      6.39519      6.46411      6.53618      6.61162      6.69069      6.77368      6.86097      6.95297       7.0502      7.15331      7.26307      7.38046      7.50673      7.64345      7.79268 
     5.17237      5.17314      5.17545      5.17931      5.18471      5.19166      5.20015      5.21019      5.22178      5.23491       5.2496      5.26584      5.28364        5.303      5.32392      5.34642       5.3705      5.39617      5.42344      5.45233      5.48284        5.515      5.54882      5.58433      5.62155      5.66051      5.70125      5.74379       5.7882       5.8345      5.88276      5.93304       5.9854      6.03993      6.09671      6.15584      6.21744      6.28164      6.34858      6.41845      6.49146      6.56784       6.6479      6.73198      6.82051      6.91403      7.01322       7.1189       7.2322      7.35456      7.48791 
      5.0486      5.04934      5.05156      5.05525      5.06042      5.06707       5.0752       5.0848      5.09589      5.10845       5.1225      5.13802      5.15503      5.17353      5.19352        5.215      5.23797      5.26246      5.28845      5.31596      5.34501      5.37559      5.40773      5.44144      5.47674      5.51365      5.55219      5.59239      5.63428       5.6779      5.72327      5.77045      5.81948      5.87042      5.92333      5.97828      6.03535      6.09465      6.15626      6.22033      6.28699      6.35644      6.42887      6.50455      6.58379        6.667      6.75467      6.84747      6.94626      7.05219      7.16688 
     4.92189      4.92259      4.92471      4.92824      4.93318      4.93953      4.94729      4.95646      4.96704      4.97903      4.99243      5.00724      5.02346      5.04109      5.06014      5.08059      5.10246      5.12574      5.15045      5.17658      5.20414      5.23314      5.26358      5.29547      5.32883      5.36366      5.39997      5.43779      5.47712        5.518      5.56043      5.60445      5.65009      5.69736      5.74632        5.797      5.84944       5.9037      5.95984      6.01793      6.07806      6.14032      6.20484      6.27176      6.34128      6.41362      6.48909      6.56808      6.65112      6.73895      6.83259 
     4.79234      4.79302      4.79504       4.7984      4.80311      4.80916      4.81656       4.8253      4.83538       4.8468      4.85955      4.87365      4.88908      4.90584      4.92393      4.94336      4.96412       4.9862      5.00961      5.03436      5.06043      5.08783      5.11656      5.14662      5.17802      5.21075      5.24482      5.28023      5.31699       5.3551      5.39457       5.4354       5.4776      5.52117      5.56613      5.61248      5.66023      5.70939      5.75997      5.81199      5.86546      5.92041      5.97685      6.03481      6.09434      6.15549      6.21832      6.28294      6.34947      6.41811      6.48915 
     4.66011      4.66075      4.66267      4.66587      4.67035      4.67611      4.68314      4.69145      4.70103      4.71188      4.72399      4.73737      4.75201      4.76791      4.78506      4.80346       4.8231      4.84399      4.86611      4.88947      4.91405      4.93985      4.96687       4.9951      5.02454      5.05517      5.08699      5.11999      5.15417      5.18951      5.22601      5.26364      5.30239      5.34225       5.3832      5.42521      5.46825       5.5123      5.55731      5.60324      5.65004      5.69764      5.74597      5.79493      5.84442       5.8943       5.9444       5.9945      6.04432      6.09348      6.14147 
     4.52532      4.52593      4.52775      4.53079      4.53504       4.5405      4.54717      4.55505      4.56413      4.57441      4.58589      4.59856      4.61242      4.62745      4.64367      4.66104      4.67958      4.69928      4.72011      4.74209      4.76519       4.7894      4.81472      4.84112       4.8686      4.89715      4.92673      4.95734      4.98895      5.02153      5.05507      5.08952      5.12485      5.16103      5.19799      5.23569      5.27407      5.31305      5.35254      5.39244      5.43263      5.47297      5.51329      5.55338      5.59298      5.63178      5.66937      5.70526      5.73877        5.769      5.79471 
     4.38809      4.38867      4.39039      4.39327       4.3973      4.40247      4.40878      4.41624      4.42483      4.43455      4.44539      4.45736      4.47044      4.48462       4.4999      4.51627      4.53372      4.55223      4.57179       4.5924      4.61403      4.63666      4.66029       4.6849      4.71045      4.73692      4.76429      4.79253       4.8216      4.85146      4.88208       4.9134      4.94536       4.9779      5.01094      5.04441      5.07821      5.11222       5.1463      5.18031      5.21406      5.24734      5.27988      5.31137      5.34143      5.36958      5.39523      5.41762      5.43577      5.44838      5.45367 
     4.24857      4.24911      4.25074      4.25346      4.25726      4.26214       4.2681      4.27514      4.28324      4.29241      4.30263      4.31391      4.32622      4.33956      4.35392      4.36929      4.38566        4.403      4.42131      4.44057      4.46075      4.48184      4.50381      4.52663      4.55028      4.57472      4.59991      4.62582       4.6524       4.6796      4.70736       4.7356      4.76427      4.79326      4.82249      4.85185      4.88119      4.91038      4.93924      4.96757      4.99512      5.02163      5.04674      5.07006       5.0911      5.10926      5.12378      5.13373      5.13791      5.13476      5.12222 
     4.10686      4.10737      4.10891      4.11147      4.11505      4.11965      4.12527      4.13189      4.13952      4.14814      4.15775      4.16834       4.1799      4.19242      4.20588      4.22026      4.23557      4.25177      4.26884      4.28677      4.30554       4.3251      4.34544      4.36653      4.38831      4.41077      4.43384      4.45748      4.48163      4.50623       4.5312      4.55647      4.58194      4.60751      4.63306      4.65844      4.68351      4.70808      4.73195      4.75487      4.77655      4.79666       4.8148       4.8305      4.84319      4.85216      4.85658      4.85539      4.84727      4.83055      4.80311 
     3.96311      3.96359      3.96504      3.96744      3.97081      3.97513       3.9804      3.98662      3.99378      4.00187      4.01088       4.0208      4.03162      4.04332       4.0559      4.06933       4.0836      4.09867      4.11455      4.13118      4.14856      4.16664       4.1854      4.20478      4.22476      4.24528      4.26629      4.28773      4.30953      4.33162      4.35392      4.37632      4.39872        4.421      4.44302      4.46463      4.48563      4.50583      4.52498      4.54282      4.55901      4.57318      4.58488       4.5936       4.5987      4.59944      4.59491      4.58401       4.5654      4.53741        4.498 
     3.81743      3.81788      3.81923      3.82149      3.82465       3.8287      3.83364      3.83946      3.84616      3.85373      3.86215      3.87142      3.88151      3.89243      3.90414      3.91664      3.92989      3.94388      3.95858      3.97396      3.98999      4.00663      4.02385      4.04159      4.05982      4.07848       4.0975      4.11682      4.13637      4.15605      4.17578      4.19544      4.21492      4.23408      4.25276      4.27079      4.28798      4.30408      4.31885      4.33197      4.34309      4.35182      4.35768      4.36012      4.35848      4.35198      4.33972       4.3206      4.29331      4.25628      4.20764 
     3.66994      3.67036      3.67163      3.67374      3.67669      3.68047      3.68509      3.69053      3.69678      3.70384      3.71169      3.72032      3.72972      3.73986      3.75074      3.76232       3.7746      3.78753      3.80109      3.81526      3.82999      3.84524      3.86097      3.87714      3.89369      3.91055      3.92767      3.94497      3.96236      3.97975      3.99704      4.01411      4.03083      4.04705       4.0626       4.0773      4.09093      4.10325      4.11397      4.12278      4.12932      4.13315      4.13379      4.13069      4.12317      4.11047       4.0917       4.0658      4.03156      3.98755      3.93213 
     3.52075      3.52115      3.52233       3.5243      3.52705      3.53058      3.53488      3.53994      3.54576      3.55233      3.55962      3.56764      3.57636      3.58576      3.59582      3.60653      3.61785      3.62977      3.64224      3.65523      3.66871      3.68263      3.69694      3.71159      3.72653      3.74169        3.757      3.77237      3.78772      3.80295      3.81794      3.83258      3.84672       3.8602      3.87285      3.88447      3.89483      3.90369      3.91074      3.91567      3.91809      3.91759      3.91367      3.90577      3.89324      3.87535      3.85124      3.81995      3.78036      3.73121      3.67109 
        3.37      3.37036      3.37146      3.37329      3.37585      3.37913      3.38312      3.38782      3.39322      3.39931      3.40607      3.41349      3.42155      3.43024      3.43952      3.44938       3.4598      3.47073      3.48215      3.49402       3.5063      3.51894       3.5319      3.54512      3.55853      3.57207      3.58566      3.59922      3.61266      3.62586      3.63871      3.65108      3.66282      3.67378      3.68376      3.69257      3.69997       3.7057      3.70947      3.71095      3.70976      3.70549      3.69764      3.68568        3.669      3.64688      3.61855      3.58312       3.5396      3.48691      3.42385 
     3.21777      3.21811      3.21913      3.22083       3.2232      3.22623      3.22993      3.23429      3.23928      3.24491      3.25115        3.258      3.26543      3.27342      3.28196      3.29101      3.30055      3.31055      3.32096      3.33176       3.3429      3.35434      3.36601      3.37787      3.38984      3.40186      3.41384       3.4257      3.43735      3.44866      3.45953      3.46981      3.47936      3.48801      3.49557      3.50184      3.50658      3.50954      3.51041      3.50888      3.50458      3.49709      3.48595      3.47065       3.4506      3.42517      3.39363      3.35519        3.309      3.25413      3.18959 
     3.06418       3.0645      3.06544      3.06701       3.0692        3.072      3.07542      3.07944      3.08404      3.08923      3.09498      3.10127       3.1081      3.11543      3.12325      3.13153      3.14024      3.14934       3.1588      3.16859      3.17865      3.18894       3.1994      3.20998       3.2206      3.23119      3.24168      3.25196      3.26195      3.27153      3.28057      3.28895      3.29651      3.30307      3.30847      3.31247      3.31487      3.31539      3.31376      3.30965      3.30271      3.29255      3.27872      3.26075      3.23809      3.21017      3.17634       3.1359      3.08812      3.03221      2.96738 
     2.90934      2.90963       2.9105      2.91194      2.91396      2.91654      2.91969      2.92338      2.92761      2.93238      2.93765      2.94342      2.94967      2.95637      2.96351      2.97105      2.97897      2.98722      2.99579      3.00461      3.01366      3.02287       3.0322      3.04158      3.05094      3.06021      3.06931      3.07814      3.08661       3.0946        3.102      3.10865      3.11442      3.11913       3.1226      3.12462      3.12498      3.12341      3.11965      3.11338      3.10427      3.09195        3.076      3.05599      3.03142      3.00176      2.96645      2.92489      2.87644      2.82045      2.75629 
     2.75333       2.7536       2.7544      2.75572      2.75758      2.75995      2.76283      2.76622      2.77009      2.77445      2.77927      2.78454      2.79024      2.79635      2.80284      2.80968      2.81685      2.82431      2.83202      2.83995      2.84804      2.85625      2.86452      2.87278      2.88098      2.88903      2.89686      2.90437      2.91145      2.91801      2.92392      2.92903      2.93321      2.93629      2.93809       2.9384      2.93702       2.9337      2.92817      2.92015      2.90931      2.89531      2.87778       2.8563      2.83043      2.79971      2.76364      2.72171      2.67337       2.6181      2.55537 
     2.59626      2.59651      2.59724      2.59845      2.60015      2.60231      2.60495      2.60804      2.61158      2.61555      2.61995      2.62474      2.62992      2.63546      2.64133      2.64752      2.65398      2.66069      2.66761      2.67469      2.68189      2.68917      2.69646       2.7037      2.71083      2.71776      2.72443      2.73074      2.73658      2.74185      2.74644       2.7502      2.75299      2.75466      2.75502      2.75389      2.75106       2.7463      2.73935      2.72995      2.71781      2.70258      2.68395      2.66153      2.63494      2.60375      2.56755      2.52588      2.47831       2.4244      2.36373 
     2.43822      2.43844      2.43911      2.44021      2.44176      2.44373      2.44613      2.44894      2.45216      2.45577      2.45975       2.4641      2.46878      2.47379      2.47909      2.48465      2.49046      2.49646      2.50264      2.50894      2.51532      2.52173      2.52811      2.53442      2.54057      2.54649      2.55211      2.55734      2.56207      2.56621      2.56964      2.57222      2.57382      2.57429      2.57346      2.57114      2.56714      2.56124       2.5532      2.54278      2.52971      2.51368      2.49439       2.4715      2.44468      2.41355      2.37776      2.33691      2.29066      2.23863      2.18051 
     2.27929      2.27949      2.28009       2.2811       2.2825      2.28429      2.28646      2.28901      2.29192      2.29518      2.29878       2.3027      2.30693      2.31143      2.31618      2.32117      2.32636      2.33171      2.33719      2.34277      2.34839        2.354      2.35957      2.36501      2.37028      2.37529      2.37998      2.38424        2.388      2.39115      2.39358      2.39516      2.39575      2.39523      2.39342      2.39015      2.38524      2.37849      2.36968      2.35857      2.34492      2.32846      2.30892      2.28599      2.25938      2.22877      2.19384      2.15428      2.10979      2.06008       2.0049 
     2.11955      2.11973      2.12028      2.12118      2.12245      2.12406      2.12602      2.12832      2.13095      2.13388      2.13712      2.14064      2.14442      2.14845       2.1527      2.15715      2.16176       2.1665      2.17135      2.17625      2.18118      2.18607      2.19088      2.19555      2.20002      2.20422      2.20808      2.21151      2.21442      2.21672      2.21829      2.21903      2.21881      2.21748       2.2149      2.21092      2.20535      2.19801       2.1887      2.17721      2.16331      2.14677      2.12733      2.10474      2.07873      2.04902      2.01537      1.97748      1.93513      1.88809      1.83614 
     1.95908      1.95924      1.95973      1.96055      1.96168      1.96314       1.9649      1.96696      1.96931      1.97194      1.97483      1.97797      1.98135      1.98494      1.98871      1.99265      1.99673      2.00092      2.00517      2.00946      2.01375      2.01798      2.02212      2.02609      2.02986      2.03334      2.03647      2.03917      2.04135      2.04293       2.0438      2.04386      2.04298      2.04104      2.03789       2.0334       2.0274      2.01971      2.01017      1.99858      1.98472       1.9684      1.94939      1.92746      1.90239      1.87394      1.84189      1.80601      1.76611        1.722      1.67353 
     1.79796       1.7981      1.79854      1.79927      1.80028      1.80158      1.80315      1.80498      1.80708      1.80942      1.81199      1.81478      1.81777      1.82095      1.82428      1.82776      1.83134      1.83501      1.83872      1.84245      1.84616       1.8498      1.85332      1.85668      1.85982      1.86267      1.86517      1.86725      1.86883      1.86981      1.87011      1.86963      1.86826      1.86587      1.86234      1.85754      1.85131      1.84351      1.83397      1.82252      1.80898      1.79315      1.77485      1.75388      1.73004      1.70314      1.67297      1.63937      1.60217      1.56122      1.51642 
     1.63625      1.63638      1.63677      1.63741      1.63831      1.63946      1.64085      1.64247      1.64432      1.64639      1.64866      1.65112      1.65376      1.65655      1.65947      1.66251      1.66564      1.66883      1.67205      1.67527      1.67845      1.68155      1.68454      1.68735      1.68993      1.69224      1.69421      1.69577      1.69684      1.69735      1.69721      1.69633       1.6946      1.69193      1.68818      1.68325        1.677      1.66928      1.65996      1.64888      1.63588      1.62079      1.60345      1.58369      1.56134      1.53622      1.50819      1.47709      1.44279      1.40518      1.36418 
     1.47402      1.47413      1.47447      1.47504      1.47583      1.47684      1.47806      1.47949      1.48111      1.48292      1.48491      1.48706      1.48936      1.49179      1.49433      1.49697      1.49968      1.50243       1.5052      1.50796      1.51066      1.51329      1.51579      1.51812      1.52023      1.52207      1.52359      1.52471      1.52538      1.52553      1.52506      1.52391      1.52197      1.51915      1.51534      1.51044      1.50433      1.49689      1.48798      1.47747      1.46522      1.45108      1.43492      1.41658      1.39593      1.37282      1.34711       1.3187      1.28748      1.25335      1.21625 
     1.31133      1.31143      1.31173      1.31222      1.31291      1.31379      1.31485      1.31609      1.31749      1.31906      1.32078      1.32264      1.32463      1.32673      1.32892      1.33118       1.3335      1.33585      1.33821      1.34054      1.34283      1.34502      1.34709        1.349      1.35071      1.35216       1.3533      1.35408      1.35444      1.35432      1.35363      1.35231      1.35028      1.34745      1.34372        1.339      1.33319      1.32618      1.31785      1.30808      1.29676      1.28377      1.26897      1.25224      1.23347      1.21254      1.18934      1.16377      1.13575      1.10521       1.0721 
     1.14825      1.14834      1.14859      1.14901       1.1496      1.15035      1.15126      1.15232      1.15353      1.15487      1.15634      1.15793      1.15962       1.1614      1.16327      1.16519      1.16715      1.16913      1.17111      1.17306      1.17496      1.17678      1.17847      1.18002      1.18137       1.1825      1.18334      1.18385      1.18398      1.18368      1.18287      1.18149      1.17947      1.17674      1.17321      1.16881      1.16343      1.15699      1.14938      1.14052      1.13029      1.11859      1.10532      1.09036      1.07364      1.05503      1.03447      1.01186     0.987152     0.960284     0.931227 
    0.984829       0.9849     0.985115     0.985471     0.985967     0.986599     0.987363     0.988254     0.989267     0.990394     0.991627     0.992957     0.994374     0.995865     0.997417     0.999017      1.00065      1.00229      1.00393      1.00553      1.00709      1.00856      1.00993      1.01116      1.01222      1.01307      1.01368      1.01399      1.01396      1.01355       1.0127      1.01136      1.00945      1.00692       1.0037     0.999717     0.994891     0.989146     0.982399     0.974565     0.965559     0.955292     0.943678     0.930632     0.916072     0.899921     0.882106     0.862567     0.841253     0.818124      0.79316 
    0.821118     0.821177     0.821353     0.821646     0.822052      0.82257     0.823197     0.823927     0.824756     0.825679     0.826687     0.827774      0.82893     0.830146      0.83141      0.83271     0.834031      0.83536      0.83668     0.837971     0.839214     0.840387     0.841466     0.842425     0.843235     0.843867     0.844286     0.844456     0.844339     0.843893     0.843074     0.841833      0.84012     0.837881     0.835059     0.831593      0.82742     0.822476     0.816692         0.81     0.802329     0.793607     0.783765     0.772735      0.76045     0.746849     0.731877     0.715484     0.697632     0.678294     0.657455 
    0.657173     0.657219     0.657358     0.657589      0.65791     0.658319     0.658813     0.659389     0.660043      0.66077     0.661564     0.662419     0.663328     0.664283     0.665274     0.666292     0.667326     0.668362     0.669389      0.67039      0.67135     0.672251     0.673074     0.673797     0.674398     0.674852     0.675132     0.675209     0.675051     0.674627     0.673899     0.672829     0.671377     0.669499     0.667151     0.664283     0.660846     0.656789     0.652058     0.646598     0.640353     0.633269      0.62529     0.616364     0.606439     0.595468     0.583409     0.570225     0.555888     0.540378     0.523685 
    0.493041     0.493075     0.493179      0.49335     0.493588     0.493892     0.494258     0.494686      0.49517     0.495709     0.496297      0.49693     0.497602     0.498308      0.49904      0.49979     0.500551     0.501313     0.502066     0.502799     0.503499     0.504153     0.504746     0.505263     0.505685     0.505996     0.506173     0.506196     0.506041     0.505683     0.505094     0.504247      0.50311     0.501652     0.499837     0.497631     0.494997     0.491895     0.488286     0.484129     0.479383     0.474008     0.467964      0.46121     0.453711     0.445431     0.436341     0.426414      0.41563     0.403976     0.391445 
    0.328771     0.328794     0.328862     0.328976     0.329133     0.329334     0.329576     0.329859     0.330179     0.330535     0.330924     0.331342     0.331786     0.332251     0.332733     0.333228     0.333728     0.334229     0.334723     0.335202     0.335659     0.336085     0.336469     0.336801     0.337069     0.337262     0.337365     0.337363     0.337242     0.336984     0.336572     0.335986     0.335205     0.334209     0.332974     0.331477     0.329694     0.327598     0.325163     0.322362      0.31917     0.315557     0.311499     0.306969     0.301943     0.296399     0.290318     0.283681     0.276478     0.268698     0.260339 
     0.16441     0.164421     0.164455     0.164512      0.16459      0.16469     0.164811     0.164951     0.165111     0.165288     0.165481     0.165689     0.165909      0.16614      0.16638     0.166625     0.166873     0.167121     0.167366     0.167603     0.167829     0.168038     0.168227     0.168389     0.168519     0.168611     0.168658     0.168653     0.168587     0.168452      0.16824      0.16794     0.167543     0.167038     0.166413     0.165657     0.164757       0.1637     0.162474     0.161065      0.15946     0.157645     0.155608     0.153334     0.150814     0.148035     0.144987     0.141664     0.138058     0.134165     0.129984 
 3.11006e-06  3.11006e-06  3.11006e-06  3.11005e-06  3.11005e-06  3.11004e-06  3.11003e-06  3.11002e-06     3.11e-06  3.10999e-06  3.10997e-06  3.10995e-06  3.10993e-06  3.10991e-06  3.10989e-06  3.10986e-06  3.10983e-06  3.10981e-06  3.10977e-06  3.10974e-06  3.10971e-06  3.10967e-06  3.10963e-06  3.10959e-06  3.10955e-06  3.10951e-06  3.10946e-06  3.10942e-06  3.10937e-06  3.10932e-06  3.10927e-06  3.10921e-06  3.10916e-06   3.1091e-06  3.10904e-06  3.10898e-06  3.10892e-06  3.10885e-06  3.10879e-06  3.10872e-06  3.10865e-06  3.10858e-06  3.10851e-06  3.10843e-06  3.10835e-06  3.10828e-06   3.1082e-06  3.10811e-06  3.10803e-06  3.10794e-06  3.10786e-06 
   -0.164404    -0.164415    -0.164449    -0.164505    -0.164584    -0.164684    -0.164804    -0.164945    -0.165104    -0.165281    -0.165475    -0.165682    -0.165903    -0.166134    -0.166374    -0.166619    -0.166867    -0.167115     -0.16736    -0.167597    -0.167822    -0.168032    -0.168221    -0.168383    -0.168513    -0.168605    -0.168652    -0.168646     -0.16858    -0.168446    -0.168233    -0.167934    -0.167537    -0.167031    -0.166407     -0.16565     -0.16475    -0.163694    -0.162468    -0.161059    -0.159454    -0.157639    -0.155601    -0.153328    -0.150807    -0.148028    -0.144981    -0.141658    -0.138052    -0.134159    -0.129978 
   -0.328765    -0.328788    -0.328856    -0.328969    -0.329127    -0.329328     -0.32957    -0.329853    -0.330173    -0.330529    -0.330918    -0.331336    -0.331779    -0.332245    -0.332727    -0.333221    -0.333722    -0.334223    -0.334716    -0.335196    -0.335653    -0.336078    -0.336462    -0.336795    -0.337063    -0.337256    -0.337358    -0.337357    -0.337236    -0.336978    -0.336566    -0.335979    -0.335199    -0.334203    -0.332968    -0.331471    -0.329688    -0.327591    -0.325157    -0.322356    -0.319163    -0.315551    -0.311493    -0.306963    -0.301937    -0.296393    -0.290311    -0.283675    -0.276471    -0.268692    -0.260333 
   -0.493035    -0.493069    -0.493172    -0.493344    -0.493582    -0.493885    -0.494252    -0.494679    -0.495164    -0.495703    -0.496291    -0.496924    -0.497596    -0.498302    -0.499034    -0.499784    -0.500545    -0.501307     -0.50206    -0.502793    -0.503493    -0.504147     -0.50474    -0.505256    -0.505679    -0.505989    -0.506167     -0.50619    -0.506035    -0.505676    -0.505088    -0.504241    -0.503104    -0.501645    -0.499831    -0.497625    -0.494991    -0.491889    -0.488279    -0.484123    -0.479377    -0.474002    -0.467958    -0.461204    -0.453705    -0.445425    -0.436335    -0.426408    -0.415624     -0.40397    -0.391439 
   -0.657167    -0.657213    -0.657352    -0.657583    -0.657904    -0.658313    -0.658807    -0.659383    -0.660037    -0.660764    -0.661558    -0.662413    -0.663322    -0.664277    -0.665268    -0.666286    -0.667319    -0.668356    -0.669383    -0.670384    -0.671344    -0.672245    -0.673068    -0.673791    -0.674392    -0.674846    -0.675125    -0.675202    -0.675045     -0.67462    -0.673892    -0.672823    -0.671371    -0.669493    -0.667144    -0.664277     -0.66084    -0.656783    -0.652052    -0.646591    -0.640347    -0.633263    -0.625284    -0.616357    -0.606432    -0.595462    -0.583403    -0.570219    -0.555882    -0.540372    -0.523679 
   -0.821112    -0.821171    -0.821347    -0.821639    -0.822046    -0.822564     -0.82319    -0.823921     -0.82475    -0.825673    -0.826681    -0.827768    -0.828924     -0.83014    -0.831404    -0.832703    -0.834025    -0.835354    -0.836673    -0.837965    -0.839208    -0.840381     -0.84146    -0.842419    -0.843229    -0.843861    -0.844279     -0.84445    -0.844333    -0.843887    -0.843068    -0.841827    -0.840114    -0.837875    -0.835052    -0.831586    -0.827414     -0.82247    -0.816686    -0.809994    -0.802322    -0.793601    -0.783759    -0.772729    -0.760444    -0.746843     -0.73187    -0.715478    -0.697626    -0.678288    -0.657449 
   -0.984822    -0.984894    -0.985109    -0.985465     -0.98596    -0.986592    -0.987356    -0.988248    -0.989261    -0.990388    -0.991621    -0.992951    -0.994367    -0.995859    -0.997411    -0.999011     -1.00064     -1.00228     -1.00392     -1.00553     -1.00708     -1.00856     -1.00992     -1.01116     -1.01221     -1.01307     -1.01367     -1.01398     -1.01396     -1.01355      -1.0127     -1.01135     -1.00944     -1.00692      -1.0037     -0.99971    -0.994885     -0.98914    -0.982393    -0.974559    -0.965552    -0.955285    -0.943672    -0.930626    -0.916066    -0.899914      -0.8821    -0.862561    -0.841246    -0.818118    -0.793154 
    -1.14825     -1.14833     -1.14859     -1.14901      -1.1496     -1.15035     -1.15126     -1.15232     -1.15352     -1.15486     -1.15633     -1.15792     -1.15961      -1.1614     -1.16326     -1.16518     -1.16714     -1.16912      -1.1711     -1.17306     -1.17495     -1.17677     -1.17847     -1.18001     -1.18137     -1.18249     -1.18333     -1.18385     -1.18398     -1.18367     -1.18286     -1.18148     -1.17947     -1.17673     -1.17321      -1.1688     -1.16342     -1.15698     -1.14938     -1.14051     -1.13028     -1.11858     -1.10531     -1.09036     -1.07363     -1.05503     -1.03446     -1.01186    -0.987146    -0.960277    -0.931221 
    -1.31133     -1.31143     -1.31172     -1.31222      -1.3129     -1.31378     -1.31484     -1.31608     -1.31749     -1.31906     -1.32078     -1.32264     -1.32462     -1.32672     -1.32891     -1.33118      -1.3335     -1.33585      -1.3382     -1.34054     -1.34282     -1.34502     -1.34709       -1.349      -1.3507     -1.35215     -1.35329     -1.35408     -1.35444     -1.35431     -1.35363     -1.35231     -1.35028     -1.34744     -1.34371       -1.339     -1.33318     -1.32617     -1.31784     -1.30807     -1.29676     -1.28376     -1.26896     -1.25224     -1.23347     -1.21254     -1.18934     -1.16376     -1.13574      -1.1052     -1.07209 
    -1.47401     -1.47413     -1.47447     -1.47504     -1.47583     -1.47683     -1.47805     -1.47948      -1.4811     -1.48292      -1.4849     -1.48705     -1.48935     -1.49178     -1.49433     -1.49697     -1.49967     -1.50243     -1.50519     -1.50795     -1.51066     -1.51328     -1.51578     -1.51811     -1.52022     -1.52206     -1.52358     -1.52471     -1.52538     -1.52552     -1.52506      -1.5239     -1.52196     -1.51914     -1.51534     -1.51044     -1.50433     -1.49688     -1.48797     -1.47746     -1.46521     -1.45108     -1.43491     -1.41658     -1.39592     -1.37281     -1.34711      -1.3187     -1.28747     -1.25334     -1.21624 
    -1.63624     -1.63637     -1.63676      -1.6374      -1.6383     -1.63945     -1.64084     -1.64247     -1.64432     -1.64639     -1.64866     -1.65112     -1.65375     -1.65654     -1.65947     -1.66251     -1.66563     -1.66882     -1.67204     -1.67526     -1.67845     -1.68155     -1.68453     -1.68734     -1.68993     -1.69224      -1.6942     -1.69576     -1.69683     -1.69734      -1.6972     -1.69632      -1.6946     -1.69192     -1.68818     -1.68325     -1.67699     -1.66928     -1.65996     -1.64888     -1.63587     -1.62079     -1.60345     -1.58369     -1.56133     -1.53621     -1.50818     -1.47708     -1.44278     -1.40518     -1.36417 
    -1.79795      -1.7981     -1.79853     -1.79926     -1.80028     -1.80157     -1.80314     -1.80498     -1.80707     -1.80941     -1.81198     -1.81478     -1.81777     -1.82094     -1.82428     -1.82775     -1.83133       -1.835     -1.83872     -1.84245     -1.84615     -1.84979     -1.85332     -1.85667     -1.85981     -1.86266     -1.86517     -1.86724     -1.86882     -1.86981     -1.87011     -1.86963     -1.86825     -1.86586     -1.86233     -1.85753     -1.85131     -1.84351     -1.83397     -1.82252     -1.80897     -1.79315     -1.77485     -1.75388     -1.73004     -1.70313     -1.67297     -1.63936     -1.60216     -1.56122     -1.51641 
    -1.95907     -1.95924     -1.95973     -1.96054     -1.96168     -1.96313     -1.96489     -1.96695      -1.9693     -1.97193     -1.97482     -1.97797     -1.98134     -1.98493     -1.98871     -1.99265     -1.99673     -2.00091     -2.00517     -2.00946     -2.01374     -2.01798     -2.02211     -2.02609     -2.02985     -2.03333     -2.03646     -2.03916     -2.04135     -2.04293      -2.0438     -2.04385     -2.04297     -2.04103     -2.03789     -2.03339     -2.02739     -2.01971     -2.01017     -1.99857     -1.98472      -1.9684     -1.94938     -1.92746     -1.90239     -1.87394     -1.84188       -1.806      -1.7661     -1.72199     -1.67353 
    -2.11954     -2.11972     -2.12027     -2.12118     -2.12244     -2.12406     -2.12602     -2.12832     -2.13094     -2.13388     -2.13711     -2.14063     -2.14442     -2.14845      -2.1527     -2.15714     -2.16175      -2.1665     -2.17134     -2.17625     -2.18117     -2.18606     -2.19087     -2.19555     -2.20002     -2.20422     -2.20807      -2.2115     -2.21441     -2.21671     -2.21829     -2.21903      -2.2188     -2.21747      -2.2149     -2.21091     -2.20534       -2.198     -2.18869      -2.1772      -2.1633     -2.14676     -2.12732     -2.10473     -2.07872     -2.04902     -2.01536     -1.97748     -1.93513     -1.88808     -1.83614 
    -2.27928     -2.27948     -2.28009     -2.28109     -2.28249     -2.28428     -2.28646       -2.289     -2.29192     -2.29518     -2.29878      -2.3027     -2.30692     -2.31142     -2.31618     -2.32116     -2.32635      -2.3317     -2.33719     -2.34276     -2.34838       -2.354     -2.35956     -2.36501     -2.37027     -2.37528     -2.37997     -2.38424       -2.388     -2.39115     -2.39357     -2.39515     -2.39575     -2.39522     -2.39341     -2.39014     -2.38523     -2.37848     -2.36967     -2.35856     -2.34491     -2.32846     -2.30891     -2.28599     -2.25937     -2.22876     -2.19384     -2.15428     -2.10979     -2.06008     -2.00489 
    -2.43821     -2.43844      -2.4391     -2.44021     -2.44175     -2.44373     -2.44612     -2.44894     -2.45215     -2.45576     -2.45975     -2.46409     -2.46878     -2.47378     -2.47908     -2.48465     -2.49045     -2.49646     -2.50263     -2.50893     -2.51531     -2.52172     -2.52811     -2.53441     -2.54056     -2.54649     -2.55211     -2.55733     -2.56207     -2.56621     -2.56963     -2.57222     -2.57382     -2.57428     -2.57345     -2.57113     -2.56713     -2.56123      -2.5532     -2.54278      -2.5297     -2.51367     -2.49438      -2.4715     -2.44467     -2.41355     -2.37775     -2.33691     -2.29065     -2.23862     -2.18051 
    -2.59626      -2.5965     -2.59723     -2.59845     -2.60014     -2.60231     -2.60494     -2.60803     -2.61157     -2.61555     -2.61994     -2.62473     -2.62991     -2.63545     -2.64133     -2.64751     -2.65397     -2.66068      -2.6676     -2.67468     -2.68189     -2.68916     -2.69645     -2.70369     -2.71082     -2.71776     -2.72442     -2.73073     -2.73657     -2.74185     -2.74643     -2.75019     -2.75299     -2.75465     -2.75502     -2.75389     -2.75106     -2.74629     -2.73935     -2.72995      -2.7178     -2.70258     -2.68394     -2.66152     -2.63493     -2.60375     -2.56754     -2.52588     -2.47831     -2.42439     -2.36373 
    -2.75333     -2.75359     -2.75439     -2.75572     -2.75757     -2.75994     -2.76282     -2.76621     -2.77009     -2.77445     -2.77927     -2.78454     -2.79024     -2.79634     -2.80283     -2.80967     -2.81684      -2.8243     -2.83201     -2.83994     -2.84803     -2.85624     -2.86451     -2.87278     -2.88097     -2.88903     -2.89685     -2.90436     -2.91145     -2.91801     -2.92391     -2.92903     -2.93321     -2.93628     -2.93808      -2.9384     -2.93702     -2.93369     -2.92816     -2.92014      -2.9093      -2.8953     -2.87777     -2.85629     -2.83043     -2.79971     -2.76364      -2.7217     -2.67336     -2.61809     -2.55537 
    -2.90933     -2.90962     -2.91049     -2.91193     -2.91395     -2.91654     -2.91968     -2.92337     -2.92761     -2.93237     -2.93764     -2.94342     -2.94966     -2.95637      -2.9635     -2.97104     -2.97896     -2.98722     -2.99578     -3.00461     -3.01365     -3.02287     -3.03219     -3.04157     -3.05093      -3.0602      -3.0693     -3.07814     -3.08661      -3.0946     -3.10199     -3.10864     -3.11441     -3.11912     -3.12259     -3.12462     -3.12497     -3.12341     -3.11964     -3.11338     -3.10427     -3.09194       -3.076     -3.05598     -3.03141     -3.00175     -2.96645     -2.92488     -2.87643     -2.82045     -2.75628 
    -3.06418     -3.06449     -3.06543       -3.067     -3.06919       -3.072     -3.07541     -3.07943     -3.08404     -3.08922     -3.09497     -3.10127     -3.10809     -3.11543     -3.12325     -3.13152     -3.14023     -3.14933      -3.1588     -3.16858     -3.17864     -3.18893     -3.19939     -3.20997     -3.22059     -3.23119     -3.24167     -3.25196     -3.26194     -3.27152     -3.28057     -3.28894      -3.2965     -3.30307     -3.30846     -3.31247     -3.31486     -3.31539     -3.31375     -3.30964     -3.30271     -3.29254     -3.27871     -3.26074     -3.23809     -3.21017     -3.17633      -3.1359     -3.08811     -3.03221     -2.96738 
    -3.21776      -3.2181     -3.21912     -3.22082     -3.22319     -3.22623     -3.22993     -3.23428     -3.23928      -3.2449     -3.25115     -3.25799     -3.26542     -3.27342     -3.28195       -3.291     -3.30054     -3.31054     -3.32096     -3.33176      -3.3429     -3.35433       -3.366     -3.37786     -3.38983     -3.40185     -3.41383      -3.4257     -3.43734     -3.44865     -3.45952      -3.4698     -3.47935       -3.488     -3.49557     -3.50183     -3.50658     -3.50953     -3.51041     -3.50888     -3.50457     -3.49708     -3.48594     -3.47064     -3.45059     -3.42516     -3.39362     -3.35519     -3.30899     -3.25412     -3.18959 
    -3.36999     -3.37036     -3.37146     -3.37329     -3.37584     -3.37912     -3.38312     -3.38782     -3.39322     -3.39931     -3.40607     -3.41349     -3.42155     -3.43023     -3.43952     -3.44938     -3.45979     -3.47072     -3.48214     -3.49401     -3.50629     -3.51894      -3.5319     -3.54511     -3.55853     -3.57207     -3.58566     -3.59922     -3.61265     -3.62585      -3.6387     -3.65107     -3.66282     -3.67377     -3.68376     -3.69256     -3.69996     -3.70569     -3.70946     -3.71094     -3.70976     -3.70548     -3.69764     -3.68568     -3.66899     -3.64687     -3.61854     -3.58311      -3.5396      -3.4869     -3.42385 
    -3.52075     -3.52114     -3.52232     -3.52429     -3.52704     -3.53057     -3.53487     -3.53994     -3.54576     -3.55232     -3.55962     -3.56763     -3.57635     -3.58575     -3.59582     -3.60652     -3.61785     -3.62976     -3.64223     -3.65522      -3.6687     -3.68262     -3.69693     -3.71159     -3.72653     -3.74169     -3.75699     -3.77236     -3.78771     -3.80294     -3.81794     -3.83257     -3.84671     -3.86019     -3.87284     -3.88446     -3.89483     -3.90368     -3.91074     -3.91566     -3.91809     -3.91758     -3.91366     -3.90576     -3.89323     -3.87534     -3.85124     -3.81995     -3.78035      -3.7312     -3.67108 
    -3.66993     -3.67035     -3.67162     -3.67373     -3.67668     -3.68047     -3.68508     -3.69052     -3.69677     -3.70383     -3.71168     -3.72031     -3.72971     -3.73986     -3.75073     -3.76232     -3.77459     -3.78752     -3.80109     -3.81525     -3.82998     -3.84523     -3.86097     -3.87713     -3.89368     -3.91055     -3.92766     -3.94496     -3.96235     -3.97974     -3.99703      -4.0141     -4.03082     -4.04704      -4.0626      -4.0773     -4.09093     -4.10324     -4.11397     -4.12278     -4.12931     -4.13314     -4.13379     -4.13068     -4.12316     -4.11046     -4.09169      -4.0658     -4.03156     -3.98755     -3.93212 
    -3.81742     -3.81787     -3.81923     -3.82148     -3.82464     -3.82869     -3.83363     -3.83945     -3.84615     -3.85372     -3.86214     -3.87141     -3.88151     -3.89242     -3.90414     -3.91663     -3.92988     -3.94387     -3.95857     -3.97395     -3.98998     -4.00662     -4.02384     -4.04159     -4.05982     -4.07847     -4.09749     -4.11682     -4.13636     -4.15604     -4.17577     -4.19543     -4.21491     -4.23407     -4.25275     -4.27079     -4.28797     -4.30408     -4.31884     -4.33196     -4.34309     -4.35182     -4.35768     -4.36011     -4.35847     -4.35198     -4.33972      -4.3206      -4.2933     -4.25627     -4.20764 
     -3.9631     -3.96358     -3.96503     -3.96744      -3.9708     -3.97512      -3.9804     -3.98662     -3.99377     -4.00186     -4.01087     -4.02079     -4.03161     -4.04332     -4.05589     -4.06932     -4.08359     -4.09867     -4.11454     -4.13118     -4.14855     -4.16664     -4.18539     -4.20478     -4.22476     -4.24528     -4.26629     -4.28773     -4.30953     -4.33162     -4.35391     -4.37631     -4.39871       -4.421     -4.44302     -4.46462     -4.48562     -4.50582     -4.52498     -4.54281       -4.559     -4.57317     -4.58487     -4.59359     -4.59869     -4.59943      -4.5949     -4.58401     -4.56539      -4.5374     -4.49799 
    -4.10686     -4.10737     -4.10891     -4.11147     -4.11505     -4.11965     -4.12526     -4.13189     -4.13951     -4.14813     -4.15775     -4.16834     -4.17989     -4.19241     -4.20587     -4.22026     -4.23556     -4.25176     -4.26884     -4.28677     -4.30553      -4.3251     -4.34544     -4.36652     -4.38831     -4.41076     -4.43383     -4.45747     -4.48162     -4.50622      -4.5312     -4.55647     -4.58194      -4.6075     -4.63305     -4.65843      -4.6835     -4.70808     -4.73194     -4.75486     -4.77654     -4.79665     -4.81479     -4.83049     -4.84318     -4.85216     -4.85658     -4.85538     -4.84726     -4.83055      -4.8031 
    -4.24856      -4.2491     -4.25073     -4.25345     -4.25725     -4.26214      -4.2681     -4.27513     -4.28324      -4.2924     -4.30263      -4.3139     -4.32621     -4.33956     -4.35392     -4.36929     -4.38565       -4.403     -4.42131     -4.44056     -4.46074     -4.48183      -4.5038     -4.52662     -4.55027     -4.57471     -4.59991     -4.62582      -4.6524     -4.67959     -4.70735      -4.7356     -4.76426     -4.79326     -4.82249     -4.85184     -4.88118     -4.91037     -4.93923     -4.96756     -4.99512     -5.02162     -5.04673     -5.07006      -5.0911     -5.10925     -5.12377     -5.13372      -5.1379     -5.13475     -5.12222 
    -4.38809     -4.38866     -4.39039     -4.39327     -4.39729     -4.40246     -4.40878     -4.41623     -4.42482     -4.43454     -4.44539     -4.45735     -4.47043     -4.48462      -4.4999     -4.51627     -4.53371     -4.55222     -4.57179     -4.59239     -4.61402     -4.63666     -4.66029     -4.68489     -4.71044     -4.73691     -4.76428     -4.79252     -4.82159     -4.85146     -4.88207     -4.91339     -4.94535     -4.97789     -5.01094     -5.04441      -5.0782     -5.11221      -5.1463     -5.18031     -5.21406     -5.24733     -5.27987     -5.31136     -5.34142     -5.36957     -5.39522     -5.41761     -5.43577     -5.44837     -5.45367 
    -4.52531     -4.52592     -4.52774     -4.53078     -4.53503     -4.54049     -4.54716     -4.55504     -4.56413     -4.57441     -4.58589     -4.59856     -4.61241     -4.62745     -4.64366     -4.66104     -4.67958     -4.69927     -4.72011     -4.74208     -4.76518     -4.78939     -4.81471     -4.84112      -4.8686     -4.89714     -4.92672     -4.95733     -4.98894     -5.02153     -5.05506     -5.08951     -5.12485     -5.16102     -5.19799     -5.23569     -5.27406     -5.31304     -5.35253     -5.39243     -5.43263     -5.47297     -5.51329     -5.55337     -5.59297     -5.63177     -5.66937     -5.70526     -5.73877       -5.769     -5.79471 
    -4.66011     -4.66075     -4.66267     -4.66587     -4.67035      -4.6761     -4.68314     -4.69144     -4.70102     -4.71187     -4.72399     -4.73737     -4.75201      -4.7679     -4.78505     -4.80345      -4.8231     -4.84398     -4.86611     -4.88946     -4.91404     -4.93985     -4.96686     -4.99509     -5.02453     -5.05516     -5.08698     -5.11999     -5.15417     -5.18951       -5.226     -5.26363     -5.30239     -5.34225     -5.38319      -5.4252     -5.46825      -5.5123     -5.55731     -5.60324     -5.65003     -5.69763     -5.74596     -5.79493     -5.84442      -5.8943      -5.9444      -5.9945     -6.04432     -6.09348     -6.14146 
    -4.79234     -4.79301     -4.79503     -4.79839      -4.8031     -4.80916     -4.81655     -4.82529     -4.83537     -4.84679     -4.85955     -4.87364     -4.88907     -4.90583     -4.92393     -4.94335     -4.96411     -4.98619     -5.00961     -5.03435     -5.06042     -5.08782     -5.11655     -5.14662     -5.17801     -5.21074     -5.24481     -5.28023     -5.31699      -5.3551     -5.39456     -5.43539     -5.47759     -5.52116     -5.56612     -5.61247     -5.66022     -5.70938     -5.75996     -5.81198     -5.86546      -5.9204     -5.97684     -6.03481     -6.09434     -6.15548     -6.21832     -6.28293     -6.34947     -6.41811     -6.48914 
    -4.92188     -4.92259      -4.9247     -4.92823     -4.93317     -4.93952     -4.94728     -4.95646     -4.96704     -4.97903     -4.99243     -5.00724     -5.02346     -5.04109     -5.06013     -5.08058     -5.10245     -5.12574     -5.15044     -5.17658     -5.20414     -5.23313     -5.26357     -5.29547     -5.32882     -5.36365     -5.39996     -5.43778     -5.47712     -5.51799     -5.56043     -5.60445     -5.65008     -5.69736     -5.74631     -5.79699     -5.84943     -5.90369     -5.95984     -6.01793     -6.07805     -6.14031     -6.20483     -6.27176     -6.34127     -6.41361     -6.48908     -6.56807     -6.65111     -6.73894     -6.83259 
     -5.0486     -5.04934     -5.05155     -5.05525     -5.06042     -5.06707     -5.07519      -5.0848     -5.09588     -5.10845     -5.12249     -5.13802     -5.15503     -5.17352     -5.19351     -5.21499     -5.23797     -5.26245     -5.28844     -5.31596       -5.345     -5.37559     -5.40773     -5.44144     -5.47674     -5.51365     -5.55219     -5.59239     -5.63428     -5.67789     -5.72326     -5.77044     -5.81947     -5.87041     -5.92332     -5.97827     -6.03535     -6.09464     -6.15626     -6.22032     -6.28699     -6.35643     -6.42886     -6.50454     -6.58378     -6.66699     -6.75467     -6.84747     -6.94625     -7.05219     -7.16687 
    -5.17236     -5.17313     -5.17545     -5.17931     -5.18471     -5.19165     -5.20015     -5.21019     -5.22177     -5.23491     -5.24959     -5.26583     -5.28363     -5.30299     -5.32392     -5.34642      -5.3705     -5.39617     -5.42344     -5.45232     -5.48284     -5.51499     -5.54881     -5.58432     -5.62154      -5.6605     -5.70124     -5.74379     -5.78819      -5.8345     -5.88276     -5.93303      -5.9854     -6.03993     -6.09671     -6.15584     -6.21743     -6.28163     -6.34858     -6.41845     -6.49145     -6.56784     -6.64789     -6.73197      -6.8205     -6.91403     -7.01321      -7.1189      -7.2322     -7.35455      -7.4879 
    -5.29304     -5.29384     -5.29625     -5.30028     -5.30591     -5.31315     -5.32201     -5.33248     -5.34457     -5.35827     -5.37359     -5.39054     -5.40912     -5.42934      -5.4512     -5.47471     -5.49988     -5.52673     -5.55526      -5.5855     -5.61746     -5.65116     -5.68664     -5.72391     -5.76302     -5.80399     -5.84688     -5.89172     -5.93858     -5.98752     -6.03859     -6.09189     -6.14749      -6.2055     -6.26604     -6.32921     -6.39518      -6.4641     -6.53618     -6.61162     -6.69068     -6.77368     -6.86096     -6.95296      -7.0502      -7.1533     -7.26306     -7.38046     -7.50672     -7.64344     -7.79267 
    -5.41049     -5.41133     -5.41384     -5.41803     -5.42389     -5.43143     -5.44065     -5.45155     -5.46413      -5.4784     -5.49436     -5.51201     -5.53136     -5.55243     -5.57521     -5.59972     -5.62597     -5.65397     -5.68375     -5.71531     -5.74869     -5.78392     -5.82101     -5.86001     -5.90096      -5.9439     -5.98887     -6.03595     -6.08519     -6.13667     -6.19047     -6.24668     -6.30541     -6.36677      -6.4309     -6.49796      -6.5681     -6.64153     -6.71848     -6.79919     -6.88397     -6.97317     -7.06719     -7.16653     -7.27177      -7.3836     -7.50286     -7.63061     -7.76813     -7.91702     -8.07927 
     -5.5246     -5.52547     -5.52808     -5.53243     -5.53852     -5.54636     -5.55593     -5.56726     -5.58033     -5.59516     -5.61174     -5.63009     -5.65021     -5.67211      -5.6958     -5.72129      -5.7486     -5.77774     -5.80874     -5.84161     -5.87638     -5.91308     -5.95175     -5.99243     -6.03516        -6.08       -6.127     -6.17623     -6.22777     -6.28169      -6.3381      -6.3971     -6.45881     -6.52337     -6.59093     -6.66166     -6.73575     -6.81343     -6.89494     -6.98058     -7.07068     -7.16561     -7.26583     -7.37186     -7.48431     -7.60392     -7.73155     -7.86825     -8.01528     -8.17416     -8.34672 
    -5.63523     -5.63614     -5.63884     -5.64335     -5.64967     -5.65779     -5.66773     -5.67947     -5.69303     -5.70841     -5.72562     -5.74466     -5.76553     -5.78825     -5.81284      -5.8393     -5.86764      -5.8979     -5.93008     -5.96422     -6.00034     -6.03848     -6.07868     -6.12098     -6.16544     -6.21211     -6.26105     -6.31234     -6.36607     -6.42233     -6.48122     -6.54287     -6.60741     -6.67498     -6.74576     -6.81993     -6.89771     -6.97934     -7.06509     -7.15527     -7.25025     -7.35041     -7.45623     -7.56825      -7.6871      -7.8135     -7.94833     -8.09258     -8.24745     -8.41431     -8.59478 
    -5.74226     -5.74319     -5.74599     -5.75066     -5.75721     -5.76562      -5.7759     -5.78807     -5.80211     -5.81804     -5.83585     -5.85557     -5.87719     -5.90072     -5.92618     -5.95358     -5.98294     -6.01428     -6.04762       -6.083     -6.12043     -6.15996     -6.20164      -6.2455     -6.29161     -6.34002     -6.39082     -6.44408     -6.49989     -6.55835     -6.61959     -6.68372      -6.7509     -6.82129     -6.89506     -6.97243     -7.05361     -7.13888      -7.2285     -7.32282      -7.4222     -7.52705     -7.63785     -7.75515     -7.87956      -8.0118     -8.15269     -8.30317     -8.46431     -8.63735     -8.82367 
    -5.84554     -5.84651     -5.84941     -5.85424       -5.861      -5.8697     -5.88033     -5.89291     -5.90743     -5.92389     -5.94231     -5.96269     -5.98504     -6.00937     -6.03569     -6.06402     -6.09437     -6.12677     -6.16123      -6.1978      -6.2365     -6.27737     -6.32046     -6.36582      -6.4135     -6.46358     -6.51613     -6.57125     -6.62901     -6.68955     -6.75297     -6.81942     -6.88905     -6.96203     -7.03856     -7.11885     -7.20314     -7.29169     -7.38482     -7.48284     -7.58613     -7.69512     -7.81028     -7.93214      -8.0613     -8.19844     -8.34432      -8.4998     -8.66584      -8.8435     -9.03391 
    -5.94497     -5.94596     -5.94896     -5.95394     -5.96093     -5.96991     -5.98089     -5.99387     -6.00886     -6.02586     -6.04488     -6.06591     -6.08898     -6.11409     -6.14125     -6.17048     -6.20179     -6.23522     -6.27077     -6.30849     -6.34841     -6.39056       -6.435     -6.48178     -6.53097     -6.58262     -6.63682     -6.69367     -6.75326     -6.81571     -6.88116     -6.94974     -7.02161     -7.09696     -7.17599     -7.25892       -7.346      -7.4375     -7.53372     -7.63501     -7.74173     -7.85431     -7.97321     -8.09893     -8.23206     -8.37321      -8.5231     -8.68248      -8.8522     -9.03314     -9.22624 
     -6.0404     -6.04143     -6.04452     -6.04966     -6.05686     -6.06612     -6.07745     -6.09083     -6.10629     -6.12381     -6.14341     -6.16509     -6.18887     -6.21474     -6.24272     -6.27283     -6.30508      -6.3395     -6.37611     -6.41494     -6.45603     -6.49941     -6.54514     -6.59327     -6.64386     -6.69699     -6.75273     -6.81119     -6.87247     -6.93669     -7.00399      -7.0745     -7.14841     -7.22589     -7.30716     -7.39243     -7.48197     -7.57605     -7.67498     -7.77909     -7.88875     -8.00437      -8.1264     -8.25533     -8.39168     -8.53604     -8.68904     -8.85135     -9.02369      -9.2068     -9.40145 
    -6.13172     -6.13278     -6.13596     -6.14126     -6.14868     -6.15822     -6.16988     -6.18367     -6.19958     -6.21763      -6.2378     -6.26012     -6.28459     -6.31121     -6.33999     -6.37096     -6.40413     -6.43951     -6.47714     -6.51704     -6.55924      -6.6038     -6.65074     -6.70014     -6.75206     -6.80656     -6.86374     -6.92369     -6.98651     -7.05233      -7.1213     -7.19355     -7.26927     -7.34863     -7.43186     -7.51919     -7.61086     -7.70715     -7.80838     -7.91488       -8.027     -8.14514     -8.26973     -8.40122     -8.54011     -8.68694     -8.84225     -9.00664     -9.18071     -9.36508     -9.56035 
     -6.2188     -6.21989     -6.22316     -6.22862     -6.23625     -6.24607     -6.25807     -6.27225     -6.28862     -6.30718     -6.32793     -6.35088     -6.37602     -6.40338     -6.43295     -6.46476     -6.49881     -6.53513     -6.57374     -6.61467     -6.65794     -6.70361     -6.75171     -6.80231     -6.85546     -6.91123     -6.96973     -7.03103     -7.09525     -7.16252     -7.23297     -7.30676     -7.38405     -7.46506     -7.54997     -7.63904     -7.73251     -7.83067      -7.9338     -8.04225     -8.15636     -8.27651     -8.40311     -8.53658     -8.67738       -8.826     -8.98292     -9.14865      -9.3237     -9.50858     -9.70375 
    -6.30152     -6.30264     -6.30601     -6.31161     -6.31947     -6.32956     -6.34189     -6.35647      -6.3733     -6.39236     -6.41368     -6.43724     -6.46306     -6.49114     -6.52149     -6.55412     -6.58903     -6.62626     -6.66582     -6.70773     -6.75203     -6.79875     -6.84794     -6.89966     -6.95396     -7.01091      -7.0706     -7.13313     -7.19861     -7.26715      -7.3389     -7.41402     -7.49267     -7.57506     -7.66139     -7.75189     -7.84683     -7.94648     -8.05113     -8.16111     -8.27676     -8.39843     -8.52652     -8.66143     -8.80356     -8.95337     -9.11127     -9.27771     -9.45312     -9.63789     -9.83241 
    -6.37975     -6.38091     -6.38436     -6.39013     -6.39819     -6.40856     -6.42123     -6.43621     -6.45348     -6.47306     -6.49493     -6.51911      -6.5456     -6.57439      -6.6055     -6.63893     -6.67469      -6.7128     -6.75328     -6.79614     -6.84142     -6.88915     -6.93936     -6.99212     -7.04749     -7.10552      -7.1663     -7.22993     -7.29651     -7.36616     -7.43903     -7.51526     -7.59504     -7.67856     -7.76602     -7.85767     -7.95375     -8.05453     -8.16032     -8.27142     -8.38816      -8.5109     -8.63999     -8.77582     -8.91877     -9.06922     -9.22756     -9.39417     -9.56941     -9.75359     -9.94701 
    -6.45338     -6.45456     -6.45811     -6.46403     -6.47231     -6.48296     -6.49596     -6.51133     -6.52906     -6.54914     -6.57158     -6.59637     -6.62352     -6.65302     -6.68488      -6.7191      -6.7557     -6.79467     -6.83604     -6.87982     -6.92603     -6.97472     -7.02591     -7.07964     -7.13599       -7.195     -7.25676     -7.32136      -7.3889      -7.4595      -7.5333     -7.61046     -7.69114     -7.77553     -7.86385     -7.95634     -8.05323      -8.1548     -8.26134     -8.37317     -8.49059     -8.61395     -8.74359     -8.87986     -9.02313     -9.17375     -9.33205     -9.49837       -9.673      -9.8562     -10.0482 
    -6.52226     -6.52348     -6.52712      -6.5332      -6.5417     -6.55262     -6.56597     -6.58174     -6.59992     -6.62051     -6.64351     -6.66892     -6.69673     -6.72694     -6.75954     -6.79455     -6.83196     -6.87178     -6.91402     -6.95869     -7.00581     -7.05541     -7.10751     -7.16217     -7.21942     -7.27932     -7.34196     -7.40741     -7.47577     -7.54716     -7.62172     -7.69959     -7.78094     -7.86596     -7.95487     -8.04789     -8.14528     -8.24729     -8.35423     -8.46638     -8.58407     -8.70763     -8.83738     -8.97366     -9.11681     -9.26715       -9.425     -9.59062     -9.76428     -9.94618     -10.1365 
    -6.58629     -6.58754     -6.59128     -6.59751     -6.60623     -6.61744     -6.63113      -6.6473     -6.66594     -6.68705     -6.71062     -6.73665     -6.76512     -6.79603     -6.82939     -6.86518      -6.9034     -6.94406     -6.98716      -7.0327      -7.0807     -7.13117     -7.18415     -7.23966     -7.29775     -7.35847     -7.42188     -7.48807     -7.55712     -7.62915     -7.70428     -7.78267     -7.86447     -7.94988      -8.0391     -8.13237     -8.22993     -8.33204     -8.43901     -8.55111     -8.66868     -8.79202     -8.92147     -9.05735     -9.19997     -9.34964     -9.50664     -9.67122      -9.8436      -10.024     -10.2124 
    -6.64533     -6.64661     -6.65045     -6.65684     -6.66579     -6.67729     -6.69133     -6.70791     -6.72702     -6.74865     -6.77279     -6.79944     -6.82859     -6.86022     -6.89433     -6.93091     -6.96994     -7.01144     -7.05539     -7.10179     -7.15065     -7.20198     -7.25579     -7.31212     -7.37098     -7.43244     -7.49654     -7.56336     -7.63298      -7.7055     -7.78104     -7.85975     -7.94179     -8.02734     -8.11662     -8.20984     -8.30725     -8.40913     -8.51576     -8.62745      -8.7445     -8.86724     -8.99598     -9.13105     -9.27275     -9.42138     -9.57719     -9.74043     -9.91127     -10.0899     -10.2763 
    -6.69925     -6.70057      -6.7045     -6.71106     -6.72024     -6.73203     -6.74643     -6.76343     -6.78302     -6.80519     -6.82992     -6.85721     -6.88705     -6.91941     -6.95428     -6.99165     -7.03151     -7.07385     -7.11865     -7.16591     -7.21562     -7.26779     -7.32242     -7.37952     -7.43913     -7.50126     -7.56598     -7.63333      -7.7034     -7.77627     -7.85207     -7.93092     -8.01299     -8.09845     -8.18751     -8.28039     -8.37735     -8.47866      -8.5846     -8.69549     -8.81165     -8.93338     -9.06103      -9.1949     -9.33531     -9.48255     -9.63686     -9.79846     -9.96754     -10.1442     -10.3286 
    -6.74792     -6.74927     -6.75331     -6.76004     -6.76946     -6.78155     -6.79632     -6.81375     -6.83383     -6.85655     -6.88189     -6.90984     -6.94038     -6.97349     -7.00915     -7.04734     -7.08804     -7.13124      -7.1769     -7.22503      -7.2756      -7.3286     -7.38403      -7.4419      -7.5022     -7.56497     -7.63023     -7.69804     -7.76846     -7.84157     -7.91747     -7.99629     -8.07818     -8.16331      -8.2519     -8.34416     -8.44035     -8.54075     -8.64565     -8.75536     -8.87023     -8.99057     -9.11673     -9.24903     -9.38778     -9.53328     -9.68578     -9.84549     -10.0126     -10.1872     -10.3694 
    -6.79121     -6.79259     -6.79673     -6.80364      -6.8133     -6.82572     -6.84087     -6.85874     -6.87933     -6.90262     -6.92859     -6.95722     -6.98849     -7.02237     -7.05885     -7.09788     -7.13945     -7.18353      -7.2301     -7.27911     -7.33055      -7.3844     -7.44064     -7.49926     -7.56025     -7.62362     -7.68939     -7.75759     -7.82827      -7.9015     -7.97737       -8.056     -8.13752     -8.22211     -8.30996     -8.40131     -8.49642     -8.59556     -8.69905     -8.80722      -8.9204     -9.03895     -9.16322     -9.29355     -9.43028      -9.5737     -9.72408     -9.88165     -10.0466      -10.219     -10.3989 
    -6.82896     -6.83038     -6.83463     -6.84172     -6.85164     -6.86438     -6.87993     -6.89827     -6.91939     -6.94328      -6.9699     -6.99924     -7.03127     -7.06596     -7.10329      -7.1432     -7.18568     -7.23069     -7.27818     -7.32812     -7.38047     -7.43519     -7.49226     -7.55165     -7.61333      -7.6773     -7.74355      -7.8121     -7.88297     -7.95623     -8.03195     -8.11023      -8.1912     -8.27503      -8.3619     -8.45206     -8.54576      -8.6433       -8.745     -8.85122     -8.96231     -9.07864     -9.20061     -9.32857     -9.46289     -9.60388     -9.75185     -9.90701     -10.0696     -10.2396     -10.4173 
    -6.86103     -6.86249     -6.86686     -6.87414     -6.88433     -6.89741     -6.91337      -6.9322     -6.95388     -6.97838     -7.00569     -7.03578     -7.06861     -7.10415     -7.14237     -7.18321     -7.22665     -7.27263      -7.3211     -7.37202     -7.42533     -7.48098     -7.53892     -7.59911     -7.66151     -7.72609     -7.79281     -7.86169     -7.93272     -8.00594     -8.08141     -8.15921     -8.23946     -8.32232     -8.40797     -8.49664     -8.58861     -8.68419     -8.78372     -8.88756     -8.99612      -9.1098     -9.22902     -9.35419     -9.48569     -9.62388      -9.7691     -9.92159     -10.0816     -10.2492     -10.4245 
    -6.88727     -6.88877     -6.89326     -6.90074     -6.91121     -6.92465     -6.94104     -6.96038     -6.98265     -7.00781     -7.03584     -7.06671     -7.10039     -7.13683     -7.17599     -7.21783     -7.26228      -7.3093     -7.35882     -7.41079     -7.46513     -7.52177     -7.58065     -7.64171     -7.70488      -7.7701     -7.83733     -7.90654     -7.97771     -8.05085     -8.12599      -8.2032     -8.28258     -8.36427     -8.44845     -8.53535     -8.62527     -8.71851     -8.81544     -8.91648     -9.02204     -9.13259     -9.24858     -9.37048     -9.49872     -9.63371     -9.77582     -9.92534     -10.0825     -10.2475     -10.4204 
    -6.90752     -6.90906     -6.91367     -6.92137     -6.93213     -6.94594      -6.9628     -6.98267     -7.00555      -7.0314      -7.0602      -7.0919     -7.12648     -7.16388     -7.20405     -7.24694     -7.29249     -7.34063     -7.39129     -7.44438     -7.49984     -7.55757     -7.61748     -7.67949     -7.74351     -7.80945     -7.87725     -7.94683     -8.01816     -8.09121     -8.16598     -8.24251     -8.32088     -8.40122      -8.4837     -8.56855     -8.65606     -8.74657     -8.84047     -8.93822     -9.04028     -9.14717     -9.25941     -9.37752     -9.50201     -9.63334     -9.77194     -9.91817     -10.0723     -10.2345     -10.4049 
     -6.9216     -6.92318     -6.92794     -6.93585     -6.94692     -6.96113     -6.97846     -6.99891     -7.02243     -7.04901     -7.07862     -7.11121     -7.14674     -7.18516     -7.22642     -7.27045     -7.31717     -7.36653     -7.41842     -7.47276     -7.52945     -7.58838     -7.64944     -7.71252     -7.77751     -7.84428     -7.91274     -7.98278     -8.05431     -8.12729     -8.20168     -8.27748     -8.35474     -8.43357     -8.51413     -8.59663     -8.68139     -8.76875     -8.85916     -8.95309     -9.05109     -9.15373     -9.26162     -9.37536     -9.49553     -9.62269     -9.75733     -9.89987     -10.0507     -10.2099     -10.3778 
    -6.92935     -6.93098     -6.93587     -6.94401      -6.9554     -6.97003     -6.98787     -7.00891     -7.03313     -7.06048     -7.09095     -7.12448     -7.16103     -7.20055     -7.24297     -7.28822     -7.33623     -7.38691     -7.44016     -7.49587     -7.55392      -7.6142     -7.67656     -7.74087     -7.80697     -7.87473     -7.94398      -8.0146     -8.08645     -8.15944     -8.23348     -8.30853     -8.38462      -8.4618     -8.54022      -8.6201     -8.70173     -8.78551      -8.8719     -8.96144     -9.05475     -9.15249     -9.25535     -9.36405     -9.47926     -9.60164      -9.7318     -9.87021     -10.0173     -10.1734     -10.3385 
    -6.93057     -6.93225     -6.93728     -6.94567      -6.9574     -6.97247     -6.99084     -7.01251     -7.03745     -7.06563       -7.097     -7.13154     -7.16918     -7.20987     -7.25355     -7.30013     -7.34953     -7.40166      -7.4564     -7.51363     -7.57321     -7.63501     -7.69886     -7.76458       -7.832     -7.90093     -7.97117     -8.04255     -8.11488       -8.188     -8.26178     -8.33613     -8.41101     -8.48644     -8.56254     -8.63951     -8.71766     -8.79737     -8.87918     -8.96369     -9.05161     -9.14368     -9.24074     -9.34361     -9.45311     -9.57002     -9.69506     -9.82881      -9.9718     -10.1244     -10.2867 
    -6.92507      -6.9268     -6.93199     -6.94063     -6.95272     -6.96824     -6.98718     -7.00951     -7.03522     -7.06426      -7.0966     -7.13221     -7.17101     -7.21297     -7.25799     -7.30601     -7.35693     -7.41065     -7.46703     -7.52595     -7.58726     -7.65078     -7.71632     -7.78369     -7.85267     -7.92302     -7.99451     -8.06689     -8.13992     -8.21338     -8.28706      -8.3608      -8.4345     -8.50814     -8.58177     -8.65557     -8.72983     -8.80499      -8.8816     -8.96035     -9.04206      -9.1276     -9.21794     -9.31407     -9.41697     -9.52757     -9.64675     -9.77523     -9.91362     -10.0624     -10.2217 
    -6.91265     -6.91444     -6.91978     -6.92869     -6.94115     -6.95715     -6.97668     -6.99971     -7.02622     -7.05618     -7.08955     -7.12628     -7.16633     -7.20964     -7.25612      -7.3057     -7.35827     -7.41372     -7.47192     -7.53273     -7.59596     -7.66144     -7.72894     -7.79823     -7.86906     -7.94114     -8.01419     -8.08789     -8.16192       -8.236     -8.30982     -8.38315     -8.45578     -8.52763     -8.59868     -8.66906     -8.73906     -8.80912     -8.87985     -8.95203      -9.0266     -9.10458     -9.18714     -9.27544     -9.37068       -9.474     -9.58643     -9.70887     -9.84208     -9.98658     -10.1427 
     -6.8931     -6.89494     -6.90045     -6.90964     -6.92249     -6.93899     -6.95913     -6.98289     -7.01024     -7.04116     -7.07561     -7.11355     -7.15493     -7.19967     -7.24772     -7.29898     -7.35334      -7.4107      -7.4709      -7.5338      -7.5992      -7.6669     -7.73665     -7.80818     -7.88121      -7.9554     -8.03039      -8.1058     -8.18125     -8.25632     -8.33064     -8.40384     -8.47562     -8.54577      -8.6142     -8.68097     -8.74633     -8.81072     -8.87481     -8.93948     -9.00583     -9.07506     -9.14856     -9.22775     -9.31407     -9.40889     -9.51351     -9.62901     -9.75631     -9.89607     -10.0487 
    -6.86619     -6.86809     -6.87377     -6.88324     -6.89649     -6.91352     -6.93429     -6.95881     -6.98705     -7.01898     -7.05457     -7.09378     -7.13655     -7.18284     -7.23255     -7.28562     -7.34193     -7.40136     -7.46377     -7.52898     -7.59681     -7.66702     -7.73935     -7.81349     -7.88912     -7.96585     -8.04326     -8.12089     -8.19825     -8.27483     -8.35012     -8.42362     -8.49488     -8.56356     -8.62943     -8.69245      -8.7528     -8.81092     -8.86753     -8.92363     -8.98049     -9.03956     -9.10249     -9.17101     -9.24687     -9.33177     -9.42727     -9.53472     -9.65526     -9.78969     -9.93848 
     -6.8317     -6.83365     -6.83952     -6.84928     -6.86295     -6.88051     -6.90194     -6.92725     -6.95641     -6.98939     -7.02617     -7.06671     -7.11096     -7.15887     -7.21036     -7.26537     -7.32377     -7.38545     -7.45027     -7.51805     -7.58858     -7.66162     -7.73689     -7.81406     -7.89275     -7.97253     -8.05292     -8.13336     -8.21327     -8.29201     -8.36891     -8.44331     -8.51457     -8.58215     -8.64566     -8.70488      -8.7599     -8.81113     -8.85933     -8.90563     -8.95152     -8.99873     -9.04928     -9.10526     -9.16881     -9.24202     -9.32682     -9.42489     -9.53762     -9.66599     -9.81059 
    -6.78939     -6.79141     -6.79745     -6.80752     -6.82161     -6.83971     -6.86183     -6.88795     -6.91805     -6.95212     -6.99014     -7.03206     -7.07786     -7.12748     -7.18086     -7.23792     -7.29857     -7.36269     -7.43012     -7.50071     -7.57423     -7.65045     -7.72905      -7.8097     -7.89197     -7.97539     -8.05941     -8.14339     -8.22662     -8.30834     -8.38768     -8.46379     -8.53578     -8.60287      -8.6644     -8.71993     -8.76939      -8.8131     -8.85185     -8.88693     -8.92009     -8.95344      -8.9894     -9.03055     -9.07953      -9.1389     -9.21107     -9.29811     -9.40175     -9.52321     -9.66319 
    -6.73902      -6.7411     -6.74732      -6.7577     -6.77222     -6.79089      -6.8137     -6.84064     -6.87172     -6.90691     -6.94619     -6.98956     -7.03696     -7.08837     -7.14373     -7.20297       -7.266     -7.33272     -7.40298     -7.47663     -7.55344     -7.63318     -7.71554     -7.80015     -7.88657     -7.97429     -8.06268     -8.15104     -8.23854     -8.32423     -8.40709     -8.48599     -8.55975     -8.62725     -8.68746     -8.73964     -8.78343       -8.819     -8.84715     -8.86936      -8.8877     -8.90473     -8.92344     -8.94698     -8.97861      -9.0215     -9.07864     -9.15263     -9.24563     -9.35917     -9.49405 
    -6.68036     -6.68249      -6.6889     -6.69958     -6.71454     -6.73377     -6.75728     -6.78506     -6.81712     -6.85345     -6.89404     -6.93888     -6.98794      -7.0412     -7.09862     -7.16014     -7.22569     -7.29517     -7.36845      -7.4454      -7.5258     -7.60943     -7.69596     -7.78505     -7.87623     -7.96895     -8.06256     -8.15627     -8.24913     -8.34004     -8.42775     -8.51085     -8.58779     -8.65699     -8.71697     -8.76646     -8.80469     -8.83157     -8.84787     -8.85525     -8.85625     -8.85399     -8.85217      -8.8547     -8.86556     -8.88871     -8.92786     -8.98628     -9.06673     -9.17111     -9.30042 
    -6.61315     -6.61534     -6.62194     -6.63292     -6.64831     -6.66811     -6.69231     -6.72094     -6.75398     -6.79146     -6.83337      -6.8797     -6.93046     -6.98562     -7.04516     -7.10904     -7.17721      -7.2496     -7.32609     -7.40656     -7.49083     -7.57868     -7.66983     -7.76391     -7.86048     -7.95898     -8.05872     -8.15885     -8.25833     -8.35593     -8.45015     -8.53926     -8.62127     -8.69405     -8.75542     -8.80339     -8.83654     -8.85431     -8.85735     -8.84758     -8.82814     -8.80294     -8.77661     -8.75394     -8.73985      -8.7392     -8.75663     -8.79632     -8.86182     -8.95558     -9.07882 
    -6.53715     -6.53941     -6.54618     -6.55747     -6.57328     -6.59363     -6.61852     -6.64798     -6.68201     -6.72063     -6.76385     -6.81169     -6.86415     -6.92124     -6.98294     -7.04925     -7.12013     -7.19553     -7.27538     -7.35957     -7.44797     -7.54037     -7.63653     -7.73612     -7.83871     -7.94376     -8.05059     -8.15832     -8.26586     -8.37183     -8.47455     -8.57194     -8.66154      -8.7405     -8.80571     -8.85414     -8.88327     -8.89174     -8.87994     -8.85017     -8.80642     -8.75377     -8.69801     -8.64505     -8.60087     -8.57139     -8.56241     -8.57931     -8.62677     -8.70813      -8.8249 
    -6.45213     -6.45445     -6.46139     -6.47297     -6.48919     -6.51008     -6.53564     -6.56591      -6.6009     -6.64065     -6.68517      -6.7345     -6.78865     -6.84766     -6.91155     -6.98031     -7.05394     -7.13244     -7.21576     -7.30383     -7.39656     -7.49379     -7.59533      -7.7009     -7.81012      -7.9225     -8.03739     -8.15394     -8.27106      -8.3873     -8.50084     -8.60931     -8.70974     -8.79847     -8.87119     -8.92326     -8.95041     -8.94984     -8.92138     -8.86792     -8.79492     -8.70914     -8.61794     -8.52854     -8.44804     -8.38352     -8.34212     -8.33086      -8.3562      -8.4229     -8.53301 
    -6.35786     -6.36023     -6.36734     -6.37919     -6.39581     -6.41721     -6.44342     -6.47446     -6.51038     -6.55121     -6.59699     -6.64777     -6.70359     -6.76449     -6.83053     -6.90174     -6.97814     -7.05977     -7.14661     -7.23867     -7.33588     -7.43816     -7.54538     -7.65733     -7.77372     -7.89414     -8.01802     -8.14461     -8.27287     -8.40142     -8.52837      -8.6512     -8.76653     -8.86989     -8.95548     -9.01639     -9.04534     -9.03678     -8.98937     -8.90716     -8.79825     -8.67214     -8.53826     -8.40517     -8.28096     -8.17376     -8.09219     -8.04544     -8.04288      -8.0919     -8.19565 
    -6.25412     -6.25654      -6.2638     -6.27591     -6.29289     -6.31477     -6.34158     -6.37336     -6.41015       -6.452     -6.49898     -6.55115     -6.60857     -6.67131     -6.73945     -6.81305     -6.89218     -6.97691     -7.06729     -7.16336     -7.26513     -7.37259      -7.4857     -7.60433     -7.72832     -7.85738     -7.99108     -8.12881     -8.26973     -8.41259     -8.55567     -8.69652     -8.83162     -8.95591     -9.06216     -9.14037     -9.17822     -9.16434     -9.09462     -8.97586     -8.82168     -8.64604     -8.46093     -8.27596     -8.09967     -7.94068     -7.80887     -7.71618     -7.67677     -7.70364     -7.80251 
     -6.1407     -6.14317     -6.15056     -6.16291     -6.18022     -6.20254      -6.2299     -6.26234     -6.29994     -6.34274     -6.39084      -6.4443     -6.50323     -6.56771     -6.63784     -6.71374     -6.79551     -6.88326      -6.9771     -7.07713     -7.18345     -7.29612      -7.4152     -7.54069     -7.67256     -7.81068     -7.95482     -8.10461     -8.25946     -8.41847     -8.58028     -8.74285     -8.90304     -9.05593     -9.19358     -9.30294      -9.3637     -9.35101     -9.25267     -9.08362     -8.87026     -8.63357     -8.38775     -8.14235     -7.90517     -7.68415     -7.48934     -7.33514     -7.24332     -7.23996     -7.33864 
    -6.01743     -6.01994     -6.02746        -6.04     -6.05761     -6.08031     -6.10814     -6.14118     -6.17949     -6.22315     -6.27225     -6.32689     -6.38719     -6.45327     -6.52526      -6.6033     -6.68755     -6.77817     -6.87533     -6.97919     -7.08993     -7.20772     -7.33272     -7.46507      -7.6049     -7.75228     -7.90722     -8.06965     -8.23934     -8.41588     -8.59851     -8.78602     -8.97632     -9.16588     -9.34819      -9.5102     -9.62354     -9.63108     -9.48667     -9.23942     -8.94657     -8.63564     -8.31983     -8.00621     -7.70006     -7.40683     -7.13428     -6.89588     -6.72088     -6.66703     -6.78165 
    -5.88415     -5.88669      -5.8943     -5.90702     -5.92486     -5.94788     -5.97612     -6.00966     -6.04858     -6.09297     -6.14294     -6.19861     -6.26011     -6.32761     -6.40126     -6.48125     -6.56777     -6.66103     -6.76127     -6.86873     -6.98365     -7.10633     -7.23703     -7.37606      -7.5237     -7.68026     -7.84602     -8.02124     -8.20615     -8.40091     -8.60557     -8.82003     -9.04393     -9.27641     -9.51558     -9.75653     -9.98206     -10.1002     -9.81113     -9.42924     -9.04629     -8.66305        -8.27     -7.86996     -7.47629      -7.1026     -6.75283     -6.41682     -6.09805     -5.88983      -6.1053 
    -5.74072     -5.74329     -5.75098     -5.76382     -5.78185     -5.80511     -5.83366      -5.8676       -5.907     -5.95197     -6.00265     -6.05916     -6.12168     -6.19038     -6.26545     -6.34712     -6.43563     -6.53124     -6.63424     -6.74494      -6.8637     -6.99088      -7.1269     -7.27219     -7.42725     -7.59259     -7.76878     -7.95646     -8.15631     -8.36912     -8.59579     -8.83747     -9.09567      -9.3727     -9.67271     -10.0047     -10.3936     -10.9434      -9.8841     -8.94908      -9.1504     -9.37787     -8.53454     -7.73227     -6.93552     -6.10872     -6.36277     -6.60317     -5.71785     -4.72003      -5.3478 
    -5.58706     -5.58964     -5.59737      -5.6103     -5.62844     -5.65186     -5.68063     -5.71483     -5.75457     -5.79997     -5.85116     -5.90831     -5.97161     -6.04125     -6.11746      -6.2005     -6.29065     -6.38822     -6.49357     -6.60708     -6.72918     -6.86034      -7.0011     -7.15205     -7.31385     -7.48725     -7.67309     -7.87236     -8.08618     -8.31593     -8.56328     -8.83045     -9.12049     -9.43799     -9.79067     -10.1934     -10.6814     -11.3603     -10.1186     -9.05896     -9.20499      -9.3912     -8.47074      -7.5644     -6.66228     -5.75453     -5.96169     -6.13852      -5.1186     -3.92674     -4.67136 
    -5.42309     -5.42567     -5.43343     -5.44638     -5.46457     -5.48806     -5.51692     -5.55126     -5.59117      -5.6368     -5.68831     -5.74586     -5.80966     -5.87994     -5.95696       -6.041     -6.13238     -6.23148     -6.33868     -6.45444     -6.57927     -6.71375     -6.85851     -7.01428      -7.1819     -7.36231     -7.55661      -7.7661     -7.99228       -8.237     -8.50255     -8.79186     -9.10887     -9.45906     -9.85033     -10.2934     -10.7956     -11.2959     -10.3787     -9.46914     -9.19002     -8.94983     -8.15498     -7.36072     -6.56947     -5.78385     -5.56006     -5.30445      -4.4282     -3.55749     -4.11934 
     -5.2488     -5.25138     -5.25911     -5.27204      -5.2902     -5.31366     -5.34249      -5.3768     -5.41672     -5.46238     -5.51396     -5.57165     -5.63566     -5.70625      -5.7837     -5.86832     -5.96048     -6.06057     -6.16905     -6.28642     -6.41327     -6.55025      -6.6981     -6.85767     -7.02994     -7.21603     -7.41725     -7.63514     -7.87152     -8.12858     -8.40899      -8.7161     -9.05411     -9.42847      -9.8462     -10.3159     -10.8466      -11.464     -10.2706     -9.12869     -9.12448      -9.1581     -8.12861     -7.14179     -6.15724     -5.13464     -5.17939     -5.19305     -4.07614     -2.91809      -3.5852 
    -5.06421     -5.06677     -5.07446      -5.0873     -5.10534     -5.12865     -5.15732     -5.19146     -5.23118     -5.27666     -5.32806     -5.38559     -5.44949     -5.52002     -5.59749     -5.68223     -5.77464     -5.87516     -5.98426     -6.10252     -6.23057     -6.36913     -6.51902     -6.68119     -6.85674     -7.04693     -7.25322     -7.47736     -7.72137     -7.98767     -8.27915     -8.59927     -8.95219     -9.34289     -9.77726     -10.2628      -10.815     -11.5029     -10.1897     -9.00288     -9.00049      -9.0336     -7.96011     -6.90013     -5.84136     -4.77167     -4.81143     -4.82069     -3.65104     -2.36235     -3.08728 
    -4.86939     -4.87192     -4.87952     -4.89221     -4.91005     -4.93311     -4.96147     -4.99525     -5.03458     -5.07964     -5.13059     -5.18766      -5.2511     -5.32118     -5.39822     -5.48259      -5.5747     -5.67501     -5.78403     -5.90238     -6.03072     -6.16983      -6.3206     -6.48404     -6.66134     -6.85385     -7.06316     -7.29113     -7.53993      -7.8121     -8.11063     -8.43897     -8.80109     -9.20139     -9.64443     -10.1336     -10.6633     -11.1567     -10.1906     -9.19713     -8.81351     -8.45894     -7.54527      -6.6293     -5.71348     -4.80057     -4.44869     -4.06994     -3.08684     -2.13979     -2.66261 
    -4.66447     -4.66695     -4.67442      -4.6869     -4.70444     -4.72712     -4.75503     -4.78827     -4.82701     -4.87139     -4.92161      -4.9779     -5.04051     -5.10972     -5.18588     -5.26935     -5.36057        -5.46     -5.56819     -5.68577     -5.81345     -5.95202     -6.10241     -6.26568     -6.44307     -6.63599      -6.8461     -7.07533     -7.32591     -7.60045     -7.90196     -8.23387     -8.59997     -9.00433     -9.45099     -9.94342     -10.4834     -11.0896     -9.86112     -8.66303     -8.58757      -8.5407      -7.4253     -6.34896     -5.27209     -4.15523     -4.10573     -4.02898     -2.83126     -1.60765     -2.22619 
    -4.44961     -4.45204     -4.45934     -4.47153     -4.48869     -4.51086     -4.53815     -4.57069      -4.6086     -4.65205     -4.70126     -4.75643     -4.81783     -4.88575     -4.96054     -5.04257     -5.13227     -5.23014     -5.33672     -5.45266     -5.57865     -5.71554     -5.86424     -6.02585     -6.20161     -6.39296     -6.60156     -6.82938     -7.07865     -7.35201     -7.65246      -7.9834      -8.3486     -8.75202     -9.19774      -9.6904     -10.2422     -10.9187     -9.58191      -8.3602     -8.31394     -8.29684     -7.16874      -6.0508     -4.93128     -3.79858     -3.77404     -3.71937     -2.48828     -1.14217     -1.81328 
    -4.22503     -4.22739     -4.23448     -4.24633       -4.263     -4.28454     -4.31107      -4.3427     -4.37956     -4.42184     -4.46972     -4.52344     -4.58325     -4.64945     -4.72238     -4.80241     -4.88998     -4.98558     -5.08975     -5.20313     -5.32644     -5.46047     -5.60617     -5.76459     -5.93697     -6.12473      -6.3295     -6.55321     -6.79808     -7.06669     -7.36204     -7.68754     -8.04702     -8.44461     -8.88436     -9.36895     -9.89198     -10.3759     -9.39696     -8.38742     -7.98471     -7.60838     -6.67044     -5.72765     -4.78224     -3.83665     -3.44871     -3.03016     -2.00306     -1.00692     -1.47379 
    -3.99103     -3.99331     -4.00015     -4.01158     -4.02766     -4.04845     -4.07405     -4.10459     -4.14019     -4.18103     -4.22729     -4.27922     -4.33705     -4.40109     -4.47166     -4.54914     -4.63395     -4.72658     -4.82755     -4.93749     -5.05709     -5.18712      -5.3285     -5.48224     -5.64952      -5.8317     -6.03035      -6.2473     -6.48469     -6.74502     -7.03122     -7.34674     -7.69556     -8.08225     -8.51173      -8.9888     -9.51682     -10.1158     -8.88536     -7.68974     -7.61966     -7.57936     -6.47014      -5.3984     -4.32346     -3.20465     -3.14769     -3.05575      -1.8324    -0.569785     -1.13328 
    -3.74793     -3.75011     -3.75666     -3.76761       -3.783     -3.80292     -3.82744     -3.85669     -3.89081     -3.92995     -3.97431      -4.0241     -4.07958     -4.14103     -4.20876     -4.28315     -4.36459     -4.45356     -4.55056     -4.65618     -4.77108     -4.89601     -5.03179      -5.1794     -5.33994     -5.51464     -5.70498     -5.91263     -6.13958     -6.38816     -6.66119     -6.96205     -7.29488     -7.66478     -8.07799     -8.54273     -9.07569     -9.74672     -8.41937     -7.22026     -7.20565     -7.22497     -6.13473      -5.0539     -3.96907     -2.86683     -2.86578     -2.82353      -1.5884    -0.216361    -0.836038 
    -3.49612     -3.49819     -3.50441      -3.5148     -3.52942     -3.54834     -3.57163     -3.59942     -3.63184     -3.66903      -3.7112     -3.75854     -3.81129     -3.86973     -3.93415     -4.00492     -4.08241     -4.16705     -4.25934     -4.35982     -4.46909     -4.58785     -4.71686       -4.857     -5.00924     -5.17472     -5.35471      -5.5507     -5.76444     -5.99801     -6.25393     -6.53537      -6.8464     -7.19244     -7.58069     -8.01977     -8.51224     -8.99008     -8.03364     -7.07103     -6.73059      -6.4238     -5.55753     -4.68594     -3.80977     -2.92981     -2.60064     -2.22801     -1.22466    -0.219929    -0.640319 
    -3.23604     -3.23799     -3.24383     -3.25361     -3.26737     -3.28516     -3.30708     -3.33323     -3.36374     -3.39875     -3.43845     -3.48302     -3.53269     -3.58772      -3.6484     -3.71504     -3.78802     -3.86772      -3.9546     -4.04916     -4.15194     -4.26357     -4.38472     -4.51616     -4.65874     -4.81342     -4.98126     -5.16351     -5.36159     -5.57719     -5.81238      -6.0698     -6.35302      -6.6672      -7.0202     -7.42455     -7.89907     -8.48544     -7.29508     -6.18036     -6.21135      -6.2786     -5.27728     -4.31214     -3.34255     -2.32767     -2.37088     -2.36835     -1.20842    0.0383357     -0.48117 
    -2.96818     -2.96999     -2.97543     -2.98454     -2.99734      -3.0139     -3.03431     -3.05865     -3.08705     -3.11966     -3.15662     -3.19812     -3.24438     -3.29563     -3.35214      -3.4142     -3.48214     -3.55633     -3.63717      -3.7251     -3.82061     -3.92424     -4.03658     -4.15826     -4.28999     -4.43254     -4.58673     -4.75351     -4.93391     -5.12913     -5.34056     -5.56999     -5.81986     -6.09386     -6.39854     -6.74771     -7.17886     -7.81306     -6.55855     -5.49689     -5.63536     -5.80565     -4.86085     -3.92186     -2.97849     -2.02042     -2.16752     -2.27338     -1.16659     0.147176    -0.416448 
    -2.69308     -2.69475     -2.69975     -2.70811     -2.71988     -2.73511     -2.75387     -2.77625     -2.80237     -2.83234     -2.86633     -2.90449     -2.94703     -2.99415      -3.0461     -3.10315     -3.16559     -3.23374     -3.30796     -3.38864      -3.4762     -3.57109     -3.67379     -3.78483     -3.90474     -4.03409     -4.17348      -4.3235     -4.48477     -4.65791     -4.84352     -5.04225     -5.25482     -5.48218     -5.72589     -5.98925     -6.27942     -6.60873      -5.8532     -5.13316     -4.99883     -4.87497     -4.19001     -3.50508     -2.81626     -2.11952     -1.97559     -1.81254     -1.05404    -0.249463    -0.518414 
    -2.41133     -2.41283     -2.41737     -2.42494      -2.4356     -2.44939     -2.46639     -2.48666     -2.51032     -2.53748     -2.56826     -2.60284     -2.64137     -2.68405     -2.73109     -2.78274     -2.83925      -2.9009     -2.96801      -3.0409     -3.11991     -3.20543     -3.29783     -3.39751     -3.50485     -3.62024     -3.74403     -3.87648      -4.0178     -4.16803     -4.32697     -4.49408     -4.66823     -4.84725     -5.02683     -5.19732     -5.33211     -5.34395     -5.10192     -4.73968     -4.34153     -3.92904     -3.50836     -3.08182     -2.65205     -2.22163     -1.79317     -1.37185    -0.980194    -0.702137    -0.667224 
    -2.12354     -2.12489     -2.12892     -2.13566     -2.14514     -2.15741     -2.17253     -2.19056     -2.21161     -2.23577     -2.26315     -2.29391     -2.32818     -2.36613     -2.40796     -2.45387     -2.50409     -2.55884      -2.6184     -2.68303     -2.75302     -2.82865     -2.91023     -2.99802     -3.09228     -3.19322     -3.30096     -3.41551     -3.53668     -3.66404     -3.79672     -3.93319     -4.07091     -4.20553     -4.32944     -4.42859     -4.47669     -4.43214     -4.26825     -4.01274     -3.70624     -3.37306     -3.02594     -2.67166     -2.31486     -1.96019     -1.61455     -1.29029     -1.01191    -0.818675    -0.735005 
     -1.8304     -1.83157     -1.83507     -1.84093     -1.84918     -1.85984     -1.87299     -1.88867     -1.90697     -1.92797     -1.95178     -1.97851      -2.0083     -2.04129     -2.07763     -2.11751      -2.1611     -2.20862     -2.26027     -2.31627     -2.37684      -2.4422     -2.51256     -2.58811     -2.66896      -2.7552     -2.84678     -2.94348     -3.04487     -3.15014     -3.25799     -3.36632     -3.47187     -3.56954     -3.65137     -3.70515     -3.71367     -3.65827     -3.53033     -3.33928     -3.10375     -2.84019     -2.56039     -2.27234     -1.98238     -1.69684     -1.42376     -1.17448    -0.965086    -0.812671    -0.724163 
     -1.5326     -1.53358     -1.53654     -1.54148     -1.54843     -1.55743     -1.56851     -1.58174     -1.59717     -1.61488     -1.63496      -1.6575     -1.68261     -1.71042     -1.74105     -1.77465     -1.81136     -1.85136      -1.8948     -1.94187     -1.99272     -2.04751     -2.10639     -2.16946     -2.23676     -2.30827     -2.38381     -2.46305     -2.54539     -2.62986     -2.71496     -2.79844     -2.87701     -2.94586     -2.99827     -3.02535     -3.01672     -2.96323     -2.86135     -2.71532     -2.53467     -2.32973     -2.10962     -1.88169     -1.65234     -1.42793     -1.21572     -1.02433    -0.863498     -0.74136    -0.660304 
    -1.23086     -1.23166     -1.23405     -1.23804     -1.24366     -1.25092     -1.25988     -1.27056     -1.28302     -1.29733     -1.31355     -1.33175     -1.35203     -1.37449     -1.39921     -1.42633     -1.45595      -1.4882     -1.52321     -1.56111     -1.60201     -1.64603     -1.69326     -1.74373     -1.79745     -1.85432     -1.91411     -1.97645     -2.04069     -2.10587     -2.17053     -2.23259     -2.28917     -2.33631     -2.36894     -2.38105      -2.3664     -2.32019     -2.24075     -2.13038     -1.99442     -1.83941      -1.6719     -1.49783     -1.32272     -1.15202    -0.991513    -0.847261    -0.725193    -0.629525    -0.561169 
   -0.925954    -0.926554    -0.928359    -0.931376     -0.93562    -0.941112    -0.947878    -0.955951     -0.96537     -0.97618    -0.988433     -1.00219     -1.01751     -1.03447     -1.05314     -1.07361     -1.09597      -1.1203      -1.1467     -1.17526     -1.20606     -1.23917     -1.27464     -1.31249     -1.35266     -1.39507     -1.43948     -1.48554     -1.53267     -1.58003     -1.62641     -1.67012     -1.70889     -1.73982     -1.75938     -1.76368     -1.74903      -1.7128     -1.65415     -1.57446     -1.47686     -1.36546     -1.24477     -1.11911    -0.992716    -0.869734    -0.754358    -0.650643    -0.562191    -0.491316    -0.438387 
   -0.618644    -0.619046    -0.620256    -0.622278    -0.625122    -0.628803    -0.633338    -0.638749    -0.645062    -0.652307    -0.660519    -0.669736    -0.680003    -0.691365    -0.703875    -0.717587    -0.732559    -0.748849    -0.766516    -0.785618    -0.806205    -0.828317     -0.85198    -0.877191    -0.903911    -0.932046    -0.961423    -0.991767     -1.02265     -1.05347     -1.08334     -1.11111     -1.13524     -1.15383      -1.1647     -1.16554     -1.15427     -1.12948     -1.09076     -1.03892    -0.975748    -0.903687    -0.825526    -0.744088     -0.66217    -0.582528    -0.507855    -0.440632     -0.38294    -0.336031    -0.300058 
   -0.309725    -0.309927    -0.310534    -0.311548    -0.312975    -0.314821    -0.317096     -0.31981    -0.322977    -0.326611     -0.33073    -0.335353    -0.340502      -0.3462    -0.352473    -0.359348    -0.366854    -0.375019    -0.383872    -0.393441    -0.403749    -0.414816    -0.426651     -0.43925    -0.452587     -0.46661    -0.481226    -0.496283    -0.511558    -0.526729    -0.541348    -0.554817     -0.56637    -0.575081    -0.579898    -0.579752    -0.573706    -0.561137    -0.541887    -0.516321    -0.485271    -0.449878    -0.411479    -0.371456    -0.331197    -0.292066    -0.255376    -0.222305    -0.193808    -0.170444     -0.15227 
 -7.9702e-15 -1.09239e-14 -4.96416e-15  3.05383e-16  1.79447e-15  -3.1405e-15  1.10838e-15  -5.2527e-15 -1.24644e-14  8.95061e-18  4.05353e-15 -1.14214e-14  4.69551e-15  -6.3519e-15 -8.24396e-15 -7.46257e-16 -4.16743e-15 -2.16714e-15 -4.20229e-15  3.27317e-16 -1.30966e-14  2.60929e-15  -1.2998e-14 -4.59606e-15  6.03547e-15 -4.55628e-15 -4.24654e-15  -7.5313e-15  5.29099e-15 -7.86497e-15 -8.77209e-15 -4.60408e-15 -1.21284e-14 -1.24132e-16 -1.73612e-15 -7.84925e-15 -1.08759e-14 -1.84116e-14  -2.7309e-15 -8.10668e-15 -3.54414e-15  -6.1358e-15 -1.09541e-14 -2.91585e-15 -1.04674e-14 -2.38785e-15  2.45238e-15 -5.00365e-15 -4.65503e-15  2.45028e-15 -6.84167e-15 
    0.309725     0.309927     0.310534     0.311548     0.312975     0.314821     0.317096      0.31981     0.322977     0.326611      0.33073     0.335353     0.340502       0.3462     0.352473     0.359348     0.366854     0.375019     0.383872     0.393441     0.403749     0.414816     0.426651      0.43925     0.452587      0.46661     0.481226     0.496283     0.511558     0.526729     0.541348     0.554817      0.56637     0.575081     0.579898     0.579752     0.573706     0.561137     0.541887     0.516321     0.485271     0.449878     0.411479     0.371456     0.331197     0.292066     0.255376     0.222305     0.193808     0.170444      0.15227 
    0.618644     0.619046     0.620256     0.622278     0.625122     0.628803     0.633338     0.638749     0.645062     0.652307     0.660519     0.669736     0.680003     0.691365     0.703875     0.717587     0.732559     0.748849     0.766516     0.785618     0.806205     0.828317      0.85198     0.877191     0.903911     0.932046     0.961423     0.991767      1.02265      1.05347      1.08334      1.11111      1.13524      1.15383       1.1647      1.16554      1.15427      1.12948      1.09076      1.03892     0.975748     0.903687     0.825526     0.744088      0.66217     0.582528     0.507855     0.440632      0.38294     0.336031     0.300058 
    0.925954     0.926554     0.928359     0.931376      0.93562     0.941112     0.947878     0.955951      0.96537      0.97618     0.988433      1.00219      1.01751      1.03447      1.05314      1.07361      1.09597       1.1203       1.1467      1.17526      1.20606      1.23917      1.27464      1.31249      1.35266      1.39507      1.43948      1.48554      1.53267      1.58003      1.62641      1.67012      1.70889      1.73982      1.75938      1.76368      1.74903       1.7128      1.65415      1.57446      1.47686      1.36546      1.24477      1.11911     0.992716     0.869734     0.754358     0.650643     0.562191     0.491316     0.438387 
     1.23086      1.23166      1.23405      1.23804      1.24366      1.25092      1.25988      1.27056      1.28302      1.29733      1.31355      1.33175      1.35203      1.37449      1.39921      1.42633      1.45595       1.4882      1.52321      1.56111      1.60201      1.64603      1.69326      1.74373      1.79745      1.85432      1.91411      1.97645      2.04069      2.10587      2.17053      2.23259      2.28917      2.33631      2.36894      2.38105       2.3664      2.32019      2.24075      2.13038      1.99442      1.83941       1.6719      1.49783      1.32272      1.15202     0.991513     0.847261     0.725193     0.629525     0.561169 
      1.5326      1.53358      1.53654      1.54148      1.54843      1.55743      1.56851      1.58174      1.59717      1.61488      1.63496       1.6575      1.68261      1.71042      1.74105      1.77465      1.81136      1.85136       1.8948      1.94187      1.99272      2.04751      2.10639      2.16946      2.23676      2.30827      2.38381      2.46305      2.54539      2.62986      2.71496      2.79844      2.87701      2.94586      2.99827      3.02535      3.01672      2.96323      2.86135      2.71532      2.53467      2.32973      2.10962      1.88169      1.65234      1.42793      1.21572      1.02433     0.863498      0.74136     0.660304 
      1.8304      1.83157      1.83507      1.84093      1.84918      1.85984      1.87299      1.88867      1.90697      1.92797      1.95178      1.97851       2.0083      2.04129      2.07763      2.11751       2.1611      2.20862      2.26027      2.31627      2.37684       2.4422      2.51256      2.58811      2.66896       2.7552      2.84678      2.94348      3.04487      3.15014      3.25799      3.36632      3.47187      3.56954      3.65137      3.70515      3.71367      3.65827      3.53033      3.33928      3.10375      2.84019      2.56039      2.27234      1.98238      1.69684      1.42376      1.17448     0.965086     0.812671     0.724163 
     2.12354      2.12489      2.12892      2.13566      2.14514      2.15741      2.17253      2.19056      2.21161      2.23577      2.26315      2.29391      2.32818      2.36613      2.40796      2.45387      2.50409      2.55884       2.6184      2.68303      2.75302      2.82865      2.91023      2.99802      3.09228      3.19322      3.30096      3.41551      3.53668      3.66404      3.79672      3.93319      4.07091      4.20553      4.32944      4.42859      4.47669      4.43214      4.26825      4.01274      3.70624      3.37306      3.02594      2.67166      2.31486      1.96019      1.61455      1.29029      1.01191     0.818675     0.735005 
     2.41133      2.41283      2.41737      2.42494       2.4356      2.44939      2.46639      2.48666      2.51032      2.53748      2.56826      2.60284      2.64137      2.68405      2.73109      2.78274      2.83925       2.9009      2.96801       3.0409      3.11991      3.20543      3.29783      3.39751      3.50485      3.62024      3.74403      3.87648       4.0178      4.16803      4.32697      4.49408      4.66823      4.84725      5.02683      5.19732      5.33211      5.34395      5.10192      4.73968      4.34153      3.92904      3.50836      3.08182      2.65205      2.22163      1.79317      1.37185     0.980194     0.702137     0.667224 
     2.69308      2.69475      2.69975      2.70811      2.71988      2.73511      2.75387      2.77625      2.80237      2.83234      2.86633      2.90449      2.94703      2.99415       3.0461      3.10315      3.16559      3.23374      3.30796      3.38864       3.4762      3.57109      3.67379      3.78483      3.90474      4.03409      4.17348       4.3235      4.48477      4.65791      4.84352      5.04225      5.25482      5.48218      5.72589      5.98925      6.27942      6.60873       5.8532      5.13316      4.99883      4.87497      4.19001      3.50508      2.81626      2.11952      1.97559      1.81254      1.05404     0.249463     0.518414 
     2.96818      2.96999      2.97543      2.98454      2.99734       3.0139      3.03431      3.05865      3.08705      3.11966      3.15662      3.19812      3.24438      3.29563      3.35214       3.4142      3.48214      3.55633      3.63717       3.7251      3.82061      3.92424      4.03658      4.15826      4.28999      4.43254      4.58673      4.75351      4.93391      5.12913      5.34056      5.56999      5.81986      6.09386      6.39854      6.74771      7.17886      7.81306      6.55855      5.49689      5.63536      5.80565      4.86085      3.92186      2.97849      2.02042      2.16752      2.27338      1.16659    -0.147176     0.416448 
     3.23604      3.23799      3.24383      3.25361      3.26737      3.28516      3.30708      3.33323      3.36374      3.39875      3.43845      3.48302      3.53269      3.58772       3.6484      3.71504      3.78802      3.86772       3.9546      4.04916      4.15194      4.26357      4.38472      4.51616      4.65874      4.81342      4.98126      5.16351      5.36159      5.57719      5.81238       6.0698      6.35302       6.6672       7.0202      7.42455      7.89907      8.48544      7.29508      6.18036      6.21135       6.2786      5.27728      4.31214      3.34255      2.32767      2.37088      2.36835      1.20842   -0.0383357      0.48117 
     3.49612      3.49819      3.50441       3.5148      3.52942      3.54834      3.57163      3.59942      3.63184      3.66903       3.7112      3.75854      3.81129      3.86973      3.93415      4.00492      4.08241      4.16705      4.25934      4.35982      4.46909      4.58785      4.71686        4.857      5.00924      5.17472      5.35471       5.5507      5.76444      5.99801      6.25393      6.53537       6.8464      7.19244      7.58069      8.01977      8.51224      8.99008      8.03364      7.07103      6.73059       6.4238      5.55753      4.68594      3.80977      2.92981      2.60064      2.22801      1.22466     0.219929     0.640319 
     3.74793      3.75011      3.75666      3.76761        3.783      3.80292      3.82744      3.85669      3.89081      3.92995      3.97431       4.0241      4.07958      4.14103      4.20876      4.28315      4.36459      4.45356      4.55056      4.65618      4.77108      4.89601      5.03179       5.1794      5.33994      5.51464      5.70498      5.91263      6.13958      6.38816      6.66119      6.96205      7.29488      7.66478      8.07799      8.54273      9.07569      9.74672      8.41937      7.22026      7.20565      7.22497      6.13473       5.0539      3.96907      2.86683      2.86578      2.82353       1.5884     0.216361     0.836038 
     3.99103      3.99331      4.00015      4.01158      4.02766      4.04845      4.07405      4.10459      4.14019      4.18103      4.22729      4.27922      4.33705      4.40109      4.47166      4.54914      4.63395      4.72658      4.82755      4.93749      5.05709      5.18712       5.3285      5.48224      5.64952       5.8317      6.03035       6.2473      6.48469      6.74502      7.03122      7.34674      7.69556      8.08225      8.51173       8.9888      9.51682      10.1158      8.88536      7.68974      7.61966      7.57936      6.47014       5.3984      4.32346      3.20465      3.14769      3.05575       1.8324     0.569785      1.13328 
     4.22503      4.22739      4.23448      4.24633        4.263      4.28454      4.31107       4.3427      4.37956      4.42184      4.46972      4.52344      4.58325      4.64945      4.72238      4.80241      4.88998      4.98558      5.08975      5.20313      5.32644      5.46047      5.60617      5.76459      5.93697      6.12473       6.3295      6.55321      6.79808      7.06669      7.36204      7.68754      8.04702      8.44461      8.88436      9.36895      9.89198      10.3759      9.39696      8.38742      7.98471      7.60838      6.67044      5.72765      4.78224      3.83665      3.44871      3.03016      2.00306      1.00692      1.47379 
     4.44961      4.45204      4.45934      4.47153      4.48869      4.51086      4.53815      4.57069       4.6086      4.65205      4.70126      4.75643      4.81783      4.88575      4.96054      5.04257      5.13227      5.23014      5.33672      5.45266      5.57865      5.71554      5.86424      6.02585      6.20161      6.39296      6.60156      6.82938      7.07865      7.35201      7.65246       7.9834       8.3486      8.75202      9.19774       9.6904      10.2422      10.9187      9.58191       8.3602      8.31394      8.29684      7.16874       6.0508      4.93128      3.79858      3.77404      3.71937      2.48828      1.14217      1.81328 
     4.66447      4.66695      4.67442       4.6869      4.70444      4.72712      4.75503      4.78827      4.82701      4.87139      4.92161       4.9779      5.04051      5.10972      5.18588      5.26935      5.36057         5.46      5.56819      5.68577      5.81345      5.95202      6.10241      6.26568      6.44307      6.63599       6.8461      7.07533      7.32591      7.60045      7.90196      8.23387      8.59997      9.00433      9.45099      9.94342      10.4834      11.0896      9.86112      8.66303      8.58757       8.5407       7.4253      6.34896      5.27209      4.15523      4.10573      4.02898      2.83126      1.60765      2.22619 
     4.86939      4.87192      4.87952      4.89221      4.91005      4.93311      4.96147      4.99525      5.03458      5.07964      5.13059      5.18766       5.2511      5.32118      5.39822      5.48259       5.5747      5.67501      5.78403      5.90238      6.03072      6.16983       6.3206      6.48404      6.66134      6.85385      7.06316      7.29113      7.53993       7.8121      8.11063      8.43897      8.80109      9.20139      9.64443      10.1336      10.6633      11.1567      10.1906      9.19713      8.81351      8.45894      7.54527       6.6293      5.71348      4.80057      4.44869      4.06994      3.08684      2.13979      2.66261 
     5.06421      5.06677      5.07446       5.0873      5.10534      5.12865      5.15732      5.19146      5.23118      5.27666      5.32806      5.38559      5.44949      5.52002      5.59749      5.68223      5.77464      5.87516      5.98426      6.10252      6.23057      6.36913      6.51902      6.68119      6.85674      7.04693      7.25322      7.47736      7.72137      7.98767      8.27915      8.59927      8.95219      9.34289      9.77726      10.2628       10.815      11.5029      10.1897      9.00288      9.00049       9.0336      7.96011      6.90013      5.84136      4.77167      4.81143      4.82069      3.65104      2.36235      3.08728 
      5.2488      5.25138      5.25911      5.27204       5.2902      5.31366      5.34249       5.3768      5.41672      5.46238      5.51396      5.57165      5.63566      5.70625       5.7837      5.86832      5.96048      6.06057      6.16905      6.28642      6.41327      6.55025       6.6981      6.85767      7.02994      7.21603      7.41725      7.63514      7.87152      8.12858      8.40899       8.7161      9.05411      9.42847       9.8462      10.3159      10.8466       11.464      10.2706      9.12869      9.12448       9.1581      8.12861      7.14179      6.15724      5.13464      5.17939      5.19305      4.07614      2.91809       3.5852 
     5.42309      5.42567      5.43343      5.44638      5.46457      5.48806      5.51692      5.55126      5.59117       5.6368      5.68831      5.74586      5.80966      5.87994      5.95696        6.041      6.13238      6.23148      6.33868      6.45444      6.57927      6.71375      6.85851      7.01428       7.1819      7.36231      7.55661       7.7661      7.99228        8.237      8.50255      8.79186      9.10887      9.45906      9.85033      10.2934      10.7956      11.2959      10.3787      9.46914      9.19002      8.94983      8.15498      7.36072      6.56947      5.78385      5.56006      5.30445       4.4282      3.55749      4.11934 
     5.58706      5.58964      5.59737       5.6103      5.62844      5.65186      5.68063      5.71483      5.75457      5.79997      5.85116      5.90831      5.97161      6.04125      6.11746       6.2005      6.29065      6.38822      6.49357      6.60708      6.72918      6.86034       7.0011      7.15205      7.31385      7.48725      7.67309      7.87236      8.08618      8.31593      8.56328      8.83045      9.12049      9.43799      9.79067      10.1934      10.6814      11.3603      10.1186      9.05896      9.20499       9.3912      8.47074       7.5644      6.66228      5.75453      5.96169      6.13852       5.1186      3.92674      4.67136 
     5.74072      5.74329      5.75098      5.76382      5.78185      5.80511      5.83366       5.8676        5.907      5.95197      6.00265      6.05916      6.12168      6.19038      6.26545      6.34712      6.43563      6.53124      6.63424      6.74494       6.8637      6.99088       7.1269      7.27219      7.42725      7.59259      7.76878      7.95646      8.15631      8.36912      8.59579      8.83747      9.09567       9.3727      9.67271      10.0047      10.3936      10.9434       9.8841      8.94908       9.1504      9.37787      8.53454      7.73227      6.93552      6.10872      6.36277      6.60317      5.71785      4.72003       5.3478 
     5.88415      5.88669       5.8943      5.90702      5.92486      5.94788      5.97612      6.00966      6.04858      6.09297      6.14294      6.19861      6.26011      6.32761      6.40126      6.48125      6.56777      6.66103      6.76127      6.86873      6.98365      7.10633      7.23703      7.37606       7.5237      7.68026      7.84602      8.02124      8.20615      8.40091      8.60557      8.82003      9.04393      9.27641      9.51558      9.75653      9.98206      10.1002      9.81113      9.42924      9.04629      8.66305         8.27      7.86996      7.47629       7.1026      6.75283      6.41682      6.09805      5.88983       6.1053 
     6.01743      6.01994      6.02746         6.04      6.05761      6.08031      6.10814      6.14118      6.17949      6.22315      6.27225      6.32689      6.38719      6.45327      6.52526       6.6033      6.68755      6.77817      6.87533      6.97919      7.08993      7.20772      7.33272      7.46507       7.6049      7.75228      7.90722      8.06965      8.23934      8.41588      8.59851      8.78602      8.97632      9.16588      9.34819       9.5102      9.62354      9.63108      9.48667      9.23942      8.94657      8.63564      8.31983      8.00621      7.70006      7.40683      7.13428      6.89588      6.72088      6.66703      6.78165 
      6.1407      6.14317      6.15056      6.16291      6.18022      6.20254       6.2299      6.26234      6.29994      6.34274      6.39084       6.4443      6.50323      6.56771      6.63784      6.71374      6.79551      6.88326       6.9771      7.07713      7.18345      7.29612       7.4152      7.54069      7.67256      7.81068      7.95482      8.10461      8.25946      8.41847      8.58028      8.74285      8.90304      9.05593      9.19358      9.30294       9.3637      9.35101      9.25267      9.08362      8.87026      8.63357      8.38775      8.14235      7.90517      7.68415      7.48934      7.33514      7.24332      7.23996      7.33864 
     6.25412      6.25654       6.2638      6.27591      6.29289      6.31477      6.34158      6.37336      6.41015        6.452      6.49898      6.55115      6.60857      6.67131      6.73945      6.81305      6.89218      6.97691      7.06729      7.16336      7.26513      7.37259       7.4857      7.60433      7.72832      7.85738      7.99108      8.12881      8.26973      8.41259      8.55567      8.69652      8.83162      8.95591      9.06216      9.14037      9.17822      9.16434      9.09462      8.97586      8.82168      8.64604      8.46093      8.27596      8.09967      7.94068      7.80887      7.71618      7.67677      7.70364      7.80251 
     6.35786      6.36023      6.36734      6.37919      6.39581      6.41721      6.44342      6.47446      6.51038      6.55121      6.59699      6.64777      6.70359      6.76449      6.83053      6.90174      6.97814      7.05977      7.14661      7.23867      7.33588      7.43816      7.54538      7.65733      7.77372      7.89414      8.01802      8.14461      8.27287      8.40142      8.52837       8.6512      8.76653      8.86989      8.95548      9.01639      9.04534      9.03678      8.98937      8.90716      8.79825      8.67214      8.53826      8.40517      8.28096      8.17376      8.09219      8.04544      8.04288       8.0919      8.19565 
     6.45213      6.45445      6.46139      6.47297      6.48919      6.51008      6.53564      6.56591       6.6009      6.64065      6.68517       6.7345      6.78865      6.84766      6.91155      6.98031      7.05394      7.13244      7.21576      7.30383      7.39656      7.49379      7.59533       7.7009      7.81012       7.9225      8.03739      8.15394      8.27106       8.3873      8.50084      8.60931      8.70974      8.79847      8.87119      8.92326      8.95041      8.94984      8.92138      8.86792      8.79492      8.70914      8.61794      8.52854      8.44804      8.38352      8.34212      8.33086       8.3562       8.4229      8.53301 
     6.53715      6.53941      6.54618      6.55747      6.57328      6.59363      6.61852      6.64798      6.68201      6.72063      6.76385      6.81169      6.86415      6.92124      6.98294      7.04925      7.12013      7.19553      7.27538      7.35957      7.44797      7.54037      7.63653      7.73612      7.83871      7.94376      8.05059      8.15832      8.26586      8.37183      8.47455      8.57194      8.66154       8.7405      8.80571      8.85414      8.88327      8.89174      8.87994      8.85017      8.80642      8.75377      8.69801      8.64505      8.60087      8.57139      8.56241      8.57931      8.62677      8.70813       8.8249 
     6.61315      6.61534      6.62194      6.63292      6.64831      6.66811      6.69231      6.72094      6.75398      6.79146      6.83337       6.8797      6.93046      6.98562      7.04516      7.10904      7.17721       7.2496      7.32609      7.40656      7.49083      7.57868      7.66983      7.76391      7.86048      7.95898      8.05872      8.15885      8.25833      8.35593      8.45015      8.53926      8.62127      8.69405      8.75542      8.80339      8.83654      8.85431      8.85735      8.84758      8.82814      8.80294      8.77661      8.75394      8.73985       8.7392      8.75663      8.79632      8.86182      8.95558      9.07882 
     6.68036      6.68249       6.6889      6.69958      6.71454      6.73377      6.75728      6.78506      6.81712      6.85345      6.89404      6.93888      6.98794       7.0412      7.09862      7.16014      7.22569      7.29517      7.36845       7.4454       7.5258      7.60943      7.69596      7.78505      7.87623      7.96895      8.06256      8.15627      8.24913      8.34004      8.42775      8.51085      8.58779      8.65699      8.71697      8.76646      8.80469      8.83157      8.84787      8.85525      8.85625      8.85399      8.85217       8.8547      8.86556      8.88871      8.92786      8.98628      9.06673      9.17111      9.30042 
     6.73902       6.7411      6.74732       6.7577      6.77222      6.79089       6.8137      6.84064      6.87172      6.90691      6.94619      6.98956      7.03696      7.08837      7.14373      7.20297        7.266      7.33272      7.40298      7.47663      7.55344      7.63318      7.71554      7.80015      7.88657      7.97429      8.06268      8.15104      8.23854      8.32423      8.40709      8.48599      8.55975      8.62725      8.68746      8.73964      8.78343        8.819      8.84715      8.86936       8.8877      8.90473      8.92344      8.94698      8.97861       9.0215      9.07864      9.15263      9.24563      9.35917      9.49405 
     6.78939      6.79141      6.79745      6.80752      6.82161      6.83971      6.86183      6.88795      6.91805      6.95212      6.99014      7.03206      7.07786      7.12748      7.18086      7.23792      7.29857      7.36269      7.43012      7.50071      7.57423      7.65045      7.72905       7.8097      7.89197      7.97539      8.05941      8.14339      8.22662      8.30834      8.38768      8.46379      8.53578      8.60287       8.6644      8.71993      8.76939       8.8131      8.85185      8.88693      8.92009      8.95344       8.9894      9.03055      9.07953       9.1389      9.21107      9.29811      9.40175      9.52321      9.66319 
      6.8317      6.83365      6.83952      6.84928      6.86295      6.88051      6.90194      6.92725      6.95641      6.98939      7.02617      7.06671      7.11096      7.15887      7.21036      7.26537      7.32377      7.38545      7.45027      7.51805      7.58858      7.66162      7.73689      7.81406      7.89275      7.97253      8.05292      8.13336      8.21327      8.29201      8.36891      8.44331      8.51457      8.58215      8.64566      8.70488       8.7599      8.81113      8.85933      8.90563      8.95152      8.99873      9.04928      9.10526      9.16881      9.24202      9.32682      9.42489      9.53762      9.66599      9.81059 
     6.86619      6.86809      6.87377      6.88324      6.89649      6.91352      6.93429      6.95881      6.98705      7.01898      7.05457      7.09378      7.13655      7.18284      7.23255      7.28562      7.34193      7.40136      7.46377      7.52898      7.59681      7.66702      7.73935      7.81349      7.88912      7.96585      8.04326      8.12089      8.19825      8.27483      8.35012      8.42362      8.49488      8.56356      8.62943      8.69245       8.7528      8.81092      8.86753      8.92363      8.98049      9.03956      9.10249      9.17101      9.24687      9.33177      9.42727      9.53472      9.65526      9.78969      9.93848 
      6.8931      6.89494      6.90045      6.90964      6.92249      6.93899      6.95913      6.98289      7.01024      7.04116      7.07561      7.11355      7.15493      7.19967      7.24772      7.29898      7.35334       7.4107       7.4709       7.5338       7.5992       7.6669      7.73665      7.80818      7.88121       7.9554      8.03039       8.1058      8.18125      8.25632      8.33064      8.40384      8.47562      8.54577       8.6142      8.68097      8.74633      8.81072      8.87481      8.93948      9.00583      9.07506      9.14856      9.22775      9.31407      9.40889      9.51351      9.62901      9.75631      9.89607      10.0487 
     6.91265      6.91444      6.91978      6.92869      6.94115      6.95715      6.97668      6.99971      7.02622      7.05618      7.08955      7.12628      7.16633      7.20964      7.25612       7.3057      7.35827      7.41372      7.47192      7.53273      7.59596      7.66144      7.72894      7.79823      7.86906      7.94114      8.01419      8.08789      8.16192        8.236      8.30982      8.38315      8.45578      8.52763      8.59868      8.66906      8.73906      8.80912      8.87985      8.95203       9.0266      9.10458      9.18714      9.27544      9.37068        9.474      9.58643      9.70887      9.84208      9.98658      10.1427 
     6.92507       6.9268      6.93199      6.94063      6.95272      6.96824      6.98718      7.00951      7.03522      7.06426       7.0966      7.13221      7.17101      7.21297      7.25799      7.30601      7.35693      7.41065      7.46703      7.52595      7.58726      7.65078      7.71632      7.78369      7.85267      7.92302      7.99451      8.06689      8.13992      8.21338      8.28706       8.3608       8.4345      8.50814      8.58177      8.65557      8.72983      8.80499       8.8816      8.96035      9.04206       9.1276      9.21794      9.31407      9.41697      9.52757      9.64675      9.77523      9.91362      10.0624      10.2217 
     6.93057      6.93225      6.93728      6.94567       6.9574      6.97247      6.99084      7.01251      7.03745      7.06563        7.097      7.13154      7.16918      7.20987      7.25355      7.30013      7.34953      7.40166       7.4564      7.51363      7.57321      7.63501      7.69886      7.76458        7.832      7.90093      7.97117      8.04255      8.11488        8.188      8.26178      8.33613      8.41101      8.48644      8.56254      8.63951      8.71766      8.79737      8.87918      8.96369      9.05161      9.14368      9.24074      9.34361      9.45311      9.57002      9.69506      9.82881       9.9718      10.1244      10.2867 
     6.92935      6.93098      6.93587      6.94401       6.9554      6.97003      6.98787      7.00891      7.03313      7.06048      7.09095      7.12448      7.16103      7.20055      7.24297      7.28822      7.33623      7.38691      7.44016      7.49587      7.55392       7.6142      7.67656      7.74087      7.80697      7.87473      7.94398       8.0146      8.08645      8.15944      8.23348      8.30853      8.38462       8.4618      8.54022       8.6201      8.70173      8.78551       8.8719      8.96144      9.05475      9.15249      9.25535      9.36405      9.47926      9.60164       9.7318      9.87021      10.0173      10.1734      10.3385 
      6.9216      6.92318      6.92794      6.93585      6.94692      6.96113      6.97846      6.99891      7.02243      7.04901      7.07862      7.11121      7.14674      7.18516      7.22642      7.27045      7.31717      7.36653      7.41842      7.47276      7.52945      7.58838      7.64944      7.71252      7.77751      7.84428      7.91274      7.98278      8.05431      8.12729      8.20168      8.27748      8.35474      8.43357      8.51413      8.59663      8.68139      8.76875      8.85916      8.95309      9.05109      9.15373      9.26162      9.37536      9.49553      9.62269      9.75733      9.89987      10.0507      10.2099      10.3778 
     6.90752      6.90906      6.91367      6.92137      6.93213      6.94594       6.9628      6.98267      7.00555       7.0314       7.0602       7.0919      7.12648      7.16388      7.20405      7.24694      7.29249      7.34063      7.39129      7.44438      7.49984      7.55757      7.61748      7.67949      7.74351      7.80945      7.87725      7.94683      8.01816      8.09121      8.16598      8.24251      8.32088      8.40122       8.4837      8.56855      8.65606      8.74657      8.84047      8.93822      9.04028      9.14717      9.25941      9.37752      9.50201      9.63334      9.77194      9.91817      10.0723      10.2345      10.4049 
     6.88727      6.88877      6.89326      6.90074      6.91121      6.92465      6.94104      6.96038      6.98265      7.00781      7.03584      7.06671      7.10039      7.13683      7.17599      7.21783      7.26228       7.3093      7.35882      7.41079      7.46513      7.52177      7.58065      7.64171      7.70488       7.7701      7.83733      7.90654      7.97771      8.05085      8.12599       8.2032      8.28258      8.36427      8.44845      8.53535      8.62527      8.71851      8.81544      8.91648      9.02204      9.13259      9.24858      9.37048      9.49872      9.63371      9.77582      9.92534      10.0825      10.2475      10.4204 
     6.86103      6.86249      6.86686      6.87414      6.88433      6.89741      6.91337       6.9322      6.95388      6.97838      7.00569      7.03578      7.06861      7.10415      7.14237      7.18321      7.22665      7.27263       7.3211      7.37202      7.42533      7.48098      7.53892      7.59911      7.66151      7.72609      7.79281      7.86169      7.93272      8.00594      8.08141      8.15921      8.23946      8.32232      8.40797      8.49664      8.58861      8.68419      8.78372      8.88756      8.99612       9.1098      9.22902      9.35419      9.48569      9.62388       9.7691      9.92159      10.0816      10.2492      10.4245 
     6.82896      6.83038      6.83463      6.84172      6.85164      6.86438      6.87993      6.89827      6.91939      6.94328       6.9699      6.99924      7.03127      7.06596      7.10329       7.1432      7.18568      7.23069      7.27818      7.32812      7.38047      7.43519      7.49226      7.55165      7.61333       7.6773      7.74355       7.8121      7.88297      7.95623      8.03195      8.11023       8.1912      8.27503       8.3619      8.45206      8.54576       8.6433        8.745      8.85122      8.96231      9.07864      9.20061      9.32857      9.46289      9.60388      9.75185      9.90701      10.0696      10.2396      10.4173 
     6.79121      6.79259      6.79673      6.80364       6.8133      6.82572      6.84087      6.85874      6.87933      6.90262      6.92859      6.95722      6.98849      7.02237      7.05885      7.09788      7.13945      7.18353       7.2301      7.27911      7.33055       7.3844      7.44064      7.49926      7.56025      7.62362      7.68939      7.75759      7.82827       7.9015      7.97737        8.056      8.13752      8.22211      8.30996      8.40131      8.49642      8.59556      8.69905      8.80722       8.9204      9.03895      9.16322      9.29355      9.43028       9.5737      9.72408      9.88165      10.0466       10.219      10.3989 
     6.74792      6.74927      6.75331      6.76004      6.76946      6.78155      6.79632      6.81375      6.83383      6.85655      6.88189      6.90984      6.94038      6.97349      7.00915      7.04734      7.08804      7.13124       7.1769      7.22503       7.2756       7.3286      7.38403       7.4419       7.5022      7.56497      7.63023      7.69804      7.76846      7.84157      7.91747      7.99629      8.07818      8.16331       8.2519      8.34416      8.44035      8.54075      8.64565      8.75536      8.87023      8.99057      9.11673      9.24903      9.38778      9.53328      9.68578      9.84549      10.0126      10.1872      10.3694 
     6.69925      6.70057       6.7045      6.71106      6.72024      6.73203      6.74643      6.76343      6.78302      6.80519      6.82992      6.85721      6.88705      6.91941      6.95428      6.99165      7.03151      7.07385      7.11865      7.16591      7.21562      7.26779      7.32242      7.37952      7.43913      7.50126      7.56598      7.63333       7.7034      7.77627      7.85207      7.93092      8.01299      8.09845      8.18751      8.28039      8.37735      8.47866       8.5846      8.69549      8.81165      8.93338      9.06103       9.1949      9.33531      9.48255      9.63686      9.79846      9.96754      10.1442      10.3286 
     6.64533      6.64661      6.65045      6.65684      6.66579      6.67729      6.69133      6.70791      6.72702      6.74865      6.77279      6.79944      6.82859      6.86022      6.89433      6.93091      6.96994      7.01144      7.05539      7.10179      7.15065      7.20198      7.25579      7.31212      7.37098      7.43244      7.49654      7.56336      7.63298       7.7055      7.78104      7.85975      7.94179      8.02734      8.11662      8.20984      8.30725      8.40913      8.51576      8.62745       8.7445      8.86724      8.99598      9.13105      9.27275      9.42138      9.57719      9.74043      9.91127      10.0899      10.2763 
     6.58629      6.58754      6.59128      6.59751      6.60623      6.61744      6.63113       6.6473      6.66594      6.68705      6.71062      6.73665      6.76512      6.79603      6.82939      6.86518       6.9034      6.94406      6.98716       7.0327       7.0807      7.13117      7.18415      7.23966      7.29775      7.35847      7.42188      7.48807      7.55712      7.62915      7.70428      7.78267      7.86447      7.94988       8.0391      8.13237      8.22993      8.33204      8.43901      8.55111      8.66868      8.79202      8.92147      9.05735      9.19997      9.34964      9.50664      9.67122       9.8436       10.024      10.2124 
     6.52226      6.52348      6.52712       6.5332       6.5417      6.55262      6.56597      6.58174      6.59992      6.62051      6.64351      6.66892      6.69673      6.72694      6.75954      6.79455      6.83196      6.87178      6.91402      6.95869      7.00581      7.05541      7.10751      7.16217      7.21942      7.27932      7.34196      7.40741      7.47577      7.54716      7.62172      7.69959      7.78094      7.86596      7.95487      8.04789      8.14528      8.24729      8.35423      8.46638      8.58407      8.70763      8.83738      8.97366      9.11681      9.26715        9.425      9.59062      9.76428      9.94618      10.1365 
     6.45338      6.45456      6.45811      6.46403      6.47231      6.48296      6.49596      6.51133      6.52906      6.54914      6.57158      6.59637      6.62352      6.65302      6.68488       6.7191       6.7557      6.79467      6.83604      6.87982      6.92603      6.97472      7.02591      7.07964      7.13599        7.195      7.25676      7.32136       7.3889       7.4595       7.5333      7.61046      7.69114      7.77553      7.86385      7.95634      8.05323       8.1548      8.26134      8.37317      8.49059      8.61395      8.74359      8.87986      9.02313      9.17375      9.33205      9.49837        9.673       9.8562      10.0482 
     6.37975      6.38091      6.38436      6.39013      6.39819      6.40856      6.42123      6.43621      6.45348      6.47306      6.49493      6.51911       6.5456      6.57439       6.6055      6.63893      6.67469       6.7128      6.75328      6.79614      6.84142      6.88915      6.93936      6.99212      7.04749      7.10552       7.1663      7.22993      7.29651      7.36616      7.43903      7.51526      7.59504      7.67856      7.76602      7.85767      7.95375      8.05453      8.16032      8.27142      8.38816       8.5109      8.63999      8.77582      8.91877      9.06922      9.22756      9.39417      9.56941      9.75359      9.94701 
     6.30152      6.30264      6.30601      6.31161      6.31947      6.32956      6.34189      6.35647       6.3733      6.39236      6.41368      6.43724      6.46306      6.49114      6.52149      6.55412      6.58903      6.62626      6.66582      6.70773      6.75203      6.79875      6.84794      6.89966      6.95396      7.01091       7.0706      7.13313      7.19861      7.26715       7.3389      7.41402      7.49267      7.57506      7.66139      7.75189      7.84683      7.94648      8.05113      8.16111      8.27676      8.39843      8.52652      8.66143      8.80356      8.95337      9.11127      9.27771      9.45312      9.63789      9.83241 
      6.2188      6.21989      6.22316      6.22862      6.23625      6.24607      6.25807      6.27225      6.28862      6.30718      6.32793      6.35088      6.37602      6.40338      6.43295      6.46476      6.49881      6.53513      6.57374      6.61467      6.65794      6.70361      6.75171      6.80231      6.85546      6.91123      6.96973      7.03103      7.09525      7.16252      7.23297      7.30676      7.38405      7.46506      7.54997      7.63904      7.73251      7.83067       7.9338      8.04225      8.15636      8.27651      8.40311      8.53658      8.67738        8.826      8.98292      9.14865       9.3237      9.50858      9.70375 
     6.13172      6.13278      6.13596      6.14126      6.14868      6.15822      6.16988      6.18367      6.19958      6.21763       6.2378      6.26012      6.28459      6.31121      6.33999      6.37096      6.40413      6.43951      6.47714      6.51704      6.55924       6.6038      6.65074      6.70014      6.75206      6.80656      6.86374      6.92369      6.98651      7.05233       7.1213      7.19355      7.26927      7.34863      7.43186      7.51919      7.61086      7.70715      7.80838      7.91488        8.027      8.14514      8.26973      8.40122      8.54011      8.68694      8.84225      9.00664      9.18071      9.36508      9.56035 
      6.0404      6.04143      6.04452      6.04966      6.05686      6.06612      6.07745      6.09083      6.10629      6.12381      6.14341      6.16509      6.18887      6.21474      6.24272      6.27283      6.30508       6.3395      6.37611      6.41494      6.45603      6.49941      6.54514      6.59327      6.64386      6.69699      6.75273      6.81119      6.87247      6.93669      7.00399       7.0745      7.14841      7.22589      7.30716      7.39243      7.48197      7.57605      7.67498      7.77909      7.88875      8.00437       8.1264      8.25533      8.39168      8.53604      8.68904      8.85135      9.02369       9.2068      9.40145 
     5.94497      5.94596      5.94896      5.95394      5.96093      5.96991      5.98089      5.99387      6.00886      6.02586      6.04488      6.06591      6.08898      6.11409      6.14125      6.17048      6.20179      6.23522      6.27077      6.30849      6.34841      6.39056        6.435      6.48178      6.53097      6.58262      6.63682      6.69367      6.75326      6.81571      6.88116      6.94974      7.02161      7.09696      7.17599      7.25892        7.346       7.4375      7.53372      7.63501      7.74173      7.85431      7.97321      8.09893      8.23206      8.37321       8.5231      8.68248       8.8522      9.03314      9.22624 
     5.84554      5.84651      5.84941      5.85424        5.861       5.8697      5.88033      5.89291      5.90743      5.92389      5.94231      5.96269      5.98504      6.00937      6.03569      6.06402      6.09437      6.12677      6.16123       6.1978       6.2365      6.27737      6.32046      6.36582       6.4135      6.46358      6.51613      6.57125      6.62901      6.68955      6.75297      6.81942      6.88905      6.96203      7.03856      7.11885      7.20314      7.29169      7.38482      7.48284      7.58613      7.69512      7.81028      7.93214       8.0613      8.19844      8.34432       8.4998      8.66584       8.8435      9.03391 
     5.74226      5.74319      5.74599      5.75066      5.75721      5.76562       5.7759      5.78807      5.80211      5.81804      5.83585      5.85557      5.87719      5.90072      5.92618      5.95358      5.98294      6.01428      6.04762        6.083      6.12043      6.15996      6.20164       6.2455      6.29161      6.34002      6.39082      6.44408      6.49989      6.55835      6.61959      6.68372       6.7509      6.82129      6.89506      6.97243      7.05361      7.13888       7.2285      7.32282       7.4222      7.52705      7.63785      7.75515      7.87956       8.0118      8.15269      8.30317      8.46431      8.63735      8.82367 
     5.63523      5.63614      5.63884      5.64335      5.64967      5.65779      5.66773      5.67947      5.69303      5.70841      5.72562      5.74466      5.76553      5.78825      5.81284       5.8393      5.86764       5.8979      5.93008      5.96422      6.00034      6.03848      6.07868      6.12098      6.16544      6.21211      6.26105      6.31234      6.36607      6.42233      6.48122      6.54287      6.60741      6.67498      6.74576      6.81993      6.89771      6.97934      7.06509      7.15527      7.25025      7.35041      7.45623      7.56825       7.6871       7.8135      7.94833      8.09258      8.24745      8.41431      8.59478 
      5.5246      5.52547      5.52808      5.53243      5.53852      5.54636      5.55593      5.56726      5.58033      5.59516      5.61174      5.63009      5.65021      5.67211       5.6958      5.72129       5.7486      5.77774      5.80874      5.84161      5.87638      5.91308      5.95175      5.99243      6.03516         6.08        6.127      6.17623      6.22777      6.28169       6.3381       6.3971      6.45881      6.52337      6.59093      6.66166      6.73575      6.81343      6.89494      6.98058      7.07068      7.16561      7.26583      7.37186      7.48431      7.60392      7.73155      7.86825      8.01528      8.17416      8.34672 
     5.41049      5.41133      5.41384      5.41803      5.42389      5.43143      5.44065      5.45155      5.46413       5.4784      5.49436      5.51201      5.53136      5.55243      5.57521      5.59972      5.62597      5.65397      5.68375      5.71531      5.74869      5.78392      5.82101      5.86001      5.90096       5.9439      5.98887      6.03595      6.08519      6.13667      6.19047      6.24668      6.30541      6.36677       6.4309      6.49796       6.5681      6.64153      6.71848      6.79919      6.88397      6.97317      7.06719      7.16653      7.27177       7.3836      7.50286      7.63061      7.76813      7.91702      8.07927 
     5.29304      5.29384      5.29625      5.30028      5.30591      5.31315      5.32201      5.33248      5.34457      5.35827      5.37359      5.39054      5.40912      5.42934       5.4512      5.47471      5.49988      5.52673      5.55526       5.5855      5.61746      5.65116      5.68664      5.72391      5.76302      5.80399      5.84688      5.89172      5.93858      5.98752      6.03859      6.09189      6.14749       6.2055      6.26604      6.32921      6.39518       6.4641      6.53618      6.61162      6.69068      6.77368      6.86096      6.95296       7.0502       7.1533      7.26306      7.38046      7.50672      7.64344      7.79267 
     5.17236      5.17313      5.17545      5.17931      5.18471      5.19165      5.20015      5.21019      5.22177      5.23491      5.24959      5.26583      5.28363      5.30299      5.32392      5.34642       5.3705      5.39617      5.42344      5.45232      5.48284      5.51499      5.54881      5.58432      5.62154       5.6605      5.70124      5.74379      5.78819       5.8345      5.88276      5.93303       5.9854      6.03993      6.09671      6.15584      6.21743      6.28163      6.34858      6.41845      6.49145      6.56784      6.64789      6.73197       6.8205      6.91403      7.01321       7.1189       7.2322      7.35455       7.4879 
      5.0486      5.04934      5.05155      5.05525      5.06042      5.06707      5.07519       5.0848      5.09588      5.10845      5.12249      5.13802      5.15503      5.17352      5.19351      5.21499      5.23797      5.26245      5.28844      5.31596        5.345      5.37559      5.40773      5.44144      5.47674      5.51365      5.55219      5.59239      5.63428      5.67789      5.72326      5.77044      5.81947      5.87041      5.92332      5.97827      6.03535      6.09464      6.15626      6.22032      6.28699      6.35643      6.42886      6.50454      6.58378      6.66699      6.75467      6.84747      6.94625      7.05219      7.16687 
     4.92188      4.92259       4.9247      4.92823      4.93317      4.93952      4.94728      4.95646      4.96704      4.97903      4.99243      5.00724      5.02346      5.04109      5.06013      5.08058      5.10245      5.12574      5.15044      5.17658      5.20414      5.23313      5.26357      5.29547      5.32882      5.36365      5.39996      5.43778      5.47712      5.51799      5.56043      5.60445      5.65008      5.69736      5.74631      5.79699      5.84943      5.90369      5.95984      6.01793      6.07805      6.14031      6.20483      6.27176      6.34127      6.41361      6.48908      6.56807      6.65111      6.73894      6.83259 
     4.79234      4.79301      4.79503      4.79839       4.8031      4.80916      4.81655      4.82529      4.83537      4.84679      4.85955      4.87364      4.88907      4.90583      4.92393      4.94335      4.96411      4.98619      5.00961      5.03435      5.06042      5.08782      5.11655      5.14662      5.17801      5.21074      5.24481      5.28023      5.31699       5.3551      5.39456      5.43539      5.47759      5.52116      5.56612      5.61247      5.66022      5.70938      5.75996      5.81198      5.86546       5.9204      5.97684      6.03481      6.09434      6.15548      6.21832      6.28293      6.34947      6.41811      6.48914 
     4.66011      4.66075      4.66267      4.66587      4.67035       4.6761      4.68314      4.69144      4.70102      4.71187      4.72399      4.73737      4.75201       4.7679      4.78505      4.80345       4.8231      4.84398      4.86611      4.88946      4.91404      4.93985      4.96686      4.99509      5.02453      5.05516      5.08698      5.11999      5.15417      5.18951        5.226      5.26363      5.30239      5.34225      5.38319       5.4252      5.46825       5.5123      5.55731      5.60324      5.65003      5.69763      5.74596      5.79493      5.84442       5.8943       5.9444       5.9945      6.04432      6.09348      6.14146 
     4.52531      4.52592      4.52774      4.53078      4.53503      4.54049      4.54716      4.55504      4.56413      4.57441      4.58589      4.59856      4.61241      4.62745      4.64366      4.66104      4.67958      4.69927      4.72011      4.74208      4.76518      4.78939      4.81471      4.84112       4.8686      4.89714      4.92672      4.95733      4.98894      5.02153      5.05506      5.08951      5.12485      5.16102      5.19799      5.23569      5.27406      5.31304      5.35253      5.39243      5.43263      5.47297      5.51329      5.55337      5.59297      5.63177      5.66937      5.70526      5.73877        5.769      5.79471 
     4.38809      4.38866      4.39039      4.39327      4.39729      4.40246      4.40878      4.41623      4.42482      4.43454      4.44539      4.45735      4.47043      4.48462       4.4999      4.51627      4.53371      4.55222      4.57179      4.59239      4.61402      4.63666      4.66029      4.68489      4.71044      4.73691      4.76428      4.79252      4.82159      4.85146      4.88207      4.91339      4.94535      4.97789      5.01094      5.04441       5.0782      5.11221       5.1463      5.18031      5.21406      5.24733      5.27987      5.31136      5.34142      5.36957      5.39522      5.41761      5.43577      5.44837      5.45367 
     4.24856       4.2491      4.25073      4.25345      4.25725      4.26214       4.2681      4.27513      4.28324       4.2924      4.30263       4.3139      4.32621      4.33956      4.35392      4.36929      4.38565        4.403      4.42131      4.44056      4.46074      4.48183       4.5038      4.52662      4.55027      4.57471      4.59991      4.62582       4.6524      4.67959      4.70735       4.7356      4.76426      4.79326      4.82249      4.85184      4.88118      4.91037      4.93923      4.96756      4.99512      5.02162      5.04673      5.07006       5.0911      5.10925      5.12377      5.13372       5.1379      5.13475      5.12222 
     4.10686      4.10737      4.10891      4.11147      4.11505      4.11965      4.12526      4.13189      4.13951      4.14813      4.15775      4.16834      4.17989      4.19241      4.20587      4.22026      4.23556      4.25176      4.26884      4.28677      4.30553       4.3251      4.34544      4.36652      4.38831      4.41076      4.43383      4.45747      4.48162      4.50622       4.5312      4.55647      4.58194       4.6075      4.63305      4.65843       4.6835      4.70808      4.73194      4.75486      4.77654      4.79665      4.81479      4.83049      4.84318      4.85216      4.85658      4.85538      4.84726      4.83055       4.8031 
      3.9631      3.96358      3.96503      3.96744       3.9708      3.97512       3.9804      3.98662      3.99377      4.00186      4.01087      4.02079      4.03161      4.04332      4.05589      4.06932      4.08359      4.09867      4.11454      4.13118      4.14855      4.16664      4.18539      4.20478      4.22476      4.24528      4.26629      4.28773      4.30953      4.33162      4.35391      4.37631      4.39871        4.421      4.44302      4.46462      4.48562      4.50582      4.52498      4.54281        4.559      4.57317      4.58487      4.59359      4.59869      4.59943       4.5949      4.58401      4.56539       4.5374      4.49799 
     3.81742      3.81787      3.81923      3.82148      3.82464      3.82869      3.83363      3.83945      3.84615      3.85372      3.86214      3.87141      3.88151      3.89242      3.90414      3.91663      3.92988      3.94387      3.95857      3.97395      3.98998      4.00662      4.02384      4.04159      4.05982      4.07847      4.09749      4.11682      4.13636      4.15604      4.17577      4.19543      4.21491      4.23407      4.25275      4.27079      4.28797      4.30408      4.31884      4.33196      4.34309      4.35182      4.35768      4.36011      4.35847      4.35198      4.33972       4.3206       4.2933      4.25627      4.20764 
     3.66993      3.67035      3.67162      3.67373      3.67668      3.68047      3.68508      3.69052      3.69677      3.70383      3.71168      3.72031      3.72971      3.73986      3.75073      3.76232      3.77459      3.78752      3.80109      3.81525      3.82998      3.84523      3.86097      3.87713      3.89368      3.91055      3.92766      3.94496      3.96235      3.97974      3.99703       4.0141      4.03082      4.04704       4.0626       4.0773      4.09093      4.10324      4.11397      4.12278      4.12931      4.13314      4.13379      4.13068      4.12316      4.11046      4.09169       4.0658      4.03156      3.98755      3.93212 
     3.52075      3.52114      3.52232      3.52429      3.52704      3.53057      3.53487      3.53994      3.54576      3.55232      3.55962      3.56763      3.57635      3.58575      3.59582      3.60652      3.61785      3.62976      3.64223      3.65522       3.6687      3.68262      3.69693      3.71159      3.72653      3.74169      3.75699      3.77236      3.78771      3.80294      3.81794      3.83257      3.84671      3.86019      3.87284      3.88446      3.89483      3.90368      3.91074      3.91566      3.91809      3.91758      3.91366      3.90576      3.89323      3.87534      3.85124      3.81995      3.78035       3.7312      3.67108 
     3.36999      3.37036      3.37146      3.37329      3.37584      3.37912      3.38312      3.38782      3.39322      3.39931      3.40607      3.41349      3.42155      3.43023      3.43952      3.44938      3.45979      3.47072      3.48214      3.49401      3.50629      3.51894       3.5319      3.54511      3.55853      3.57207      3.58566      3.59922      3.61265      3.62585       3.6387      3.65107      3.66282      3.67377      3.68376      3.69256      3.69996      3.70569      3.70946      3.71094      3.70976      3.70548      3.69764      3.68568      3.66899      3.64687      3.61854      3.58311       3.5396       3.4869      3.42385 
     3.21776       3.2181      3.21912      3.22082      3.22319      3.22623      3.22993      3.23428      3.23928       3.2449      3.25115      3.25799      3.26542      3.27342      3.28195        3.291      3.30054      3.31054      3.32096      3.33176       3.3429      3.35433        3.366      3.37786      3.38983      3.40185      3.41383       3.4257      3.43734      3.44865      3.45952       3.4698      3.47935        3.488      3.49557      3.50183      3.50658      3.50953      3.51041      3.50888      3.50457      3.49708      3.48594      3.47064      3.45059      3.42516      3.39362      3.35519      3.30899      3.25412      3.18959 
     3.06418      3.06449      3.06543        3.067      3.06919        3.072      3.07541      3.07943      3.08404      3.08922      3.09497      3.10127      3.10809      3.11543      3.12325      3.13152      3.14023      3.14933       3.1588      3.16858      3.17864      3.18893      3.19939      3.20997      3.22059      3.23119      3.24167      3.25196      3.26194      3.27152      3.28057      3.28894       3.2965      3.30307      3.30846      3.31247      3.31486      3.31539      3.31375      3.30964      3.30271      3.29254      3.27871      3.26074      3.23809      3.21017      3.17633       3.1359      3.08811      3.03221      2.96738 
     2.90933      2.90962      2.91049      2.91193      2.91395      2.91654      2.91968      2.92337      2.92761      2.93237      2.93764      2.94342      2.94966      2.95637       2.9635      2.97104      2.97896      2.98722      2.99578      3.00461      3.01365      3.02287      3.03219      3.04157      3.05093       3.0602       3.0693      3.07814      3.08661       3.0946      3.10199      3.10864      3.11441      3.11912      3.12259      3.12462      3.12497      3.12341      3.11964      3.11338      3.10427      3.09194        3.076      3.05598      3.03141      3.00175      2.96645      2.92488      2.87643      2.82045      2.75628 
     2.75333      2.75359      2.75439      2.75572      2.75757      2.75994      2.76282      2.76621      2.77009      2.77445      2.77927      2.78454      2.79024      2.79634      2.80283      2.80967      2.81684       2.8243      2.83201      2.83994      2.84803      2.85624      2.86451      2.87278      2.88097      2.88903      2.89685      2.90436      2.91145      2.91801      2.92391      2.92903      2.93321      2.93628      2.93808       2.9384      2.93702      2.93369      2.92816      2.92014       2.9093       2.8953      2.87777      2.85629      2.83043      2.79971      2.76364       2.7217      2.67336      2.61809      2.55537 
     2.59626       2.5965      2.59723      2.59845      2.60014      2.60231      2.60494      2.60803      2.61157      2.61555      2.61994      2.62473      2.62991      2.63545      2.64133      2.64751      2.65397      2.66068       2.6676      2.67468      2.68189      2.68916      2.69645      2.70369      2.71082      2.71776      2.72442      2.73073      2.73657      2.74185      2.74643      2.75019      2.75299      2.75465      2.75502      2.75389      2.75106      2.74629      2.73935      2.72995       2.7178      2.70258      2.68394      2.66152      2.63493      2.60375      2.56754      2.52588      2.47831      2.42439      2.36373 
     2.43821      2.43844       2.4391      2.44021      2.44175      2.44373      2.44612      2.44894      2.45215      2.45576      2.45975      2.46409      2.46878      2.47378      2.47908      2.48465      2.49045      2.49646      2.50263      2.50893      2.51531      2.52172      2.52811      2.53441      2.54056      2.54649      2.55211      2.55733      2.56207      2.56621      2.56963      2.57222      2.57382      2.57428      2.57345      2.57113      2.56713      2.56123       2.5532      2.54278       2.5297      2.51367      2.49438       2.4715      2.44467      2.41355      2.37775      2.33691      2.29065      2.23862      2.18051 
     2.27928      2.27948      2.28009      2.28109      2.28249      2.28428      2.28646        2.289      2.29192      2.29518      2.29878       2.3027      2.30692      2.31142      2.31618      2.32116      2.32635       2.3317      2.33719      2.34276      2.34838        2.354      2.35956      2.36501      2.37027      2.37528      2.37997      2.38424        2.388      2.39115      2.39357      2.39515      2.39575      2.39522      2.39341      2.39014      2.38523      2.37848      2.36967      2.35856      2.34491      2.32846      2.30891      2.28599      2.25937      2.22876      2.19384      2.15428      2.10979      2.06008      2.00489 
     2.11954      2.11972      2.12027      2.12118      2.12244      2.12406      2.12602      2.12832      2.13094      2.13388      2.13711      2.14063      2.14442      2.14845       2.1527      2.15714      2.16175       2.1665      2.17134      2.17625      2.18117      2.18606      2.19087      2.19555      2.20002      2.20422      2.20807       2.2115      2.21441      2.21671      2.21829      2.21903       2.2188      2.21747       2.2149      2.21091      2.20534        2.198      2.18869       2.1772       2.1633      2.14676      2.12732      2.10473      2.07872      2.04902      2.01536      1.97748      1.93513      1.88808      1.83614 
     1.95907      1.95924      1.95973      1.96054      1.96168      1.96313      1.96489      1.96695       1.9693      1.97193      1.97482      1.97797      1.98134      1.98493      1.98871      1.99265      1.99673      2.00091      2.00517      2.00946      2.01374      2.01798      2.02211      2.02609      2.02985      2.03333      2.03646      2.03916      2.04135      2.04293       2.0438      2.04385      2.04297      2.04103      2.03789      2.03339      2.02739      2.01971      2.01017      1.99857      1.98472       1.9684      1.94938      1.92746      1.90239      1.87394      1.84188        1.806       1.7661      1.72199      1.67353 
     1.79795       1.7981      1.79853      1.79926      1.80028      1.80157      1.80314      1.80498      1.80707      1.80941      1.81198      1.81478      1.81777      1.82094      1.82428      1.82775      1.83133        1.835      1.83872      1.84245      1.84615      1.84979      1.85332      1.85667      1.85981      1.86266      1.86517      1.86724      1.86882      1.86981      1.87011      1.86963      1.86825      1.86586      1.86233      1.85753      1.85131      1.84351      1.83397      1.82252      1.80897      1.79315      1.77485      1.75388      1.73004      1.70313      1.67297      1.63936      1.60216      1.56122      1.51641 
     1.63624      1.63637      1.63676       1.6374       1.6383      1.63945      1.64084      1.64247      1.64432      1.64639      1.64866      1.65112      1.65375      1.65654      1.65947      1.66251      1.66563      1.66882      1.67204      1.67526      1.67845      1.68155      1.68453      1.68734      1.68993      1.69224       1.6942      1.69576      1.69683      1.69734       1.6972      1.69632       1.6946      1.69192      1.68818      1.68325      1.67699      1.66928      1.65996      1.64888      1.63587      1.62079      1.60345      1.58369      1.56133      1.53621      1.50818      1.47708      1.44278      1.40518      1.36417 
     1.47401      1.47413      1.47447      1.47504      1.47583      1.47683      1.47805      1.47948       1.4811      1.48292       1.4849      1.48705      1.48935      1.49178      1.49433      1.49697      1.49967      1.50243      1.50519      1.50795      1.51066      1.51328      1.51578      1.51811      1.52022      1.52206      1.52358      1.52471      1.52538      1.52552      1.52506       1.5239      1.52196      1.51914      1.51534      1.51044      1.50433      1.49688      1.48797      1.47746      1.46521      1.45108      1.43491      1.41658      1.39592      1.37281      1.34711       1.3187      1.28747      1.25334      1.21624 
     1.31133      1.31143      1.31172      1.31222       1.3129      1.31378      1.31484      1.31608      1.31749      1.31906      1.32078      1.32264      1.32462      1.32672      1.32891      1.33118       1.3335      1.33585       1.3382      1.34054      1.34282      1.34502      1.34709        1.349       1.3507      1.35215      1.35329      1.35408      1.35444      1.35431      1.35363      1.35231      1.35028      1.34744      1.34371        1.339      1.33318      1.32617      1.31784      1.30807      1.29676      1.28376      1.26896      1.25224      1.23347      1.21254      1.18934      1.16376      1.13574       1.1052      1.07209 
     1.14825      1.14833      1.14859      1.14901       1.1496      1.15035      1.15126      1.15232      1.15352      1.15486      1.15633      1.15792      1.15961       1.1614      1.16326      1.16518      1.16714      1.16912       1.1711      1.17306      1.17495      1.17677      1.17847      1.18001      1.18137      1.18249      1.18333      1.18385      1.18398      1.18367      1.18286      1.18148      1.17947      1.17673      1.17321       1.1688      1.16342      1.15698      1.14938      1.14051      1.13028      1.11858      1.10531      1.09036      1.07363      1.05503      1.03446      1.01186     0.987146     0.960277     0.931221 
    0.984822     0.984894     0.985109     0.985465      0.98596     0.986592     0.987356     0.988248     0.989261     0.990388     0.991621     0.992951     0.994367     0.995859     0.997411     0.999011      1.00064      1.00228      1.00392      1.00553      1.00708      1.00856      1.00992      1.01116      1.01221      1.01307      1.01367      1.01398      1.01396      1.01355       1.0127      1.01135      1.00944      1.00692       1.0037      0.99971     0.994885      0.98914     0.982393     0.974559     0.965552     0.955285     0.943672     0.930626     0.916066     0.899914       0.8821     0.862561     0.841246     0.818118     0.793154 
    0.821112     0.821171     0.821347     0.821639     0.822046     0.822564      0.82319     0.823921      0.82475     0.825673     0.826681     0.827768     0.828924      0.83014     0.831404     0.832703     0.834025     0.835354     0.836673     0.837965     0.839208     0.840381      0.84146     0.842419     0.843229     0.843861     0.844279      0.84445     0.844333     0.843887     0.843068     0.841827     0.840114     0.837875     0.835052     0.831586     0.827414      0.82247     0.816686     0.809994     0.802322     0.793601     0.783759     0.772729     0.760444     0.746843      0.73187     0.715478     0.697626     0.678288     0.657449 
    0.657167     0.657213     0.657352     0.657583     0.657904     0.658313     0.658807     0.659383     0.660037     0.660764     0.661558     0.662413     0.663322     0.664277     0.665268     0.666286     0.667319     0.668356     0.669383     0.670384     0.671344     0.672245     0.673068     0.673791     0.674392     0.674846     0.675125     0.675202     0.675045      0.67462     0.673892     0.672823     0.671371     0.669493     0.667144     0.664277      0.66084     0.656783     0.652052     0.646591     0.640347     0.633263     0.625284     0.616357     0.606432     0.595462     0.583403     0.570219     0.555882     0.540372     0.523679 
    0.493035     0.493069     0.493172     0.493344     0.493582     0.493885     0.494252     0.494679     0.495164     0.495703     0.496291     0.496924     0.497596     0.498302     0.499034     0.499784     0.500545     0.501307      0.50206     0.502793     0.503493     0.504147      0.50474     0.505256     0.505679     0.505989     0.506167      0.50619     0.506035     0.505676     0.505088     0.504241     0.503104     0.501645     0.499831     0.497625     0.494991     0.491889     0.488279     0.484123     0.479377     0.474002     0.467958     0.461204     0.453705     0.445425     0.436335     0.426408     0.415624      0.40397     0.391439 
    0.328765     0.328788     0.328856     0.328969     0.329127     0.329328      0.32957     0.329853     0.330173     0.330529     0.330918     0.331336     0.331779     0.332245     0.332727     0.333221     0.333722     0.334223     0.334716     0.335196     0.335653     0.336078     0.336462     0.336795     0.337063     0.337256     0.337358     0.337357     0.337236     0.336978     0.336566     0.335979     0.335199     0.334203     0.332968     0.331471     0.329688     0.327591     0.325157     0.322356     0.319163     0.315551     0.311493     0.306963     0.301937     0.296393     0.290311     0.283675     0.276471     0.268692     0.260333 
    0.164404     0.164415     0.164449     0.164505     0.164584     0.164684     0.164804     0.164945     0.165104     0.165281     0.165475     0.165682     0.165903     0.166134     0.166374     0.166619     0.166867     0.167115      0.16736     0.167597     0.167822     0.168032     0.168221     0.168383     0.168513     0.168605     0.168652     0.168646      0.16858     0.168446     0.168233     0.167934     0.167537     0.167031     0.166407      0.16565      0.16475     0.163694     0.162468     0.161059     0.159454     0.157639     0.155601     0.153328     0.150807     0.148028     0.144981     0.141658     0.138052     0.134159     0.129978 
-3.11006e-06 -3.11006e-06 -3.11006e-06 -3.11005e-06 -3.11005e-06 -3.11004e-06 -3.11003e-06 -3.11002e-06    -3.11e-06 -3.10999e-06 -3.10997e-06 -3.10995e-06 -3.10993e-06 -3.10991e-06 -3.10989e-06 -3.10986e-06 -3.10983e-06 -3.10981e-06 -3.10977e-06 -3.10974e-06 -3.10971e-06 -3.10967e-06 -3.10963e-06 -3.10959e-06 -3.10955e-06 -3.10951e-06 -3.10946e-06 -3.10942e-06 -3.10937e-06 -3.10932e-06 -3.10927e-06 -3.10921e-06 -3.10916e-06  -3.1091e-06 -3.10904e-06 -3.10898e-06 -3.10892e-06 -3.10885e-06 -3.10879e-06 -3.10872e-06 -3.10865e-06 -3.10858e-06 -3.10851e-06 -3.10843e-06 -3.10835e-06 -3.10828e-06  -3.1082e-06 -3.10811e-06 -3.10803e-06 -3.10794e-06 -3.10786e-06 
    -0.16441    -0.164421    -0.164455    -0.164512     -0.16459     -0.16469    -0.164811    -0.164951    -0.165111    -0.165288    -0.165481    -0.165689    -0.165909     -0.16614     -0.16638    -0.166625    -0.166873    -0.167121    -0.167366    -0.167603    -0.167829    -0.168038    -0.168227    -0.168389    -0.168519    -0.168611    -0.168658    -0.168653    -0.168587    -0.168452     -0.16824     -0.16794    -0.167543    -0.167038    -0.166413    -0.165657    -0.164757      -0.1637    -0.162474    -0.161065     -0.15946    -0.157645    -0.155608    -0.153334    -0.150814    -0.148035    -0.144987    -0.141664    -0.138058    -0.134165    -0.129984 
   -0.328771    -0.328794    -0.328862    -0.328976    -0.329133    -0.329334    -0.329576    -0.329859    -0.330179    -0.330535    -0.330924    -0.331342    -0.331786    -0.332251    -0.332733    -0.333228    -0.333728    -0.334229    -0.334723    -0.335202    -0.335659    -0.336085    -0.336469    -0.336801    -0.337069    -0.337262    -0.337365    -0.337363    -0.337242    -0.336984    -0.336572    -0.335986    -0.335205    -0.334209    -0.332974    -0.331477    -0.329694    -0.327598    -0.325163    -0.322362     -0.31917    -0.315557    -0.311499    -0.306969    -0.301943    -0.296399    -0.290318    -0.283681    -0.276478    -0.268698    -0.260339 
   -0.493041    -0.493075    -0.493179     -0.49335    -0.493588    -0.493892    -0.494258    -0.494686     -0.49517    -0.495709    -0.496297     -0.49693    -0.497602    -0.498308     -0.49904     -0.49979    -0.500551    -0.501313    -0.502066    -0.502799    -0.503499    -0.504153    -0.504746    -0.505263    -0.505685    -0.505996    -0.506173    -0.506196    -0.506041    -0.505683    -0.505094    -0.504247     -0.50311    -0.501652    -0.499837    -0.497631    -0.494997    -0.491895    -0.488286    -0.484129    -0.479383    -0.474008    -0.467964     -0.46121    -0.453711    -0.445431    -0.436341    -0.426414     -0.41563    -0.403976    -0.391445 
   -0.657173    -0.657219    -0.657358    -0.657589     -0.65791    -0.658319    -0.658813    -0.659389    -0.660043     -0.66077    -0.661564    -0.662419    -0.663328    -0.664283    -0.665274    -0.666292    -0.667326    -0.668362    -0.669389     -0.67039     -0.67135    -0.672251    -0.673074    -0.673797    -0.674398    -0.674852    -0.675132    -0.675209    -0.675051    -0.674627    -0.673899    -0.672829    -0.671377    -0.669499    -0.667151    -0.664283    -0.660846    -0.656789    -0.652058    -0.646598    -0.640353    -0.633269     -0.62529    -0.616364    -0.606439    -0.595468    -0.583409    -0.570225    -0.555888    -0.540378    -0.523685 
   -0.821118    -0.821177    -0.821353    -0.821646    -0.822052     -0.82257    -0.823197    -0.823927    -0.824756    -0.825679    -0.826687    -0.827774     -0.82893    -0.830146     -0.83141     -0.83271    -0.834031     -0.83536     -0.83668    -0.837971    -0.839214    -0.840387    -0.841466    -0.842425    -0.843235    -0.843867    -0.844286    -0.844456    -0.844339    -0.843893    -0.843074    -0.841833     -0.84012    -0.837881    -0.835059    -0.831593     -0.82742    -0.822476    -0.816692        -0.81    -0.802329    -0.793607    -0.783765    -0.772735     -0.76045    -0.746849    -0.731877    -0.715484    -0.697632    -0.678294    -0.657455 
   -0.984829      -0.9849    -0.985115    -0.985471    -0.985967    -0.986599    -0.987363    -0.988254    -0.989267    -0.990394    -0.991627    -0.992957    -0.994374    -0.995865    -0.997417    -0.999017     -1.00065     -1.00229     -1.00393     -1.00553     -1.00709     -1.00856     -1.00993     -1.01116     -1.01222     -1.01307     -1.01368     -1.01399     -1.01396     -1.01355      -1.0127     -1.01136     -1.00945     -1.00692      -1.0037    -0.999717    -0.994891    -0.989146    -0.982399    -0.974565    -0.965559    -0.955292    -0.943678    -0.930632    -0.916072    -0.899921    -0.882106    -0.862567    -0.841253    -0.818124     -0.79316 
    -1.14825     -1.14834     -1.14859     -1.14901      -1.1496     -1.15035     -1.15126     -1.15232     -1.15353     -1.15487     -1.15634     -1.15793     -1.15962      -1.1614     -1.16327     -1.16519     -1.16715     -1.16913     -1.17111     -1.17306     -1.17496     -1.17678     -1.17847     -1.18002     -1.18137      -1.1825     -1.18334     -1.18385     -1.18398     -1.18368     -1.18287     -1.18149     -1.17947     -1.17674     -1.17321     -1.16881     -1.16343     -1.15699     -1.14938     -1.14052     -1.13029     -1.11859     -1.10532     -1.09036     -1.07364     -1.05503     -1.03447     -1.01186    -0.987152    -0.960284    -0.931227 
    -1.31133     -1.31143     -1.31173     -1.31222     -1.31291     -1.31379     -1.31485     -1.31609     -1.31749     -1.31906     -1.32078     -1.32264     -1.32463     -1.32673     -1.32892     -1.33118      -1.3335     -1.33585     -1.33821     -1.34054     -1.34283     -1.34502     -1.34709       -1.349     -1.35071     -1.35216      -1.3533     -1.35408     -1.35444     -1.35432     -1.35363     -1.35231     -1.35028     -1.34745     -1.34372       -1.339     -1.33319     -1.32618     -1.31785     -1.30808     -1.29676     -1.28377     -1.26897     -1.25224     -1.23347     -1.21254     -1.18934     -1.16377     -1.13575     -1.10521      -1.0721 
    -1.47402     -1.47413     -1.47447     -1.47504     -1.47583     -1.47684     -1.47806     -1.47949     -1.48111     -1.48292     -1.48491     -1.48706     -1.48936     -1.49179     -1.49433     -1.49697     -1.49968     -1.50243      -1.5052     -1.50796     -1.51066     -1.51329     -1.51579     -1.51812     -1.52023     -1.52207     -1.52359     -1.52471     -1.52538     -1.52553     -1.52506     -1.52391     -1.52197     -1.51915     -1.51534     -1.51044     -1.50433     -1.49689     -1.48798     -1.47747     -1.46522     -1.45108     -1.43492     -1.41658     -1.39593     -1.37282     -1.34711      -1.3187     -1.28748     -1.25335     -1.21625 
    -1.63625     -1.63638     -1.63677     -1.63741     -1.63831     -1.63946     -1.64085     -1.64247     -1.64432     -1.64639     -1.64866     -1.65112     -1.65376     -1.65655     -1.65947     -1.66251     -1.66564     -1.66883     -1.67205     -1.67527     -1.67845     -1.68155     -1.68454     -1.68735     -1.68993     -1.69224     -1.69421     -1.69577     -1.69684     -1.69735     -1.69721     -1.69633      -1.6946     -1.69193     -1.68818     -1.68325       -1.677     -1.66928     -1.65996     -1.64888     -1.63588     -1.62079     -1.60345     -1.58369     -1.56134     -1.53622     -1.50819     -1.47709     -1.44279     -1.40518     -1.36418 
    -1.79796      -1.7981     -1.79854     -1.79927     -1.80028     -1.80158     -1.80315     -1.80498     -1.80708     -1.80942     -1.81199     -1.81478     -1.81777     -1.82095     -1.82428     -1.82776     -1.83134     -1.83501     -1.83872     -1.84245     -1.84616      -1.8498     -1.85332     -1.85668     -1.85982     -1.86267     -1.86517     -1.86725     -1.86883     -1.86981     -1.87011     -1.86963     -1.86826     -1.86587     -1.86234     -1.85754     -1.85131     -1.84351     -1.83397     -1.82252     -1.80898     -1.79315     -1.77485     -1.75388     -1.73004     -1.70314     -1.67297     -1.63937     -1.60217     -1.56122     -1.51642 
    -1.95908     -1.95924     -1.95973     -1.96055     -1.96168     -1.96314      -1.9649     -1.96696     -1.96931     -1.97194     -1.97483     -1.97797     -1.98135     -1.98494     -1.98871     -1.99265     -1.99673     -2.00092     -2.00517     -2.00946     -2.01375     -2.01798     -2.02212     -2.02609     -2.02986     -2.03334     -2.03647     -2.03917     -2.04135     -2.04293      -2.0438     -2.04386     -2.04298     -2.04104     -2.03789      -2.0334      -2.0274     -2.01971     -2.01017     -1.99858     -1.98472      -1.9684     -1.94939     -1.92746     -1.90239     -1.87394     -1.84189     -1.80601     -1.76611       -1.722     -1.67353 
    -2.11955     -2.11973     -2.12028     -2.12118     -2.12245     -2.12406     -2.12602     -2.12832     -2.13095     -2.13388     -2.13712     -2.14064     -2.14442     -2.14845      -2.1527     -2.15715     -2.16176      -2.1665     -2.17135     -2.17625     -2.18118     -2.18607     -2.19088     -2.19555     -2.20002     -2.20422     -2.20808     -2.21151     -2.21442     -2.21672     -2.21829     -2.21903     -2.21881     -2.21748      -2.2149     -2.21092     -2.20535     -2.19801      -2.1887     -2.17721     -2.16331     -2.14677     -2.12733     -2.10474     -2.07873     -2.04902     -2.01537     -1.97748     -1.93513     -1.88809     -1.83614 
    -2.27929     -2.27949     -2.28009      -2.2811      -2.2825     -2.28429     -2.28646     -2.28901     -2.29192     -2.29518     -2.29878      -2.3027     -2.30693     -2.31143     -2.31618     -2.32117     -2.32636     -2.33171     -2.33719     -2.34277     -2.34839       -2.354     -2.35957     -2.36501     -2.37028     -2.37529     -2.37998     -2.38424       -2.388     -2.39115     -2.39358     -2.39516     -2.39575     -2.39523     -2.39342     -2.39015     -2.38524     -2.37849     -2.36968     -2.35857     -2.34492     -2.32846     -2.30892     -2.28599     -2.25938     -2.22877     -2.19384     -2.15428     -2.10979     -2.06008      -2.0049 
    -2.43822     -2.43844     -2.43911     -2.44021     -2.44176     -2.44373     -2.44613     -2.44894     -2.45216     -2.45577     -2.45975      -2.4641     -2.46878     -2.47379     -2.47909     -2.48465     -2.49046     -2.49646     -2.50264     -2.50894     -2.51532     -2.52173     -2.52811     -2.53442     -2.54057     -2.54649     -2.55211     -2.55734     -2.56207     -2.56621     -2.56964     -2.57222     -2.57382     -2.57429     -2.57346     -2.57114     -2.56714     -2.56124      -2.5532     -2.54278     -2.52971     -2.51368     -2.49439      -2.4715     -2.44468     -2.41355     -2.37776     -2.33691     -2.29066     -2.23863     -2.18051 
    -2.59626     -2.59651     -2.59724     -2.59845     -2.60015     -2.60231     -2.60495     -2.60804     -2.61158     -2.61555     -2.61995     -2.62474     -2.62992     -2.63546     -2.64133     -2.64752     -2.65398     -2.66069     -2.66761     -2.67469     -2.68189     -2.68917     -2.69646      -2.7037     -2.71083     -2.71776     -2.72443     -2.73074     -2.73658     -2.74185     -2.74644      -2.7502     -2.75299     -2.75466     -2.75502     -2.75389     -2.75106      -2.7463     -2.73935     -2.72995     -2.71781     -2.70258     -2.68395     -2.66153     -2.63494     -2.60375     -2.56755     -2.52588     -2.47831      -2.4244     -2.36373 
    -2.75333      -2.7536      -2.7544     -2.75572     -2.75758     -2.75995     -2.76283     -2.76622     -2.77009     -2.77445     -2.77927     -2.78454     -2.79024     -2.79635     -2.80284     -2.80968     -2.81685     -2.82431     -2.83202     -2.83995     -2.84804     -2.85625     -2.86452     -2.87278     -2.88098     -2.88903     -2.89686     -2.90437     -2.91145     -2.91801     -2.92392     -2.92903     -2.93321     -2.93629     -2.93809      -2.9384     -2.93702      -2.9337     -2.92817     -2.92015     -2.90931     -2.89531     -2.87778      -2.8563     -2.83043     -2.79971     -2.76364     -2.72171     -2.67337      -2.6181     -2.55537 
    -2.90934     -2.90963      -2.9105     -2.91194     -2.91396     -2.91654     -2.91969     -2.92338     -2.92761     -2.93238     -2.93765     -2.94342     -2.94967     -2.95637     -2.96351     -2.97105     -2.97897     -2.98722     -2.99579     -3.00461     -3.01366     -3.02287      -3.0322     -3.04158     -3.05094     -3.06021     -3.06931     -3.07814     -3.08661      -3.0946       -3.102     -3.10865     -3.11442     -3.11913      -3.1226     -3.12462     -3.12498     -3.12341     -3.11965     -3.11338     -3.10427     -3.09195       -3.076     -3.05599     -3.03142     -3.00176     -2.96645     -2.92489     -2.87644     -2.82045     -2.75629 
    -3.06418      -3.0645     -3.06544     -3.06701      -3.0692       -3.072     -3.07542     -3.07944     -3.08404     -3.08923     -3.09498     -3.10127      -3.1081     -3.11543     -3.12325     -3.13153     -3.14024     -3.14934      -3.1588     -3.16859     -3.17865     -3.18894      -3.1994     -3.20998      -3.2206     -3.23119     -3.24168     -3.25196     -3.26195     -3.27153     -3.28057     -3.28895     -3.29651     -3.30307     -3.30847     -3.31247     -3.31487     -3.31539     -3.31376     -3.30965     -3.30271     -3.29255     -3.27872     -3.26075     -3.23809     -3.21017     -3.17634      -3.1359     -3.08812     -3.03221     -2.96738 
    -3.21777     -3.21811     -3.21913     -3.22083      -3.2232     -3.22623     -3.22993     -3.23429     -3.23928     -3.24491     -3.25115       -3.258     -3.26543     -3.27342     -3.28196     -3.29101     -3.30055     -3.31055     -3.32096     -3.33176      -3.3429     -3.35434     -3.36601     -3.37787     -3.38984     -3.40186     -3.41384      -3.4257     -3.43735     -3.44866     -3.45953     -3.46981     -3.47936     -3.48801     -3.49557     -3.50184     -3.50658     -3.50954     -3.51041     -3.50888     -3.50458     -3.49709     -3.48595     -3.47065      -3.4506     -3.42517     -3.39363     -3.35519       -3.309     -3.25413     -3.18959 
       -3.37     -3.37036     -3.37146     -3.37329     -3.37585     -3.37913     -3.38312     -3.38782     -3.39322     -3.39931     -3.40607     -3.41349     -3.42155     -3.43024     -3.43952     -3.44938      -3.4598     -3.47073     -3.48215     -3.49402      -3.5063     -3.51894      -3.5319     -3.54512     -3.55853     -3.57207     -3.58566     -3.59922     -3.61266     -3.62586     -3.63871     -3.65108     -3.66282     -3.67378     -3.68376     -3.69257     -3.69997      -3.7057     -3.70947     -3.71095     -3.70976     -3.70549     -3.69764     -3.68568       -3.669     -3.64688     -3.61855     -3.58312      -3.5396     -3.48691     -3.42385 
    -3.52075     -3.52115     -3.52233      -3.5243     -3.52705     -3.53058     -3.53488     -3.53994     -3.54576     -3.55233     -3.55962     -3.56764     -3.57636     -3.58576     -3.59582     -3.60653     -3.61785     -3.62977     -3.64224     -3.65523     -3.66871     -3.68263     -3.69694     -3.71159     -3.72653     -3.74169       -3.757     -3.77237     -3.78772     -3.80295     -3.81794     -3.83258     -3.84672      -3.8602     -3.87285     -3.88447     -3.89483     -3.90369     -3.91074     -3.91567     -3.91809     -3.91759     -3.91367     -3.90577     -3.89324     -3.87535     -3.85124     -3.81995     -3.78036     -3.73121     -3.67109 
    -3.66994     -3.67036     -3.67163     -3.67374     -3.67669     -3.68047     -3.68509     -3.69053     -3.69678     -3.70384     -3.71169     -3.72032     -3.72972     -3.73986     -3.75074     -3.76232      -3.7746     -3.78753     -3.80109     -3.81526     -3.82999     -3.84524     -3.86097     -3.87714     -3.89369     -3.91055     -3.92767     -3.94497     -3.96236     -3.97975     -3.99704     -4.01411     -4.03083     -4.04705      -4.0626      -4.0773     -4.09093     -4.10325     -4.11397     -4.12278     -4.12932     -4.13315     -4.13379     -4.13069     -4.12317     -4.11047      -4.0917      -4.0658     -4.03156     -3.98755     -3.93213 
    -3.81743     -3.81788     -3.81923     -3.82149     -3.82465      -3.8287     -3.83364     -3.83946     -3.84616     -3.85373     -3.86215     -3.87142     -3.88151     -3.89243     -3.90414     -3.91664     -3.92989     -3.94388     -3.95858     -3.97396     -3.98999     -4.00663     -4.02385     -4.04159     -4.05982     -4.07848      -4.0975     -4.11682     -4.13637     -4.15605     -4.17578     -4.19544     -4.21492     -4.23408     -4.25276     -4.27079     -4.28798     -4.30408     -4.31885     -4.33197     -4.34309     -4.35182     -4.35768     -4.36012     -4.35848     -4.35198     -4.33972      -4.3206     -4.29331     -4.25628     -4.20764 
    -3.96311     -3.96359     -3.96504     -3.96744     -3.97081     -3.97513      -3.9804     -3.98662     -3.99378     -4.00187     -4.01088      -4.0208     -4.03162     -4.04332      -4.0559     -4.06933      -4.0836     -4.09867     -4.11455     -4.13118     -4.14856     -4.16664      -4.1854     -4.20478     -4.22476     -4.24528     -4.26629     -4.28773     -4.30953     -4.33162     -4.35392     -4.37632     -4.39872       -4.421     -4.44302     -4.46463     -4.48563     -4.50583     -4.52498     -4.54282     -4.55901     -4.57318     -4.58488      -4.5936      -4.5987     -4.59944     -4.59491     -4.58401      -4.5654     -4.53741       -4.498 
    -4.10686     -4.10737     -4.10891     -4.11147     -4.11505     -4.11965     -4.12527     -4.13189     -4.13952     -4.14814     -4.15775     -4.16834      -4.1799     -4.19242     -4.20588     -4.22026     -4.23557     -4.25177     -4.26884     -4.28677     -4.30554      -4.3251     -4.34544     -4.36653     -4.38831     -4.41077     -4.43384     -4.45748     -4.48163     -4.50623      -4.5312     -4.55647     -4.58194     -4.60751     -4.63306     -4.65844     -4.68351     -4.70808     -4.73195     -4.75487     -4.77655     -4.79666      -4.8148      -4.8305     -4.84319     -4.85216     -4.85658     -4.85539     -4.84727     -4.83055     -4.80311 
    -4.24857     -4.24911     -4.25074     -4.25346     -4.25726     -4.26214      -4.2681     -4.27514     -4.28324     -4.29241     -4.30263     -4.31391     -4.32622     -4.33956     -4.35392     -4.36929     -4.38566       -4.403     -4.42131     -4.44057     -4.46075     -4.48184     -4.50381     -4.52663     -4.55028     -4.57472     -4.59991     -4.62582      -4.6524      -4.6796     -4.70736      -4.7356     -4.76427     -4.79326     -4.82249     -4.85185     -4.88119     -4.91038     -4.93924     -4.96757     -4.99512     -5.02163     -5.04674     -5.07006      -5.0911     -5.10926     -5.12378     -5.13373     -5.13791     -5.13476     -5.12222 
    -4.38809     -4.38867     -4.39039     -4.39327      -4.3973     -4.40247     -4.40878     -4.41624     -4.42483     -4.43455     -4.44539     -4.45736     -4.47044     -4.48462      -4.4999     -4.51627     -4.53372     -4.55223     -4.57179      -4.5924     -4.61403     -4.63666     -4.66029      -4.6849     -4.71045     -4.73692     -4.76429     -4.79253      -4.8216     -4.85146     -4.88208      -4.9134     -4.94536      -4.9779     -5.01094     -5.04441     -5.07821     -5.11222      -5.1463     -5.18031     -5.21406     -5.24734     -5.27988     -5.31137     -5.34143     -5.36958     -5.39523     -5.41762     -5.43577     -5.44838     -5.45367 
    -4.52532     -4.52593     -4.52775     -4.53079     -4.53504      -4.5405     -4.54717     -4.55505     -4.56413     -4.57441     -4.58589     -4.59856     -4.61242     -4.62745     -4.64367     -4.66104     -4.67958     -4.69928     -4.72011     -4.74209     -4.76519      -4.7894     -4.81472     -4.84112      -4.8686     -4.89715     -4.92673     -4.95734     -4.98895     -5.02153     -5.05507     -5.08952     -5.12485     -5.16103     -5.19799     -5.23569     -5.27407     -5.31305     -5.35254     -5.39244     -5.43263     -5.47297     -5.51329     -5.55338     -5.59298     -5.63178     -5.66937     -5.70526     -5.73877       -5.769     -5.79471 
    -4.66011     -4.66075     -4.66267     -4.66587     -4.67035     -4.67611     -4.68314     -4.69145     -4.70103     -4.71188     -4.72399     -4.73737     -4.75201     -4.76791     -4.78506     -4.80346      -4.8231     -4.84399     -4.86611     -4.88947     -4.91405     -4.93985     -4.96687      -4.9951     -5.02454     -5.05517     -5.08699     -5.11999     -5.15417     -5.18951     -5.22601     -5.26364     -5.30239     -5.34225      -5.3832     -5.42521     -5.46825      -5.5123     -5.55731     -5.60324     -5.65004     -5.69764     -5.74597     -5.79493     -5.84442      -5.8943      -5.9444      -5.9945     -6.04432     -6.09348     -6.14147 
    -4.79234     -4.79302     -4.79504      -4.7984     -4.80311     -4.80916     -4.81656      -4.8253     -4.83538      -4.8468     -4.85955     -4.87365     -4.88908     -4.90584     -4.92393     -4.94336     -4.96412      -4.9862     -5.00961     -5.03436     -5.06043     -5.08783     -5.11656     -5.14662     -5.17802     -5.21075     -5.24482     -5.28023     -5.31699      -5.3551     -5.39457      -5.4354      -5.4776     -5.52117     -5.56613     -5.61248     -5.66023     -5.70939     -5.75997     -5.81199     -5.86546     -5.92041     -5.97685     -6.03481     -6.09434     -6.15549     -6.21832     -6.28294     -6.34947     -6.41811     -6.48915 
    -4.92189     -4.92259     -4.92471     -4.92824     -4.93318     -4.93953     -4.94729     -4.95646     -4.96704     -4.97903     -4.99243     -5.00724     -5.02346     -5.04109     -5.06014     -5.08059     -5.10246     -5.12574     -5.15045     -5.17658     -5.20414     -5.23314     -5.26358     -5.29547     -5.32883     -5.36366     -5.39997     -5.43779     -5.47712       -5.518     -5.56043     -5.60445     -5.65009     -5.69736     -5.74632       -5.797     -5.84944      -5.9037     -5.95984     -6.01793     -6.07806     -6.14032     -6.20484     -6.27176     -6.34128     -6.41362     -6.48909     -6.56808     -6.65112     -6.73895     -6.83259 
     -5.0486     -5.04934     -5.05156     -5.05525     -5.06042     -5.06707      -5.0752      -5.0848     -5.09589     -5.10845      -5.1225     -5.13802     -5.15503     -5.17353     -5.19352       -5.215     -5.23797     -5.26246     -5.28845     -5.31596     -5.34501     -5.37559     -5.40773     -5.44144     -5.47674     -5.51365     -5.55219     -5.59239     -5.63428      -5.6779     -5.72327     -5.77045     -5.81948     -5.87042     -5.92333     -5.97828     -6.03535     -6.09465     -6.15626     -6.22033     -6.28699     -6.35644     -6.42887     -6.50455     -6.58379       -6.667     -6.75467     -6.84747     -6.94626     -7.05219     -7.16688 
    -5.17237     -5.17314     -5.17545     -5.17931     -5.18471     -5.19166     -5.20015     -5.21019     -5.22178     -5.23491      -5.2496     -5.26584     -5.28364       -5.303     -5.32392     -5.34642      -5.3705     -5.39617     -5.42344     -5.45233     -5.48284       -5.515     -5.54882     -5.58433     -5.62155     -5.66051     -5.70125     -5.74379      -5.7882      -5.8345     -5.88276     -5.93304      -5.9854     -6.03993     -6.09671     -6.15584     -6.21744     -6.28164     -6.34858     -6.41845     -6.49146     -6.56784      -6.6479     -6.73198     -6.82051     -6.91403     -7.01322      -7.1189      -7.2322     -7.35456     -7.48791 
    -5.29304     -5.29385     -5.29626     -5.30028     -5.30592     -5.31316     -5.32202     -5.33249     -5.34457     -5.35827      -5.3736     -5.39055     -5.40913     -5.42934      -5.4512     -5.47471     -5.49989     -5.52673     -5.55527      -5.5855     -5.61746     -5.65117     -5.68664     -5.72392     -5.76302       -5.804     -5.84689     -5.89173     -5.93859     -5.98752      -6.0386     -6.09189      -6.1475     -6.20551     -6.26604     -6.32922     -6.39519     -6.46411     -6.53618     -6.61162     -6.69069     -6.77368     -6.86097     -6.95297      -7.0502     -7.15331     -7.26307     -7.38046     -7.50673     -7.64345     -7.79268 
     -5.4105     -5.41134     -5.41385     -5.41804      -5.4239     -5.43144     -5.44066     -5.45155     -5.46414      -5.4784     -5.49436     -5.51202     -5.53137     -5.55243     -5.57521     -5.59972     -5.62597     -5.65398     -5.68375     -5.71532      -5.7487     -5.78392     -5.82102     -5.86002     -5.90096      -5.9439     -5.98888     -6.03596      -6.0852     -6.13668     -6.19047     -6.24669     -6.30541     -6.36678     -6.43091     -6.49796     -6.56811     -6.64154     -6.71848     -6.79919     -6.88398     -6.97317      -7.0672     -7.16654     -7.27177      -7.3836     -7.50287     -7.63062     -7.76814     -7.91702     -8.07927 
    -5.52461     -5.52548     -5.52809     -5.53244     -5.53853     -5.54636     -5.55594     -5.56726     -5.58034     -5.59516     -5.61175      -5.6301     -5.65022     -5.67212     -5.69581      -5.7213     -5.74861     -5.77775     -5.80874     -5.84161     -5.87638     -5.91309     -5.95176     -5.99244     -6.03517     -6.08001     -6.12701     -6.17624     -6.22777      -6.2817     -6.33811     -6.39711     -6.45882     -6.52338     -6.59094     -6.66166     -6.73575     -6.81343     -6.89495     -6.98059     -7.07068     -7.16562     -7.26584     -7.37187     -7.48432     -7.60392     -7.73155     -7.86825     -8.01528     -8.17416     -8.34673 
    -5.63524     -5.63614     -5.63885     -5.64336     -5.64968      -5.6578     -5.66773     -5.67948     -5.69304     -5.70842     -5.72563     -5.74466     -5.76554     -5.78826     -5.81284      -5.8393     -5.86765      -5.8979     -5.93008     -5.96422     -6.00035     -6.03849     -6.07869     -6.12099     -6.16545     -6.21211     -6.26106     -6.31235     -6.36608     -6.42234     -6.48123     -6.54288     -6.60741     -6.67498     -6.74576     -6.81993     -6.89771     -6.97934      -7.0651     -7.15528     -7.25025     -7.35041     -7.45624     -7.56826      -7.6871     -7.81351     -7.94834     -8.09259     -8.24745     -8.41431     -8.59479 
    -5.74226      -5.7432       -5.746     -5.75067     -5.75721     -5.76562     -5.77591     -5.78807     -5.80212     -5.81804     -5.83586     -5.85557     -5.87719     -5.90073     -5.92619     -5.95359     -5.98295     -6.01429     -6.04763       -6.083     -6.12044     -6.15997     -6.20164     -6.24551     -6.29161     -6.34003     -6.39083     -6.44409      -6.4999     -6.55836     -6.61959     -6.68373     -6.75091     -6.82129     -6.89507     -6.97243     -7.05362     -7.13888     -7.22851     -7.32283      -7.4222     -7.52705     -7.63786     -7.75515     -7.87957     -8.01181      -8.1527     -8.30317     -8.46432     -8.63736     -8.82367 
    -5.84555     -5.84651     -5.84941     -5.85424     -5.86101      -5.8697     -5.88034     -5.89292     -5.90743      -5.9239     -5.94232      -5.9627     -5.98505     -6.00938      -6.0357     -6.06403     -6.09438     -6.12677     -6.16124     -6.19781     -6.23651     -6.27738     -6.32047     -6.36582     -6.41351     -6.46359     -6.51614     -6.57125     -6.62902     -6.68955     -6.75297     -6.81942     -6.88905     -6.96203     -7.03856     -7.11885     -7.20314      -7.2917     -7.38482     -7.48284     -7.58614     -7.69513     -7.81029     -7.93215     -8.06131     -8.19845     -8.34433     -8.49981     -8.66585      -8.8435     -9.03392 
    -5.94497     -5.94597     -5.94896     -5.95395     -5.96093     -5.96991      -5.9809     -5.99388     -6.00887     -6.02587     -6.04488     -6.06592     -6.08898     -6.11409     -6.14125     -6.17048      -6.2018     -6.23522     -6.27078      -6.3085     -6.34841     -6.39057     -6.43501     -6.48179     -6.53097     -6.58262     -6.63683     -6.69368     -6.75327     -6.81572     -6.88116     -6.94974     -7.02162     -7.09697       -7.176     -7.25893     -7.34601      -7.4375     -7.53373     -7.63501     -7.74174     -7.85432     -7.97321     -8.09894     -8.23206     -8.37322     -8.52311     -8.68249      -8.8522     -9.03314     -9.22625 
    -6.04041     -6.04144     -6.04452     -6.04967     -6.05687     -6.06613     -6.07745     -6.09084     -6.10629     -6.12382     -6.14342      -6.1651     -6.18887     -6.21474     -6.24273     -6.27284     -6.30509     -6.33951     -6.37612     -6.41495     -6.45603     -6.49942     -6.54515     -6.59327     -6.64387     -6.69699     -6.75274      -6.8112     -6.87248      -6.9367     -7.00399     -7.07451     -7.14841      -7.2259     -7.30716     -7.39244     -7.48198     -7.57606     -7.67498     -7.77909     -7.88876     -8.00438     -8.12641     -8.25533     -8.39168     -8.53605     -8.68905     -8.85135     -9.02369     -9.20681     -9.40146 
    -6.13173     -6.13279     -6.13597     -6.14126     -6.14868     -6.15822     -6.16989     -6.18367     -6.19959     -6.21763     -6.23781     -6.26013     -6.28459     -6.31121        -6.34     -6.37097     -6.40413     -6.43952     -6.47714     -6.51704     -6.55925      -6.6038     -6.65075     -6.70015     -6.75207     -6.80657     -6.86375     -6.92369     -6.98652     -7.05234      -7.1213     -7.19356     -7.26927     -7.34864     -7.43187     -7.51919     -7.61086     -7.70716     -7.80839     -7.91488     -8.02701     -8.14515     -8.26973     -8.40123     -8.54012     -8.68694     -8.84226     -9.00664     -9.18071     -9.36508     -9.56036 
    -6.21881      -6.2199     -6.22317     -6.22862     -6.23626     -6.24608     -6.25808     -6.27226     -6.28863     -6.30719     -6.32794     -6.35088     -6.37603     -6.40338     -6.43296     -6.46477     -6.49882     -6.53514     -6.57375     -6.61467     -6.65795     -6.70361     -6.75172     -6.80231     -6.85546     -6.91124     -6.96973     -7.03104     -7.09526     -7.16253     -7.23297     -7.30676     -7.38406     -7.46506     -7.54998     -7.63905     -7.73252     -7.83067     -7.93381     -8.04225     -8.15637     -8.27652     -8.40311     -8.53659     -8.67739       -8.826     -8.98292     -9.14865      -9.3237     -9.50858     -9.70376 
    -6.30153     -6.30265     -6.30601     -6.31162     -6.31947     -6.32956      -6.3419     -6.35648      -6.3733     -6.39237     -6.41368     -6.43725     -6.46307     -6.49115      -6.5215     -6.55412     -6.58904     -6.62627     -6.66582     -6.70774     -6.75203     -6.79876     -6.84795     -6.89966     -6.95396     -7.01092     -7.07061     -7.13314     -7.19861     -7.26716     -7.33891     -7.41402     -7.49268     -7.57506     -7.66139      -7.7519     -7.84684     -7.94649     -8.05114     -8.16112     -8.27676     -8.39844     -8.52653     -8.66143     -8.80357     -8.95337     -9.11128     -9.27772     -9.45312      -9.6379     -9.83241 
    -6.37976     -6.38091     -6.38437     -6.39013      -6.3982     -6.40857     -6.42124     -6.43621     -6.45349     -6.47306     -6.49494     -6.51912      -6.5456      -6.5744     -6.60551     -6.63894      -6.6747     -6.71281     -6.75328     -6.79615     -6.84142     -6.88915     -6.93937     -6.99213     -7.04749     -7.10552     -7.16631     -7.22993     -7.29651     -7.36617     -7.43903     -7.51527     -7.59505     -7.67857     -7.76603     -7.85768     -7.95375     -8.05454     -8.16033     -8.27142     -8.38817     -8.51091        -8.64     -8.77583     -8.91877     -9.06922     -9.22757     -9.39418     -9.56941      -9.7536     -9.94701 
    -6.45338     -6.45457     -6.45812     -6.46403     -6.47232     -6.48296     -6.49597     -6.51134     -6.52907     -6.54915     -6.57159     -6.59638     -6.62353     -6.65303     -6.68489     -6.71911      -6.7557     -6.79468     -6.83604     -6.87982     -6.92604     -6.97472     -7.02591     -7.07965     -7.13599     -7.19501     -7.25677     -7.32137     -7.38891     -7.45951     -7.53331     -7.61046     -7.69114     -7.77554     -7.86386     -7.95634     -8.05323     -8.15481     -8.26135     -8.37317      -8.4906     -8.61395     -8.74359     -8.87987     -9.02314     -9.17375     -9.33206     -9.49837       -9.673     -9.85621     -10.0482 
    -6.52227     -6.52349     -6.52713      -6.5332      -6.5417     -6.55263     -6.56598     -6.58174     -6.59993     -6.62052     -6.64352     -6.66893     -6.69673     -6.72694     -6.75955     -6.79456     -6.83197     -6.87179     -6.91402      -6.9587     -7.00582     -7.05541     -7.10752     -7.16217     -7.21942     -7.27933     -7.34196     -7.40741     -7.47578     -7.54717     -7.62172     -7.69959     -7.78094     -7.86597     -7.95488      -8.0479     -8.14528      -8.2473     -8.35423     -8.46639     -8.58408     -8.70763     -8.83738     -8.97367     -9.11682     -9.26716       -9.425     -9.59062     -9.76428     -9.94619     -10.1365 
     -6.5863     -6.58755     -6.59129     -6.59752     -6.60624     -6.61745     -6.63114     -6.64731     -6.66595     -6.68706     -6.71063     -6.73665     -6.76512     -6.79604     -6.82939     -6.86518     -6.90341     -6.94407     -6.98716      -7.0327      -7.0807     -7.13118     -7.18416     -7.23967     -7.29776     -7.35848     -7.42189     -7.48807     -7.55712     -7.62915     -7.70429     -7.78267     -7.86448     -7.94989     -8.03911     -8.13238     -8.22993     -8.33205     -8.43901     -8.55112     -8.66869     -8.79203     -8.92148     -9.05736     -9.19998     -9.34964     -9.50664     -9.67122     -9.84361      -10.024     -10.2124 
    -6.64534     -6.64662     -6.65046     -6.65685      -6.6658     -6.67729     -6.69133     -6.70791     -6.72702     -6.74865      -6.7728     -6.79945      -6.8286     -6.86023     -6.89434     -6.93091     -6.96995     -7.01144     -7.05539     -7.10179     -7.15065     -7.20198      -7.2558     -7.31212     -7.37099     -7.43245     -7.49655     -7.56336     -7.63298      -7.7055     -7.78105     -7.85976      -7.9418     -8.02735     -8.11662     -8.20984     -8.30726     -8.40914     -8.51577     -8.62746     -8.74451     -8.86725     -8.99599     -9.13106     -9.27276     -9.42138      -9.5772     -9.74043     -9.91128     -10.0899     -10.2763 
    -6.69926     -6.70057     -6.70451     -6.71107     -6.72025     -6.73204     -6.74644     -6.76344     -6.78303     -6.80519     -6.82993     -6.85722     -6.88705     -6.91941     -6.95429     -6.99166     -7.03152     -7.07386     -7.11866     -7.16592     -7.21563      -7.2678     -7.32242     -7.37953     -7.43913     -7.50127     -7.56598     -7.63333      -7.7034     -7.77628     -7.85207     -7.93093     -8.01299     -8.09845     -8.18751     -8.28039     -8.37735     -8.47866     -8.58461      -8.6955     -8.81165     -8.93339     -9.06103     -9.19491     -9.33532     -9.48255     -9.63686     -9.79847     -9.96755     -10.1442     -10.3286 
    -6.74793     -6.74928     -6.75332     -6.76005     -6.76946     -6.78156     -6.79633     -6.81376     -6.83384     -6.85656      -6.8819     -6.90985     -6.94039     -6.97349     -7.00915     -7.04735     -7.08805     -7.13124     -7.17691     -7.22504      -7.2756     -7.32861     -7.38404      -7.4419     -7.50221     -7.56497     -7.63024     -7.69805     -7.76846     -7.84157     -7.91747     -7.99629     -8.07818     -8.16332      -8.2519     -8.34417     -8.44036     -8.54075     -8.64565     -8.75537     -8.87024     -8.99058     -9.11674     -9.24904     -9.38779     -9.53329     -9.68579      -9.8455     -10.0126     -10.1872     -10.3694 
    -6.79121     -6.79259     -6.79674     -6.80365     -6.81331     -6.82572     -6.84087     -6.85875     -6.87934     -6.90263      -6.9286     -6.95723      -6.9885     -7.02238     -7.05885     -7.09789     -7.13946     -7.18354      -7.2301     -7.27912     -7.33056     -7.38441     -7.44065     -7.49927     -7.56026     -7.62363      -7.6894      -7.7576     -7.82828     -7.90151     -7.97738       -8.056     -8.13752     -8.22211     -8.30997     -8.40132     -8.49643     -8.59557     -8.69906     -8.80722     -8.92041     -9.03895     -9.16322     -9.29356     -9.43028      -9.5737     -9.72409     -9.88166     -10.0466      -10.219     -10.3989 
    -6.82896     -6.83038     -6.83464     -6.84173     -6.85165     -6.86439     -6.87993     -6.89828      -6.9194     -6.94328     -6.96991     -6.99925     -7.03128     -7.06597     -7.10329     -7.14321     -7.18569     -7.23069     -7.27818     -7.32812     -7.38047      -7.4352     -7.49227     -7.55166     -7.61334      -7.6773     -7.74355      -7.8121     -7.88298     -7.95624     -8.03196     -8.11024     -8.19121     -8.27503     -8.36191     -8.45207     -8.54577     -8.64331     -8.74501     -8.85122     -8.96231     -9.07865     -9.20061     -9.32858     -9.46289     -9.60389     -9.75185     -9.90702     -10.0696     -10.2397     -10.4173 
    -6.86103     -6.86249     -6.86686     -6.87415     -6.88433     -6.89741     -6.91338     -6.93221     -6.95388     -6.97839      -7.0057     -7.03579     -7.06862     -7.10416     -7.14237     -7.18322     -7.22666     -7.27264     -7.32111     -7.37203     -7.42534     -7.48099     -7.53893     -7.59912     -7.66152     -7.72609     -7.79282      -7.8617     -7.93273     -8.00595     -8.08142     -8.15922     -8.23947     -8.32232     -8.40797     -8.49665     -8.58862      -8.6842     -8.78372     -8.88757     -8.99613     -9.10981     -9.22903     -9.35419     -9.48569     -9.62389      -9.7691      -9.9216     -10.0816     -10.2492     -10.4245 
    -6.88727     -6.88877     -6.89327     -6.90075     -6.91121     -6.92465     -6.94105     -6.96039     -6.98265     -7.00781     -7.03585     -7.06672     -7.10039     -7.13684       -7.176     -7.21783     -7.26229     -7.30931     -7.35883     -7.41079     -7.46513     -7.52178     -7.58066     -7.64171     -7.70488      -7.7701     -7.83734     -7.90655     -7.97772     -8.05086       -8.126     -8.20321     -8.28259     -8.36427     -8.44845     -8.53536     -8.62527     -8.71851     -8.81545     -8.91648     -9.02205      -9.1326     -9.24859     -9.37049     -9.49873     -9.63372     -9.77583     -9.92535     -10.0825     -10.2475     -10.4204 
    -6.90752     -6.90906     -6.91368     -6.92137     -6.93213     -6.94595      -6.9628     -6.98268     -7.00556     -7.03141      -7.0602     -7.09191     -7.12648     -7.16388     -7.20405     -7.24695     -7.29249     -7.34063     -7.39129     -7.44439     -7.49985     -7.55757     -7.61749      -7.6795     -7.74351     -7.80946     -7.87725     -7.94684     -8.01817     -8.09121     -8.16598     -8.24251     -8.32089     -8.40122      -8.4837     -8.56855     -8.65606     -8.74657     -8.84048     -8.93822     -9.04029     -9.14718     -9.25942     -9.37753     -9.50201     -9.63335     -9.77195     -9.91817     -10.0723     -10.2345     -10.4049 
    -6.92161     -6.92319     -6.92794     -6.93586     -6.94692     -6.96113     -6.97847     -6.99891     -7.02244     -7.04902     -7.07863     -7.11122     -7.14675     -7.18517     -7.22642     -7.27045     -7.31718     -7.36653     -7.41843     -7.47277     -7.52945     -7.58839     -7.64945     -7.71253     -7.77751     -7.84429     -7.91274     -7.98278     -8.05432      -8.1273     -8.20169     -8.27749     -8.35475     -8.43358     -8.51413     -8.59664     -8.68139     -8.76876     -8.85916     -8.95309      -9.0511     -9.15374     -9.26163     -9.37537     -9.49554      -9.6227     -9.75734     -9.89988     -10.0507     -10.2099     -10.3778 
    -6.92935     -6.93098     -6.93587     -6.94402     -6.95541     -6.97004     -6.98788     -7.00892     -7.03313     -7.06049     -7.09095     -7.12448     -7.16103     -7.20055     -7.24297     -7.28823     -7.33624     -7.38691     -7.44016     -7.49587     -7.55393     -7.61421     -7.67657     -7.74087     -7.80698     -7.87473     -7.94399     -8.01461     -8.08646     -8.15945     -8.23348     -8.30854     -8.38462      -8.4618     -8.54023      -8.6201     -8.70174     -8.78552      -8.8719     -8.96144     -9.05476      -9.1525     -9.25536     -9.36405     -9.47927     -9.60165      -9.7318     -9.87022     -10.0173     -10.1734     -10.3385 
    -6.93057     -6.93225     -6.93729     -6.94568     -6.95741     -6.97247     -6.99085     -7.01252     -7.03746     -7.06563     -7.09701     -7.13154     -7.16919     -7.20988     -7.25355     -7.30014     -7.34954     -7.40166      -7.4564     -7.51363     -7.57322     -7.63502     -7.69886     -7.76458       -7.832     -7.90093     -7.97118     -8.04256     -8.11489     -8.18801     -8.26179     -8.33614     -8.41101     -8.48645     -8.56255     -8.63952     -8.71766     -8.79738     -8.87919      -8.9637     -9.05161     -9.14369     -9.24075     -9.34361     -9.45311     -9.57003     -9.69506     -9.82882     -9.97181     -10.1244     -10.2867 
    -6.92508     -6.92681       -6.932     -6.94064     -6.95273     -6.96825     -6.98719     -7.00952     -7.03522     -7.06426     -7.09661     -7.13221     -7.17102     -7.21297       -7.258     -7.30602     -7.35694     -7.41065     -7.46704     -7.52596     -7.58726     -7.65078     -7.71633      -7.7837     -7.85268     -7.92303     -7.99452      -8.0669     -8.13993     -8.21338     -8.28706     -8.36081     -8.43451     -8.50814     -8.58177     -8.65557     -8.72984     -8.80499      -8.8816     -8.96036     -9.04207      -9.1276     -9.21795     -9.31407     -9.41697     -9.52758     -9.64676     -9.77524     -9.91363     -10.0624     -10.2217 
    -6.91266     -6.91444     -6.91979      -6.9287     -6.94116     -6.95716     -6.97669     -6.99972     -7.02622     -7.05618     -7.08955     -7.12629     -7.16634     -7.20964     -7.25613      -7.3057     -7.35828     -7.41373     -7.47193     -7.53273     -7.59597     -7.66144     -7.72894     -7.79824     -7.86907     -7.94115     -8.01419     -8.08789     -8.16193       -8.236     -8.30983     -8.38315     -8.45579     -8.52764     -8.59869     -8.66907     -8.73907     -8.80913     -8.87986     -8.95204     -9.02661     -9.10459     -9.18714     -9.27545     -9.37069       -9.474     -9.58643     -9.70888     -9.84208     -9.98659     -10.1427 
    -6.89311     -6.89494     -6.90046     -6.90964     -6.92249     -6.93899     -6.95913     -6.98289     -7.01025     -7.04117     -7.07562     -7.11356     -7.15493     -7.19968     -7.24772     -7.29898     -7.35335      -7.4107     -7.47091     -7.53381     -7.59921      -7.6669     -7.73665     -7.80819     -7.88122      -7.9554     -8.03039     -8.10581     -8.18125     -8.25633     -8.33064     -8.40384     -8.47563     -8.54578     -8.61421     -8.68098     -8.74633     -8.81072     -8.87481     -8.93949     -9.00583     -9.07507     -9.14857     -9.22776     -9.31407      -9.4089     -9.51351     -9.62901     -9.75632     -9.89608     -10.0487 
     -6.8662     -6.86809     -6.87378     -6.88325      -6.8965     -6.91352      -6.9343     -6.95882     -6.98706     -7.01899     -7.05458     -7.09378     -7.13656     -7.18284     -7.23256     -7.28562     -7.34193     -7.40137     -7.46377     -7.52899     -7.59682     -7.66703     -7.73935      -7.8135     -7.88913     -7.96586     -8.04326     -8.12089     -8.19825     -8.27483     -8.35012     -8.42362     -8.49489     -8.56357     -8.62944     -8.69245      -8.7528     -8.81092     -8.86753     -8.92364     -8.98049     -9.03956      -9.1025     -9.17102     -9.24688     -9.33178     -9.42727     -9.53473     -9.65527     -9.78969     -9.93849 
    -6.83171     -6.83366     -6.83952     -6.84929     -6.86295     -6.88051     -6.90195     -6.92726     -6.95641      -6.9894     -7.02617     -7.06671     -7.11096     -7.15887     -7.21037     -7.26537     -7.32378     -7.38546     -7.45028     -7.51805     -7.58858     -7.66162     -7.73689     -7.81406     -7.89276     -7.97254     -8.05292     -8.13337     -8.21328     -8.29202     -8.36891     -8.44331     -8.51458     -8.58216     -8.64566     -8.70488     -8.75991     -8.81113     -8.85933     -8.90563     -8.95152     -8.99874     -9.04929     -9.10527     -9.16882     -9.24203     -9.32683      -9.4249     -9.53762       -9.666     -9.81059 
     -6.7894     -6.79141     -6.79745     -6.80752     -6.82161     -6.83972     -6.86184     -6.88795     -6.91806     -6.95213     -6.99014     -7.03207     -7.07787     -7.12749     -7.18087     -7.23793     -7.29858     -7.36269     -7.43013     -7.50071     -7.57424     -7.65045     -7.72906      -7.8097     -7.89198      -7.9754     -8.05941     -8.14339     -8.22663     -8.30834     -8.38769     -8.46379     -8.53579     -8.60288      -8.6644     -8.71994      -8.7694      -8.8131     -8.85185     -8.88693      -8.9201     -8.95344     -8.98941     -9.03056     -9.07953     -9.13891     -9.21107     -9.29811     -9.40176     -9.52322      -9.6632 
    -6.73903     -6.74111     -6.74733      -6.7577     -6.77223     -6.79089      -6.8137     -6.84065     -6.87172     -6.90691      -6.9462     -6.98956     -7.03697     -7.08838     -7.14374     -7.20298     -7.26601     -7.33272     -7.40299     -7.47663     -7.55345     -7.63319     -7.71555     -7.80015     -7.88658     -7.97429     -8.06269     -8.15105     -8.23854     -8.32424      -8.4071     -8.48599     -8.55976     -8.62725     -8.68747     -8.73965     -8.78343       -8.819     -8.84716     -8.86937     -8.88771     -8.90474     -8.92344     -8.94699     -8.97861     -9.02151     -9.07865     -9.15264     -9.24564     -9.35917     -9.49406 
    -6.68036      -6.6825     -6.68891     -6.69959     -6.71455     -6.73378     -6.75729     -6.78507     -6.81713     -6.85346     -6.89405     -6.93888     -6.98795     -7.04121     -7.09863     -7.16015     -7.22569     -7.29517     -7.36846     -7.44541     -7.52581     -7.60943     -7.69597     -7.78505     -7.87623     -7.96896     -8.06257     -8.15627     -8.24913     -8.34005     -8.42776     -8.51085     -8.58779       -8.657     -8.71697     -8.76646     -8.80469     -8.83158     -8.84788     -8.85526     -8.85625       -8.854     -8.85218      -8.8547     -8.86557     -8.88872     -8.92786     -8.98629     -9.06673     -9.17111     -9.30042 
    -6.61315     -6.61535     -6.62194     -6.63293     -6.64832     -6.66811     -6.69232     -6.72094     -6.75399     -6.79147     -6.83337     -6.87971     -6.93046     -6.98562     -7.04516     -7.10905     -7.17722      -7.2496      -7.3261     -7.40657     -7.49084     -7.57869     -7.66984     -7.76392     -7.86049     -7.95899     -8.05872     -8.15885     -8.25834     -8.35594     -8.45016     -8.53926     -8.62128     -8.69406     -8.75542      -8.8034     -8.83655     -8.85432     -8.85736     -8.84759     -8.82814     -8.80295     -8.77661     -8.75394     -8.73986      -8.7392     -8.75664     -8.79633     -8.86182     -8.95558     -9.07883 
    -6.53716     -6.53941     -6.54618     -6.55747     -6.57329     -6.59363     -6.61853     -6.64798     -6.68201     -6.72063     -6.76386      -6.8117     -6.86416     -6.92124     -6.98295     -7.04925     -7.12013     -7.19554     -7.27538     -7.35958     -7.44797     -7.54038     -7.63654     -7.73612     -7.83872     -7.94377      -8.0506     -8.15833     -8.26586     -8.37184     -8.47455     -8.57195     -8.66155      -8.7405     -8.80572     -8.85415     -8.88327     -8.89175     -8.87995     -8.85018     -8.80643     -8.75378     -8.69801     -8.64505     -8.60087      -8.5714     -8.56242     -8.57931     -8.62678     -8.70813     -8.82491 
    -6.45214     -6.45445     -6.46139     -6.47297      -6.4892     -6.51009     -6.53565     -6.56592     -6.60091     -6.64065     -6.68517      -6.7345     -6.78866     -6.84767     -6.91155     -6.98031     -7.05395     -7.13245     -7.21576     -7.30384     -7.39656      -7.4938     -7.59534      -7.7009     -7.81012     -7.92251      -8.0374     -8.15395     -8.27107     -8.38731     -8.50085     -8.60932     -8.70975     -8.79847      -8.8712     -8.92327     -8.95042     -8.94985     -8.92139     -8.86793     -8.79493     -8.70914     -8.61795     -8.52855     -8.44805     -8.38352     -8.34213     -8.33087     -8.35621      -8.4229     -8.53301 
    -6.35787     -6.36023     -6.36734      -6.3792     -6.39581     -6.41721     -6.44342     -6.47447     -6.51038     -6.55121     -6.59699     -6.64777     -6.70359      -6.7645     -6.83054     -6.90175     -6.97815     -7.05977     -7.14662     -7.23867     -7.33588     -7.43817     -7.54539     -7.65733     -7.77372     -7.89414     -8.01803     -8.14462     -8.27288     -8.40142     -8.52837     -8.65121     -8.76654     -8.86989     -8.95549     -9.01639     -9.04535     -9.03679     -8.98938     -8.90716     -8.79826     -8.67215     -8.53826     -8.40517     -8.28097     -8.17376     -8.09219     -8.04545     -8.04289     -8.09191     -8.19566 
    -6.25412     -6.25654      -6.2638     -6.27591      -6.2929     -6.31478     -6.34159     -6.37336     -6.41015     -6.45201     -6.49899     -6.55116     -6.60858     -6.67132     -6.73946     -6.81306     -6.89219     -6.97692      -7.0673     -7.16336     -7.26513      -7.3726      -7.4857     -7.60434     -7.72833     -7.85738     -7.99108     -8.12882     -8.26973     -8.41259     -8.55568     -8.69653     -8.83163     -8.95592     -9.06216     -9.14037     -9.17823     -9.16435     -9.09463     -8.97587     -8.82168     -8.64605     -8.46094     -8.27597     -8.09968     -7.94069     -7.80888     -7.71619     -7.67678     -7.70364     -7.80251 
    -6.14071     -6.14317     -6.15057     -6.16292     -6.18023     -6.20255      -6.2299     -6.26235     -6.29994     -6.34275     -6.39085     -6.44431     -6.50323     -6.56771     -6.63785     -6.71374     -6.79551     -6.88326     -6.97711     -7.07714     -7.18345     -7.29613      -7.4152      -7.5407     -7.67257     -7.81068     -7.95483     -8.10462     -8.25947     -8.41847     -8.58028     -8.74285     -8.90305     -9.05594     -9.19358     -9.30295     -9.36371     -9.35102     -9.25268     -9.08362     -8.87026     -8.63358     -8.38775     -8.14236     -7.90518     -7.68416     -7.48934     -7.33514     -7.24333     -7.23996     -7.33864 
    -6.01744     -6.01994     -6.02746     -6.04001     -6.05761     -6.08031     -6.10815     -6.14119      -6.1795     -6.22316     -6.27226      -6.3269      -6.3872     -6.45327     -6.52526     -6.60331     -6.68756     -6.77818     -6.87534      -6.9792     -7.08994     -7.20773     -7.33272     -7.46508     -7.60491     -7.75229     -7.90723     -8.06966     -8.23935     -8.41588     -8.59852     -8.78602     -8.97633     -9.16589     -9.34819     -9.51021     -9.62355     -9.63108     -9.48668     -9.23943     -8.94658     -8.63564     -8.31984     -8.00621     -7.70006     -7.40684     -7.13429     -6.89589     -6.72089     -6.66704     -6.78165 
    -5.88416     -5.88669     -5.89431     -5.90703     -5.92487     -5.94789     -5.97613     -6.00967     -6.04859     -6.09297     -6.14294     -6.19861     -6.26012     -6.32762     -6.40127     -6.48126     -6.56778     -6.66104     -6.76128     -6.86873     -6.98366     -7.10633     -7.23704     -7.37606     -7.52371     -7.68026     -7.84602     -8.02125     -8.20616     -8.40091     -8.60558     -8.82004     -9.04394     -9.27642     -9.51558     -9.75654     -9.98207     -10.1002     -9.81114     -9.42925      -9.0463     -8.66306     -8.27001     -7.86996      -7.4763     -7.10261     -6.75283     -6.41683     -6.09806     -5.88984     -6.10531 
    -5.74073     -5.74329     -5.75098     -5.76383     -5.78185     -5.80511     -5.83367      -5.8676       -5.907     -5.95198     -6.00265     -6.05917     -6.12169     -6.19039     -6.26546     -6.34713     -6.43564     -6.53125     -6.63424     -6.74495      -6.8637     -6.99088      -7.1269      -7.2722     -7.42725     -7.59259     -7.76879     -7.95647     -8.15632     -8.36912      -8.5958     -8.83747     -9.09567     -9.37271     -9.67271     -10.0047     -10.3936     -10.9435     -9.88411     -8.94909     -9.15041     -9.37788     -8.53454     -7.73227     -6.93552     -6.10873     -6.36277     -6.60318     -5.71785     -4.72003     -5.34781 
    -5.58706     -5.58964     -5.59738      -5.6103     -5.62845     -5.65187     -5.68064     -5.71484     -5.75458     -5.79997     -5.85117     -5.90832     -5.97162     -6.04125     -6.11747      -6.2005     -6.29065     -6.38823     -6.49358     -6.60708     -6.72918     -6.86035     -7.00111     -7.15206     -7.31386     -7.48725      -7.6731     -7.87236     -8.08619     -8.31593     -8.56329     -8.83046     -9.12049       -9.438     -9.79067     -10.1934     -10.6814     -11.3603     -10.1186     -9.05897       -9.205     -9.39121     -8.47075     -7.56441     -6.66228     -5.75454      -5.9617     -6.13852     -5.11861     -3.92674     -4.67136 
     -5.4231     -5.42568     -5.43343     -5.44639     -5.46458     -5.48807     -5.51693     -5.55126     -5.59118     -5.63681     -5.68831     -5.74587     -5.80967     -5.87995     -5.95697     -6.04101     -6.13239     -6.23148     -6.33868     -6.45445     -6.57928     -6.71376     -6.85852     -7.01429     -7.18191     -7.36232     -7.55662      -7.7661     -7.99228       -8.237     -8.50255     -8.79187     -9.10888     -9.45907     -9.85034     -10.2934     -10.7956     -11.2959     -10.3787     -9.46915     -9.19003     -8.94983     -8.15499     -7.36073     -6.56947     -5.78386     -5.56007     -5.30445      -4.4282      -3.5575     -4.11934 
    -5.24881     -5.25138     -5.25912     -5.27205     -5.29021     -5.31366      -5.3425     -5.37681     -5.41673     -5.46239     -5.51397     -5.57166     -5.63567     -5.70626     -5.78371     -5.86833     -5.96048     -6.06057     -6.16905     -6.28643     -6.41328     -6.55026     -6.69811     -6.85768     -7.02995     -7.21604     -7.41726     -7.63514     -7.87152     -8.12858       -8.409      -8.7161     -9.05412     -9.42848     -9.84621     -10.3159     -10.8466      -11.464     -10.2706      -9.1287     -9.12448      -9.1581     -8.12862      -7.1418     -6.15725     -5.13465      -5.1794     -5.19306     -4.07615     -2.91809      -3.5852 
    -5.06422     -5.06678     -5.07446      -5.0873     -5.10535     -5.12866     -5.15733     -5.19146     -5.23119     -5.27666     -5.32807      -5.3856      -5.4495     -5.52003      -5.5975     -5.68224     -5.77465     -5.87516     -5.98427     -6.10253     -6.23057     -6.36913     -6.51902      -6.6812     -6.85675     -7.04693     -7.25323     -7.47737     -7.72138     -7.98768     -8.27916     -8.59928      -8.9522      -9.3429     -9.77727     -10.2628      -10.815     -11.5029     -10.1897     -9.00289      -9.0005      -9.0336     -7.96012     -6.90014     -5.84136     -4.77167     -4.81143     -4.82069     -3.65104     -2.36236     -3.08729 
     -4.8694     -4.87193     -4.87953     -4.89222     -4.91006     -4.93311     -4.96147     -4.99526     -5.03459     -5.07964     -5.13059     -5.18767      -5.2511     -5.32118     -5.39823      -5.4826     -5.57471     -5.67501     -5.78404     -5.90238     -6.03073     -6.16984     -6.32061     -6.48405     -6.66134     -6.85385     -7.06317     -7.29113     -7.53993     -7.81211     -8.11063     -8.43897     -8.80109      -9.2014     -9.64444     -10.1336     -10.6633     -11.1568     -10.1906     -9.19714     -8.81351     -8.45895     -7.54527     -6.62931     -5.71349     -4.80057      -4.4487     -4.06995     -3.08684      -2.1398     -2.66261 
    -4.66447     -4.66696     -4.67443     -4.68691     -4.70445     -4.72713     -4.75503     -4.78828     -4.82701     -4.87139     -4.92162      -4.9779     -5.04051     -5.10973     -5.18589     -5.26936     -5.36057        -5.46      -5.5682     -5.68578     -5.81345     -5.95202     -6.10241     -6.26569     -6.44308       -6.636     -6.84611     -7.07533     -7.32592     -7.60046     -7.90197     -8.23387     -8.59997     -9.00434       -9.451     -9.94343     -10.4834     -11.0896     -9.86113     -8.66304     -8.58758     -8.54071     -7.42531     -6.34896     -5.27209     -4.15524     -4.10574     -4.02899     -2.83127     -1.60765      -2.2262 
    -4.44961     -4.45204     -4.45934     -4.47154     -4.48869     -4.51087     -4.53816     -4.57069      -4.6086     -4.65206     -4.70126     -4.75643     -4.81783     -4.88576     -4.96055     -5.04258     -5.13228     -5.23015     -5.33673     -5.45266     -5.57866     -5.71554     -5.86425     -6.02586     -6.20162     -6.39296     -6.60157     -6.82938     -7.07866     -7.35202     -7.65247     -7.98341      -8.3486     -8.75203     -9.19775     -9.69041     -10.2422     -10.9187     -9.58191      -8.3602     -8.31395     -8.29685     -7.16875     -6.05081     -4.93129     -3.79858     -3.77404     -3.71937     -2.48828     -1.14218     -1.81329 
    -4.22504      -4.2274     -4.23449     -4.24634       -4.263     -4.28455     -4.31108      -4.3427     -4.37957     -4.42185     -4.46973     -4.52345     -4.58326     -4.64946     -4.72238     -4.80242     -4.88999     -4.98558     -5.08976     -5.20314     -5.32644     -5.46048     -5.60617      -5.7646     -5.93698     -6.12474     -6.32951     -6.55322     -6.79808      -7.0667     -7.36204     -7.68754     -8.04703     -8.44462     -8.88437     -9.36896     -9.89198     -10.3759     -9.39696     -8.38743     -7.98471     -7.60839     -6.67044     -5.72766     -4.78225     -3.83666     -3.44872     -3.03017     -2.00307     -1.00692     -1.47379 
    -3.99104     -3.99331     -4.00015     -4.01159     -4.02766     -4.04846     -4.07406     -4.10459     -4.14019     -4.18103      -4.2273     -4.27922     -4.33706     -4.40109     -4.47167     -4.54915     -4.63396     -4.72658     -4.82756      -4.9375     -5.05709     -5.18713      -5.3285     -5.48224     -5.64952      -5.8317     -6.03036     -6.24731      -6.4847     -6.74502     -7.03122     -7.34674     -7.69557     -8.08226     -8.51173     -8.98881     -9.51683     -10.1158     -8.88537     -7.68974     -7.61967     -7.57936     -6.47015     -5.39841     -4.32346     -3.20465     -3.14769     -3.05576     -1.83241    -0.569791     -1.13329 
    -3.74794     -3.75012     -3.75666     -3.76761     -3.78301     -3.80292     -3.82745      -3.8567     -3.89082     -3.92996     -3.97432     -4.02411     -4.07959     -4.14103     -4.20877     -4.28315      -4.3646     -4.45357     -4.55057     -4.65619     -4.77109     -4.89601      -5.0318     -5.17941     -5.33994     -5.51465     -5.70499     -5.91264     -6.13958     -6.38817     -6.66119     -6.96205     -7.29489     -7.66478       -8.078     -8.54273      -9.0757     -9.74673     -8.41938     -7.22027     -7.20566     -7.22498     -6.13474     -5.05391     -3.96908     -2.86683     -2.86578     -2.82354      -1.5884    -0.216367    -0.836044 
    -3.49613      -3.4982     -3.50441     -3.51481     -3.52943     -3.54834     -3.57164     -3.59943     -3.63184     -3.66904      -3.7112     -3.75854     -3.81129     -3.86973     -3.93416     -4.00493     -4.08241     -4.16706     -4.25935     -4.35982      -4.4691     -4.58786     -4.71687       -4.857     -5.00925     -5.17472     -5.35471     -5.55071     -5.76445     -5.99801     -6.25393     -6.53537     -6.84641     -7.19245     -7.58069     -8.01977     -8.51225     -8.99008     -8.03365     -7.07104     -6.73059     -6.42381     -5.55753     -4.68594     -3.80978     -2.92982     -2.60065     -2.22802     -1.22467    -0.219935    -0.640325 
    -3.23605     -3.23799     -3.24384     -3.25362     -3.26737     -3.28517     -3.30709     -3.33324     -3.36375     -3.39876     -3.43845     -3.48302     -3.53269     -3.58773      -3.6484     -3.71505     -3.78802     -3.86773     -3.95461     -4.04916     -4.15195     -4.26358     -4.38473     -4.51617     -4.65875     -4.81342     -4.98127     -5.16352      -5.3616     -5.57719     -5.81238      -6.0698     -6.35303      -6.6672     -7.02021     -7.42455     -7.89907     -8.48544     -7.29509     -6.18036     -6.21136     -6.27861     -5.27729     -4.31215     -3.34256     -2.32767     -2.37089     -2.36835     -1.20843    0.0383295    -0.481176 
    -2.96819        -2.97     -2.97544     -2.98454     -2.99734     -3.01391     -3.03431     -3.05866     -3.08706     -3.11966     -3.15662     -3.19813     -3.24439     -3.29564     -3.35214      -3.4142     -3.48214     -3.55633     -3.63717      -3.7251     -3.82062     -3.92425     -4.03659     -4.15827        -4.29     -4.43254     -4.58674     -4.75352     -4.93392     -5.12913     -5.34057        -5.57     -5.81986     -6.09387     -6.39854     -6.74772     -7.17886     -7.81306     -6.55855     -5.49689     -5.63537     -5.80566     -4.86086     -3.92186      -2.9785     -2.02043     -2.16753     -2.27339     -1.16659      0.14717    -0.416454 
    -2.69309     -2.69475     -2.69975     -2.70812     -2.71989     -2.73512     -2.75387     -2.77626     -2.80237     -2.83235     -2.86633      -2.9045     -2.94704     -2.99416     -3.04611     -3.10316     -3.16559     -3.23374     -3.30797     -3.38865     -3.47621      -3.5711      -3.6738     -3.78483     -3.90474      -4.0341     -4.17348     -4.32351     -4.48478     -4.65791     -4.84353     -5.04226     -5.25483     -5.48218      -5.7259     -5.98925     -6.27943     -6.60873     -5.85321     -5.13317     -4.99884     -4.87498     -4.19002     -3.50509     -2.81627     -2.11952      -1.9756     -1.81254     -1.05405     -0.24947     -0.51842 
    -2.41133     -2.41284     -2.41737     -2.42495     -2.43561      -2.4494     -2.46639     -2.48667     -2.51033     -2.53748     -2.56827     -2.60284     -2.64137     -2.68405      -2.7311     -2.78275     -2.83926     -2.90091     -2.96802      -3.0409     -3.11992     -3.20543     -3.29784     -3.39751     -3.50486     -3.62025     -3.74403     -3.87649     -4.01781     -4.16803     -4.32698     -4.49409     -4.66824     -4.84725     -5.02683     -5.19732     -5.33212     -5.34396     -5.10193     -4.73968     -4.34154     -3.92905     -3.50837     -3.08183     -2.65205     -2.22163     -1.79318     -1.37186      -0.9802    -0.702143     -0.66723 
    -2.12355     -2.12489     -2.12892     -2.13566     -2.14515     -2.15742     -2.17253     -2.19057     -2.21161     -2.23577     -2.26316     -2.29391     -2.32818     -2.36614     -2.40797     -2.45388     -2.50409     -2.55885      -2.6184     -2.68303     -2.75302     -2.82866     -2.91024     -2.99803     -3.09229     -3.19323     -3.30097     -3.41551     -3.53669     -3.66405     -3.79672      -3.9332     -4.07092     -4.20554     -4.32944     -4.42859      -4.4767     -4.43215     -4.26826     -4.01274     -3.70625     -3.37306     -3.02595     -2.67167     -2.31487     -1.96019     -1.61456      -1.2903     -1.01191    -0.818682    -0.735011 
    -1.83041     -1.83157     -1.83508     -1.84094     -1.84918     -1.85985     -1.87299     -1.88868     -1.90697     -1.92797     -1.95178     -1.97852     -2.00831     -2.04129     -2.07764     -2.11751     -2.16111     -2.20863     -2.26028     -2.31627     -2.37684     -2.44221     -2.51257     -2.58811     -2.66897     -2.75521     -2.84679     -2.94349     -3.04488     -3.15015       -3.258     -3.36633     -3.47188     -3.56954     -3.65137     -3.70516     -3.71368     -3.65828     -3.53034     -3.33929     -3.10376      -2.8402     -2.56039     -2.27235     -1.98239     -1.69685     -1.42376     -1.17448    -0.965093    -0.812677    -0.724169 
     -1.5326     -1.53359     -1.53654     -1.54149     -1.54844     -1.55744     -1.56852     -1.58174     -1.59718     -1.61489     -1.63496     -1.65751     -1.68262     -1.71043     -1.74106     -1.77465     -1.81137     -1.85137     -1.89481     -1.94187     -1.99273     -2.04752      -2.1064     -2.16947     -2.23677     -2.30827     -2.38381     -2.46305     -2.54539     -2.62986     -2.71496     -2.79845     -2.87701     -2.94586     -2.99828     -3.02536     -3.01673     -2.96324     -2.86136     -2.71533     -2.53467     -2.32973     -2.10963      -1.8817     -1.65235     -1.42794     -1.21573     -1.02433    -0.863504    -0.741366     -0.66031 
    -1.23087     -1.23166     -1.23405     -1.23805     -1.24366     -1.25093     -1.25988     -1.27057     -1.28303     -1.29734     -1.31355     -1.33176     -1.35204     -1.37449     -1.39922     -1.42633     -1.45595     -1.48821     -1.52322     -1.56111     -1.60202     -1.64604     -1.69327     -1.74374     -1.79746     -1.85432     -1.91412     -1.97646      -2.0407     -2.10587     -2.17053      -2.2326     -2.28917     -2.33631     -2.36895     -2.38105     -2.36641      -2.3202     -2.24076     -2.13039     -1.99443     -1.83941      -1.6719     -1.49784     -1.32273     -1.15203    -0.991519    -0.847268    -0.725199    -0.629531    -0.561176 
    -0.92596     -0.92656    -0.928365    -0.931382    -0.935626    -0.941118    -0.947884    -0.955957    -0.965376    -0.976186    -0.988439     -1.00219     -1.01751     -1.03447     -1.05315     -1.07362     -1.09598     -1.12031     -1.14671     -1.17527     -1.20607     -1.23918     -1.27465     -1.31249     -1.35267     -1.39507     -1.43949     -1.48554     -1.53267     -1.58004     -1.62641     -1.67012      -1.7089     -1.73983     -1.75938     -1.76368     -1.74904      -1.7128     -1.65416     -1.57446     -1.47686     -1.36547     -1.24477     -1.11912    -0.992722    -0.869741    -0.754365    -0.650649    -0.562197    -0.491322    -0.438393 
    -0.61865    -0.619052    -0.620262    -0.622284    -0.625129     -0.62881    -0.633345    -0.638756    -0.645068    -0.652313    -0.660525    -0.669743    -0.680009    -0.691372    -0.703882    -0.717594    -0.732565    -0.748855    -0.766522    -0.785624    -0.806211    -0.828324    -0.851986    -0.877198    -0.903918    -0.932052     -0.96143    -0.991773     -1.02266     -1.05347     -1.08335     -1.11111     -1.13524     -1.15384     -1.16471     -1.16555     -1.15428     -1.12948     -1.09077     -1.03893    -0.975754    -0.903693    -0.825532    -0.744094    -0.662176    -0.582534    -0.507861    -0.440638    -0.382946    -0.336037    -0.300064 
   -0.309732    -0.309933     -0.31054    -0.311554    -0.312981    -0.314828    -0.317103    -0.319817    -0.322983    -0.326617    -0.330736    -0.335359    -0.340508    -0.346206    -0.352479    -0.359354     -0.36686    -0.375025    -0.383878    -0.393447    -0.403756    -0.414823    -0.426658    -0.439256    -0.452594    -0.466617    -0.481232    -0.496289    -0.511565    -0.526735    -0.541354    -0.554823    -0.566377    -0.575087    -0.579904    -0.579759    -0.573713    -0.561143    -0.541893    -0.516327    -0.485278    -0.449885    -0.411485    -0.371462    -0.331203    -0.292072    -0.255382    -0.222311    -0.193815    -0.170451    -0.152276 
-6.25546e-06 -6.25546e-06 -6.25546e-06 -6.25545e-06 -6.25544e-06 -6.25542e-06  -6.2554e-06 -6.25538e-06 -6.25535e-06 -6.25532e-06 -6.25529e-06 -6.25525e-06 -6.25521e-06 -6.25516e-06 -6.25511e-06 -6.25506e-06 -6.25501e-06 -6.25495e-06 -6.25489e-06 -6.25482e-06 -6.25475e-06 -6.25468e-06  -6.2546e-06 -6.25452e-06 -6.25444e-06 -6.25435e-06 -6.25426e-06 -6.25416e-06 -6.25407e-06 -6.25396e-06 -6.25386e-06 -6.25375e-06 -6.25364e-06 -6.25352e-06  -6.2534e-06 -6.25328e-06 -6.25315e-06 -6.25302e-06 -6.25289e-06 -6.25275e-06 -6.25261e-06 -6.25246e-06 -6.25232e-06 -6.25217e-06 -6.25201e-06 -6.25185e-06 -6.25169e-06 -6.25152e-06 -6.25135e-06 -6.25118e-06   -6.251e-06 
Br
           0     -0.15498    -0.310264    -0.466157    -0.622966    -0.781006    -0.940595     -1.10206     -1.26575       -1.432     -1.60118     -1.77366     -1.94985     -2.13017     -2.31503     -2.50491     -2.70027     -2.90163     -3.10952     -3.32447     -3.54707     -3.77789     -4.01754      -4.2666     -4.52565     -4.79522     -5.07578     -5.36765     -5.67101     -5.98576     -6.31142     -6.64705     -6.99105     -7.34107     -7.69382     -8.04509     -8.38979     -8.72217     -9.03623     -9.32621     -9.58672     -9.81452      -10.006     -10.1599     -10.2761     -10.3559     -10.4012     -10.4167     -10.4058      -10.374     -10.3266 
           0    -0.154778    -0.309859    -0.465547    -0.622148    -0.779976    -0.939348     -1.10059     -1.26405     -1.43006     -1.59899     -1.77122     -1.94714     -2.12717     -2.31174     -2.50131     -2.69636     -2.89738     -3.10491      -3.3195     -3.54172     -3.77217     -4.01143     -4.26011     -4.51881     -4.78806     -5.06835     -5.36006     -5.66339     -5.97829     -6.30437     -6.64076     -6.98595     -7.33765     -7.69262     -8.04662     -8.39443     -8.73013     -9.04747     -9.34041     -9.60337     -9.83303     -10.0256       -10.18      -10.296     -10.3749     -10.4187     -10.4321     -10.4188     -10.3844     -10.3345 
           0    -0.154173    -0.308646     -0.46372    -0.619699    -0.776892    -0.935615     -1.09619     -1.25896     -1.42426     -1.59245     -1.76391     -1.93903     -2.11821      -2.3019     -2.49055     -2.68463     -2.88464     -3.09112     -3.30461     -3.52571       -3.755      -3.9931     -4.24064     -4.49824     -4.76651     -5.04598     -5.33714     -5.64031     -5.95561     -6.28286     -6.62143     -6.97009     -7.32677      -7.6884     -8.05068     -8.40807       -8.754     -9.08142     -9.38348     -9.65392     -9.88921     -10.0853     -10.2411     -10.3564     -10.4326     -10.4717     -10.4788     -10.4579     -10.4154     -10.3578 
           0     -0.15317    -0.306634    -0.460689    -0.615635    -0.771775    -0.929421     -1.08889     -1.25051     -1.41463     -1.58159     -1.75177     -1.92555     -2.10334     -2.28557     -2.47267     -2.66514     -2.86347     -3.06819     -3.27985     -3.49906     -3.72641     -3.96255     -4.20815     -4.46387      -4.7304      -5.0084     -5.29849     -5.60119     -5.91691      -6.2458     -6.58767     -6.94178     -7.30656     -7.67928     -8.05569     -8.42972     -8.79365     -9.13883     -9.45684     -9.74021      -9.9851     -10.1871     -10.3452     -10.4594      -10.531     -10.5621     -10.5583      -10.524      -10.467     -10.3955 
           0    -0.151773    -0.303834    -0.456473    -0.609981    -0.764657    -0.920804     -1.07873     -1.23877     -1.40124     -1.56649     -1.73489     -1.90681     -2.08264     -2.26283     -2.44779     -2.63801     -2.83398     -3.03623     -3.24532     -3.46185     -3.68645     -3.91979     -4.16259     -4.41557     -4.67951     -4.95521     -5.24348     -5.54513     -5.86089     -6.19143     -6.53716     -6.89813     -7.27363     -7.66175     -8.05857     -8.45748     -8.84887      -9.2212     -9.56322     -9.86554     -10.1242     -10.3345     -10.4959     -10.6086     -10.6738     -10.6933     -10.6732     -10.6184     -10.5389     -10.4457 
           0    -0.149993    -0.300266    -0.451098    -0.602775    -0.755584    -0.909821     -1.06579     -1.22379     -1.38416     -1.54723     -1.71336      -1.8829     -2.05625     -2.23382     -2.41603     -2.60337     -2.79631     -2.99538     -3.20115     -3.41421     -3.63522     -3.86488     -4.10394     -4.35321     -4.61356     -4.88594     -5.17138     -5.47098      -5.7859      -6.1174     -6.46671     -6.83495     -7.22285     -7.63006     -8.05397     -8.48785     -8.91924     -9.33121     -9.70726     -10.0351     -10.3117     -10.5324      -10.698      -10.809     -10.8663     -10.8707     -10.8284     -10.7439     -10.6305     -10.5048 
           0    -0.147841    -0.295951      -0.4446    -0.594062    -0.744615    -0.896541     -1.05013     -1.20569     -1.36352     -1.52395     -1.68732     -1.85398     -2.02431     -2.19871      -2.3776     -2.56142     -2.75067     -2.94585     -3.14754     -3.35633     -3.57288     -3.79792     -4.03225     -4.27672     -4.53232     -4.80014     -5.08141     -5.37752     -5.69009       -6.021     -6.37241     -6.74683     -7.14698     -7.57532     -8.03261     -8.51419     -9.00409     -9.47412     -9.89693     -10.2566     -10.5545      -10.787     -10.9573     -11.0669     -11.1158     -11.1024     -11.0322     -10.9059     -10.7413     -10.5663 
           0    -0.145331    -0.290918    -0.437021      -0.5839    -0.731819    -0.881051     -1.03187     -1.18457     -1.33944     -1.49679     -1.65694     -1.82024     -1.98704     -2.15773     -2.33271     -2.51241     -2.69731     -2.88791     -3.08475     -3.28845     -3.49966     -3.71912     -3.94764     -4.18615     -4.43569     -4.69748     -4.97291     -5.26365     -5.57169     -5.89949     -6.25011     -6.62748      -7.0367     -7.48435     -7.97806     -8.52245      -9.1023     -9.66163     -10.1464     -10.5405     -10.8612     -11.1048       -11.28     -11.3891     -11.4313     -11.3996     -11.2996     -11.1167     -10.8703     -10.6163 
           0    -0.142478      -0.2852    -0.428408    -0.572352     -0.71728     -0.86345     -1.01112     -1.16057     -1.31207     -1.46592     -1.62242     -1.78189     -1.94468     -2.11114     -2.28166     -2.45665     -2.63656     -2.82188     -3.01314     -3.21093      -3.4159     -3.62877     -3.85038     -4.08168     -4.32374     -4.57785     -4.84552     -5.12859     -5.42933     -5.75057     -6.09605     -6.47077      -6.8818      -7.3398     -7.86195     -8.47676     -9.21115     -9.92462     -10.4814     -10.8958     -11.2414     -11.4908     -11.6693     -11.7808      -11.823     -11.7721     -11.6576     -11.4087     -11.0158     -10.6201 
           0    -0.139302    -0.278832    -0.418819    -0.559494    -0.701092    -0.843853    -0.988022     -1.13385      -1.2816     -1.43155     -1.58398     -1.73919     -1.89749     -2.05923     -2.22476     -2.39448      -2.5688     -2.74818     -2.93313     -3.12421     -3.32204     -3.52734     -3.74092      -3.9637     -4.19678     -4.44146     -4.69927     -4.97211     -5.26234     -5.57296     -5.90787     -6.27242     -6.67423     -7.12517     -7.64627     -8.28453     -9.20512     -10.1534     -10.9316     -11.2041     -11.6992     -11.7541      -11.884     -12.0502     -12.2936     -12.1024     -12.1392     -11.6764     -11.0554     -10.4879 
           0    -0.135822    -0.271855    -0.408312    -0.545407    -0.683358    -0.822386    -0.962717     -1.10459     -1.24823     -1.39391     -1.54188     -1.69241      -1.8458     -2.00236     -2.16241     -2.32632     -2.49447     -2.66729     -2.84524     -3.02884     -3.21869     -3.41544     -3.61987     -3.83286     -4.05546     -4.28891      -4.5347     -4.79467     -5.07106     -5.36674     -5.68534     -6.03167     -6.41219     -6.83584     -7.31522     -7.86747     -8.50554     -9.12653     -9.63077     -10.0218     -10.3504     -10.5961     -10.7787     -10.9016     -10.9634     -10.9463     -10.8733     -10.6969     -10.4184     -10.1422 
           0     -0.13206    -0.264314    -0.396957    -0.530183    -0.664192    -0.799187    -0.935373     -1.07296     -1.21218     -1.35324     -1.49639     -1.64187     -1.78995      -1.9409     -2.09503     -2.25264     -2.41409     -2.57976     -2.75007     -2.92549     -3.10654     -3.29383     -3.48806     -3.69003     -3.90071     -4.12121     -4.35291     -4.59745     -4.85684     -5.13354     -5.43061     -5.75175     -6.10141     -6.48436     -6.90336     -7.34629     -7.70904     -8.04236      -8.4033     -8.79233     -9.05033     -9.32909     -9.52998     -9.64414     -9.68225     -9.74519     -9.68467     -9.66412     -9.68736     -9.69504 
           0    -0.128041    -0.256257    -0.384823    -0.513917    -0.643716    -0.774404    -0.906165     -1.03919     -1.17367     -1.30981     -1.44782     -1.58791     -1.73032     -1.87529     -2.02308     -2.17396     -2.32824     -2.48625     -2.64834     -2.81492     -2.98645     -3.16345     -3.34652     -3.53636     -3.73379     -3.93979     -4.15551     -4.38234     -4.62194     -4.87628     -5.14764     -5.43858     -5.75171     -6.08915     -6.45174     -6.84185      -7.3307     -7.85134     -8.39144     -8.57206       -8.971     -9.01226     -9.14938     -9.33516     -9.61951     -9.55307     -9.71281     -9.52203     -9.36381     -9.25811 
           0    -0.123788    -0.247732    -0.371987     -0.49671    -0.622059    -0.748195    -0.875281     -1.00348     -1.13297     -1.26391     -1.39649      -1.5309     -1.66733     -1.80599     -1.94709     -2.09086     -2.23755     -2.38743     -2.54081       -2.698     -2.85938     -3.02537     -3.19646      -3.3732     -3.55626     -3.74641     -3.94456     -4.15179     -4.36937     -4.59872     -4.84143     -5.09906     -5.37291      -5.6635     -5.97003     -6.29238     -6.64303     -6.98645     -7.28778     -7.55259     -7.79792     -8.00648     -8.18614     -8.33872      -8.4649     -8.55938     -8.64221     -8.69926     -8.72806     -8.76756 
           0    -0.119329    -0.238793    -0.358527     -0.47867    -0.599356    -0.720724    -0.842914    -0.966067     -1.09033     -1.21584     -1.34275     -1.47122     -1.60141     -1.73347     -1.86758     -2.00392     -2.14269     -2.28409     -2.42834     -2.57569     -2.72641     -2.88081     -3.03925     -3.20212      -3.3699     -3.54314     -3.72247     -3.90866     -4.10255     -4.30508     -4.51723     -4.73986     -4.97351     -5.21785      -5.4701     -5.71612     -5.86257     -5.98906     -6.18058     -6.44859     -6.62591     -6.86468     -7.06098      -7.2048     -7.30812     -7.47716     -7.56306     -7.73676     -7.99032     -8.23707 
           0    -0.114689    -0.229492    -0.344526    -0.459904    -0.575743    -0.692159    -0.809266    -0.927181     -1.04602      -1.1659     -1.28695     -1.40927     -1.53299     -1.65824     -1.78513      -1.9138     -2.04438     -2.17701     -2.31183       -2.449     -2.58869     -2.73108     -2.87637     -3.02482     -3.17667     -3.33225      -3.4919     -3.65605     -3.82515     -3.99969     -4.18018     -4.36702     -4.56044     -4.76033     -4.96667     -5.18475     -5.49531     -5.84702     -6.24274     -6.31318       -6.636     -6.63726     -6.76851     -6.98197     -7.32785     -7.35842     -7.64806     -7.61956     -7.64597     -7.73264 
           0    -0.109895    -0.219885    -0.330063    -0.440525    -0.551363    -0.662671    -0.774541    -0.887063     -1.00033     -1.11442     -1.22944     -1.34545     -1.46255     -1.58082     -1.70033     -1.82115     -1.94336     -2.06703     -2.19223       -2.319     -2.44742     -2.57754     -2.70942     -2.84311     -2.97867     -3.11616     -3.25565     -3.39721     -3.54092     -3.68688     -3.83517     -3.98587     -4.13907     -4.29484     -4.45367     -4.61959     -4.81279     -5.00803     -5.18056      -5.3438     -5.51706     -5.68608     -5.85843      -6.0357     -6.21815     -6.40005     -6.59763     -6.79364     -6.97721     -7.17728 
           0    -0.104976    -0.210026    -0.315224    -0.420643    -0.526357    -0.632434    -0.738944    -0.845953    -0.953524     -1.06172     -1.17059     -1.28018     -1.39055     -1.50173     -1.61375     -1.72663     -1.84038       -1.955     -2.07048     -2.18677     -2.30385     -2.42162        -2.54     -2.65885     -2.77804     -2.89736     -3.01659     -3.13546     -3.25368     -3.37092      -3.4869     -3.60138     -3.71429     -3.82571     -3.93499     -4.03231     -4.03105     -4.01899     -4.08918     -4.25991     -4.36696     -4.56583     -4.75296     -4.91821      -5.0727     -5.32131     -5.51071     -5.80778     -6.19679     -6.58231 
           0   -0.0999569    -0.199968    -0.300088    -0.400369    -0.500863    -0.601617    -0.702678    -0.804088    -0.905884      -1.0081     -1.11075     -1.21387     -1.31745     -1.42149     -1.52599      -1.6309     -1.73618     -1.84175     -1.94754      -2.0534      -2.1592     -2.26472     -2.36973     -2.47392     -2.57694     -2.67834     -2.77761     -2.87413     -2.96721      -3.0561     -3.14006     -3.21845     -3.29098     -3.35807      -3.4219      -3.4921     -3.65592     -3.86987     -4.14456     -4.11732     -4.36879     -4.32839     -4.44807     -4.67987     -5.07298     -5.17804     -5.56469      -5.6513     -5.80284     -6.01552 
           0   -0.0948654    -0.189766    -0.284737    -0.379811    -0.475019    -0.570388    -0.665943    -0.761701    -0.857675     -0.95387     -1.05028      -1.1469     -1.24368     -1.34061      -1.4376     -1.53459     -1.63147     -1.72811     -1.82433     -1.91994     -2.01467     -2.10822     -2.20019     -2.29013     -2.37747     -2.46154     -2.54153     -2.61649     -2.68531     -2.74675     -2.79949     -2.84229     -2.87425     -2.89541     -2.90793     -2.92005      -2.9591     -3.00893     -3.05374     -3.11416     -3.21206     -3.33627      -3.4942     -3.68708     -3.91422     -4.16865      -4.4619     -4.77241     -5.08018     -5.40329 
           0   -0.0897266     -0.17947    -0.269247    -0.359072    -0.448956    -0.538907    -0.628927    -0.719014    -0.809156    -0.899333    -0.989513     -1.07965     -1.16969     -1.25956     -1.34914     -1.43833     -1.52695     -1.61484     -1.70174     -1.78738     -1.87141     -1.95341     -2.03287     -2.10919     -2.18162     -2.24928     -2.31107     -2.36572      -2.4117     -2.44723     -2.47028      -2.4787     -2.47047     -2.44421     -2.39937     -2.32966     -2.15706     -1.98212     -1.91037     -1.96873     -1.99399     -2.14394     -2.31355     -2.49192     -2.68965     -3.01164     -3.30049     -3.72003     -4.24355     -4.76096 
           0   -0.0845647    -0.169129    -0.253693    -0.338252      -0.4228    -0.507327    -0.591815     -0.67624    -0.760571    -0.844764    -0.928762      -1.0125     -1.09588     -1.17879     -1.26111     -1.34267     -1.42327     -1.50266     -1.58057     -1.65663     -1.73044     -1.80147     -1.86913     -1.93267      -1.9912     -2.04365     -2.08871     -2.12479     -2.14996     -2.16188     -2.15775     -2.13427     -2.08773     -2.01459     -1.91362     -1.79499     -1.75638     -1.77609     -1.88588     -1.73354     -1.89569     -1.80245     -1.90162      -2.1439      -2.5787     -2.75945     -3.25334     -3.48042     -3.79237     -4.16181 
           0   -0.0794025    -0.158789    -0.238143    -0.317444    -0.396669    -0.475791    -0.554775    -0.633578    -0.712149    -0.790423    -0.868323    -0.945755      -1.0226     -1.09873     -1.17398     -1.24814     -1.32099     -1.39223     -1.46155     -1.52852     -1.59268     -1.65345     -1.71014     -1.76192     -1.80778     -1.84651     -1.87662     -1.89629     -1.90327     -1.89474     -1.86717     -1.81603     -1.73554     -1.61839      -1.4566     -1.24884     -1.02985    -0.829763    -0.677346    -0.601497    -0.603989    -0.673601     -0.80876     -1.00855     -1.27353     -1.60468     -2.01206     -2.49176     -3.01192     -3.54291 
           0   -0.0742613    -0.148492    -0.222661    -0.296733    -0.370671    -0.444431    -0.517963    -0.591208    -0.664096    -0.736547    -0.808462    -0.879729    -0.950211     -1.01975     -1.08815      -1.1552     -1.22063     -1.28412      -1.3453     -1.40375     -1.45893     -1.51023      -1.5569     -1.59806     -1.63263     -1.65932     -1.67653     -1.68231     -1.67422     -1.64915     -1.60309     -1.53065     -1.42431     -1.27278       -1.057    -0.736869    -0.196519     0.338384     0.641512       0.7113     0.786755     0.686354     0.539429     0.360423     0.135877    -0.262669    -0.653176     -1.27343     -2.11768     -2.94908 
           0   -0.0691603    -0.138277    -0.207306    -0.276199    -0.344905    -0.413367    -0.481521    -0.549294    -0.616602    -0.683347    -0.749418    -0.814684    -0.878992    -0.942164     -1.00399     -1.06424     -1.12261     -1.17879     -1.23236     -1.28289     -1.32981     -1.37249     -1.41017     -1.44194     -1.46669     -1.48313     -1.48964     -1.48426     -1.46452     -1.42731     -1.36857     -1.28281     -1.16224    -0.994964    -0.760626    -0.419022     0.111947     0.626143     0.920154      1.02538      1.09126      1.02785     0.898988      0.71403     0.464615    0.0878499    -0.325242    -0.922168     -1.72942     -2.53463 
           0   -0.0641168    -0.128179     -0.19213    -0.255911    -0.319459    -0.382706    -0.445575    -0.507981    -0.569829    -0.631009    -0.691396    -0.750847    -0.809197    -0.866256    -0.921804    -0.975586     -1.02731     -1.07662     -1.12313     -1.16636     -1.20578     -1.24073     -1.27047     -1.29409     -1.31054     -1.31854     -1.31657     -1.30276     -1.27483     -1.22992      -1.1644     -1.07352    -0.950924    -0.787889    -0.572585    -0.292362    0.0449687     0.361104     0.580491     0.692784     0.729117     0.683161     0.567191     0.383602     0.131059    -0.201451    -0.605835      -1.1105     -1.70086     -2.29794 
           0   -0.0591461    -0.118228    -0.177179     -0.23593     -0.29441    -0.352539    -0.410232    -0.467393    -0.523919    -0.579688    -0.634569    -0.688409    -0.741034    -0.792246     -0.84182    -0.889495    -0.934971    -0.977905      -1.0179     -1.05449     -1.08715     -1.11525     -1.13808     -1.15478     -1.16438     -1.16569     -1.15733     -1.13767     -1.10473     -1.05613    -0.989004    -0.899866    -0.784604    -0.638721    -0.458642    -0.246068   -0.0173643     0.191833     0.346967     0.431442     0.450956     0.402498     0.291241     0.118713    -0.115255    -0.414284     -0.77337     -1.19563     -1.66151     -2.13454 
           0   -0.0542612     -0.10845    -0.162491    -0.216309    -0.269822    -0.322945    -0.375583    -0.427635    -0.478987    -0.529516     -0.57908    -0.627522    -0.674665    -0.720309    -0.764224    -0.806153      -0.8458    -0.882828    -0.916853    -0.947433    -0.974064    -0.996165     -1.01307     -1.02401     -1.02809      -1.0243     -1.01144    -0.988169      -0.9529     -0.90385    -0.839019    -0.756281    -0.653623    -0.529777    -0.385629    -0.226775   -0.0662998    0.0761232      0.18133     0.236238     0.239255     0.186474    0.0796573   -0.0803397    -0.292811    -0.557815    -0.869468     -1.22397     -1.60611     -1.99531 
           0    -0.049473   -0.0988665      -0.1481     -0.19709     -0.24575    -0.293987    -0.341703    -0.388789    -0.435128    -0.480592    -0.525036    -0.568302    -0.610212    -0.650566    -0.689139    -0.725681    -0.759905    -0.791491    -0.820074    -0.845244    -0.866536    -0.883421    -0.895304    -0.901511     -0.90128    -0.893757    -0.877985    -0.852909    -0.817382    -0.770201    -0.710185     -0.63634    -0.548182     -0.44632    -0.333395    -0.215222    -0.101414   -0.0042651     0.064218    0.0944782    0.0832632    0.0265082   -0.0756328    -0.222691     -0.41349    -0.646464    -0.915706      -1.2161     -1.53641     -1.86345 
           0   -0.0447902    -0.089496    -0.134032    -0.178309    -0.222237    -0.265718    -0.308649     -0.35092    -0.392412    -0.432992    -0.472517    -0.510829    -0.547753    -0.583095    -0.616637    -0.648138    -0.677331    -0.703913    -0.727551    -0.747869    -0.764451    -0.776831    -0.784494     -0.78687    -0.783334    -0.773207    -0.755764    -0.730248    -0.695906    -0.652047     -0.59815    -0.534039    -0.460171     -0.37805    -0.290741    -0.203314    -0.122854   -0.0576745   -0.0158949  -0.00448663   -0.0266543   -0.0860175    -0.183034    -0.317405    -0.487802    -0.692114    -0.925047     -1.18179     -1.45397     -1.73243 
           0   -0.0402198   -0.0803515    -0.120306    -0.159992    -0.199314    -0.238173    -0.276464    -0.314075    -0.350886    -0.386765    -0.421572    -0.455151    -0.487332     -0.51793    -0.546738    -0.573531    -0.598059    -0.620048    -0.639194    -0.655165    -0.667597    -0.676092    -0.680219    -0.679515     -0.67349    -0.661636     -0.64344    -0.618416    -0.586143    -0.546338    -0.498957    -0.444354    -0.383485    -0.318172    -0.251355    -0.187229    -0.131108   -0.0889109    -0.066398   -0.0687106   -0.0985488    -0.158888    -0.250316    -0.372586    -0.524398    -0.703627    -0.905786     -1.12677     -1.36022     -1.59942 
           0   -0.0357666   -0.0714427    -0.106937    -0.142156    -0.177003    -0.211378    -0.245175    -0.278282    -0.310579    -0.341939    -0.372224    -0.401284    -0.428957    -0.455068    -0.479423    -0.501816    -0.522019    -0.539786    -0.554848    -0.566918    -0.575685     -0.58082    -0.581976    -0.578792    -0.570905    -0.557961    -0.539635    -0.515664    -0.485891     -0.45033    -0.409259    -0.363331    -0.313721    -0.262269    -0.211597    -0.165117    -0.126885    -0.101261   -0.0924616    -0.104319    -0.138973    -0.198767    -0.284225    -0.395101    -0.530211    -0.687626    -0.863645     -1.05488     -1.25643     -1.46319 
           0   -0.0314337   -0.0627758   -0.0939339    -0.124814    -0.155318    -0.185348    -0.214796    -0.243554    -0.271504    -0.298522    -0.324475    -0.349222    -0.372609    -0.394473    -0.414638    -0.432915    -0.449099    -0.462975    -0.474311    -0.482862    -0.488373    -0.490579    -0.489212    -0.484006     -0.47471    -0.461102    -0.443014    -0.420359    -0.393175     -0.36168    -0.326343    -0.287966    -0.247772    -0.207482    -0.169354    -0.136154     -0.11102   -0.0972419   -0.0979668    -0.116079    -0.153223    -0.211205    -0.290422    -0.390619    -0.510753    -0.649157     -0.80281    -0.968962     -1.14375     -1.32324 
           0   -0.0272226   -0.0543536   -0.0813005    -0.107969    -0.134264    -0.160086     -0.18533    -0.209891    -0.233654    -0.256501    -0.278305    -0.298933    -0.318243    -0.336085    -0.352298    -0.366713    -0.379152    -0.389427    -0.397343    -0.402697    -0.405286    -0.404904    -0.401354    -0.394454     -0.38405    -0.370029    -0.352344    -0.331041    -0.306294     -0.27845    -0.248078    -0.216027    -0.183478    -0.151975    -0.123433    -0.100093    -0.084413   -0.0789103    -0.085972    -0.107784    -0.145589     -0.20076    -0.273569    -0.363756    -0.470418    -0.592144    -0.726481    -0.871198     -1.02323     -1.17947 
           0   -0.0231336   -0.0461763   -0.0690368   -0.0916223    -0.113838    -0.135587     -0.15677    -0.177281    -0.197012    -0.215851    -0.233679    -0.250371    -0.265797     -0.27982    -0.292296    -0.303078    -0.312009    -0.318932    -0.323685    -0.326105    -0.326035    -0.323323    -0.317835     -0.30946     -0.29812    -0.283792     -0.26652    -0.246444    -0.223825    -0.199081    -0.172822    -0.145884    -0.119356   -0.0945962   -0.0732133   -0.0570254   -0.0479745   -0.0480119    -0.058966   -0.0825034    -0.119554    -0.171155    -0.237475    -0.318255     -0.41272     -0.51969    -0.637169    -0.763348    -0.895776     -1.03196 
           0   -0.0191654   -0.0382416   -0.0571388   -0.0757664    -0.094032    -0.111841    -0.129098    -0.145701    -0.161549    -0.176535    -0.190547    -0.203472     -0.21519    -0.225578    -0.234511    -0.241857    -0.247486    -0.251266    -0.253066     -0.25276    -0.250231    -0.245376    -0.238112    -0.228385    -0.216182    -0.201544    -0.184582    -0.165497    -0.144601    -0.122345   -0.0993365   -0.0763649   -0.0544121   -0.0346523   -0.0184333  -0.00723407  -0.00259954  -0.00605583   -0.0190152   -0.0427561   -0.0779685    -0.125435    -0.185246    -0.257152    -0.340488    -0.434275    -0.536884    -0.646845    -0.762181    -0.880876 
           0   -0.0153161   -0.0305451   -0.0455998   -0.0603919   -0.0748322   -0.0888296    -0.102292    -0.115123    -0.127227    -0.138504    -0.148851    -0.158163    -0.166333    -0.173252    -0.178808    -0.182891    -0.185391    -0.186199    -0.185214    -0.182341      -0.1775    -0.170625    -0.161677    -0.150649    -0.137575    -0.122543    -0.105709   -0.0873116   -0.0676873   -0.0472892   -0.0267009  -0.00664721    0.0120017    0.0282376    0.0409348    0.0488862    0.0508555      0.04564    0.0321413   0.00937259   -0.0231753   -0.0660942    -0.119418    -0.182912    -0.256011    -0.337904    -0.427253    -0.522867     -0.62314    -0.726434 
           0   -0.0115826   -0.0230809   -0.0344103   -0.0454857   -0.0562211   -0.0665294   -0.0763224   -0.0855104    -0.094002    -0.101705    -0.108524    -0.114364     -0.11913    -0.122724    -0.125052    -0.126017    -0.125531    -0.123506    -0.119866    -0.114544    -0.107487   -0.0986645   -0.0880706    -0.075733    -0.061721   -0.0461551   -0.0292185   -0.0111678   0.00765462    0.0268098    0.0457534    0.0638313    0.0802808    0.0942406     0.104771     0.110884     0.111584     0.105918    0.0930259    0.0721406    0.0428877    0.0048176   -0.0420667   -0.0975493    -0.161153    -0.232204    -0.309607     -0.39239    -0.479246    -0.568839 
           0  -0.00796144   -0.0158416   -0.0235591   -0.0310321   -0.0381783   -0.0449147   -0.0511577   -0.0568227   -0.0618245   -0.0660774   -0.0694951   -0.0719914   -0.0734806   -0.0738781   -0.0731017   -0.0710726   -0.0677171   -0.0629687   -0.0567706   -0.0490789   -0.0398663   -0.0291268    -0.016881  -0.00318227    0.0118762    0.0281534    0.0454522    0.0635109    0.0819949      0.10049     0.118498     0.135436     0.150641     0.163378     0.172862     0.178283     0.178836      0.17376     0.162375     0.144082     0.118607    0.0856037    0.0450983  -0.00271627    -0.057438    -0.118511    -0.185035    -0.256221    -0.331001    -0.408284 
           0  -0.00444858  -0.00881918   -0.0130337   -0.0170139   -0.0206812    -0.023957   -0.0267621   -0.0290173   -0.0306434   -0.0315612   -0.0316921   -0.0309584   -0.0292842   -0.0265957    -0.022823   -0.0179008   -0.0117702  -0.00438114   0.00430579    0.0143158    0.0256569    0.0383154    0.0522516    0.0673943    0.0836351     0.100822     0.118755     0.137175     0.155765     0.174141     0.191853     0.208387     0.223167      0.23557     0.244939     0.250607     0.251918     0.248262     0.239098     0.223955     0.202629     0.174853     0.140662     0.100225    0.0538786   0.00207762   -0.0544379    -0.115029    -0.178826    -0.244939 
           0  -0.00103969  -0.00200477  -0.00282061  -0.00341257  -0.00370602  -0.00362638   -0.0030992  -0.00205034 -0.000406183   0.00190607   0.00495798   0.00881929    0.0135573    0.0192358    0.0259143    0.0336463     0.042478    0.0524462    0.0635757    0.0758774    0.0893443     0.103948     0.119637     0.136327     0.153902     0.172208     0.191045     0.210168      0.22928     0.248031     0.266018      0.28279     0.297851     0.310671     0.320699     0.327385     0.330192     0.328625     0.322254       0.3107     0.293814     0.271383     0.243446     0.210145     0.171758     0.128655    0.0814414    0.0306293   -0.0230743   -0.0789475 
           0   0.00226973   0.00461067   0.00709399   0.00979072    0.0127717    0.0161074    0.0198679    0.0241224    0.0289392    0.0343854    0.0405259    0.0474235    0.0551377    0.0637238     0.073232    0.0837062     0.095182     0.107685      0.12123     0.135815     0.151423     0.168017     0.185535     0.203888     0.222958     0.242591     0.262598     0.282746     0.302764     0.322335     0.341103     0.358674     0.374619      0.38849     0.399825     0.408165      0.41307     0.414137     0.411017     0.403407     0.391191     0.374197      0.35246     0.326099     0.295336     0.260467     0.221985     0.180294     0.135964    0.0895755 
           0   0.00548417    0.0110362    0.0167239    0.0226149    0.0287761    0.0352743    0.0421753    0.0495438    0.0574433    0.0659354    0.0750794    0.0849317    0.0955451     0.106968     0.119242     0.132404      0.14648     0.161489     0.177435      0.19431     0.212089     0.230728     0.250161     0.270299     0.291024     0.312189     0.333614     0.355087      0.37636     0.397151     0.417146        0.436     0.453348     0.468807      0.48199     0.492513     0.500013      0.50416     0.504667     0.501286     0.493927     0.482446      0.46687     0.447291     0.423884     0.396882     0.366677     0.333583     0.298052     0.260542 
           0   0.00860807    0.0172808    0.0260828    0.0350782    0.0443307    0.0539033    0.0638579    0.0742551     0.085154    0.0966114     0.108682     0.121416     0.134861     0.149058     0.164046     0.179851     0.196496     0.213991     0.232336     0.251517     0.271504      0.29225      0.31369     0.335734      0.35827      0.38116     0.404238      0.42731     0.450153     0.472517     0.494128     0.514687     0.533881     0.551383     0.566868     0.580016     0.590524     0.598118     0.602561     0.603646     0.601302       0.5954     0.585959     0.573045      0.55679     0.537367     0.515084     0.490177     0.462993     0.433887 
           0    0.0116457     0.023353    0.0351836    0.0471984    0.0594579    0.0720218    0.0849484    0.0982947     0.112116     0.126465     0.141391     0.156941     0.173157     0.190077     0.207732     0.226146     0.245335     0.265306     0.286054     0.307563       0.3298      0.35272     0.376256     0.400325     0.424821     0.449617      0.47456     0.499478     0.524172     0.548423      0.57199     0.594617     0.616034     0.635967     0.654139     0.670281     0.684141     0.695488     0.704126     0.709879     0.712684     0.712426     0.709111      0.70278     0.693525     0.681467     0.666841     0.649809      0.63063     0.609564 
           0     0.014601    0.0292609    0.0440384    0.0589917    0.0741785    0.0896551     0.105477     0.121698      0.13837     0.155541     0.173259     0.191566       0.2105     0.230095     0.250378     0.271371     0.293087     0.315528     0.338689     0.362551     0.387084     0.412241     0.437962     0.464167     0.490761     0.517627      0.54463     0.571616     0.598409     0.624819     0.650637     0.675644      0.69961     0.722301     0.743483     0.762931     0.780432     0.795793     0.808845     0.819438     0.827514     0.832965     0.835785     0.835988     0.833632      0.82879     0.821631     0.812251     0.800831     0.787545 
           0    0.0174777    0.0350118    0.0526584    0.0704733    0.0885114     0.106827     0.125472     0.144497     0.163952     0.183883     0.204332     0.225341     0.246944     0.269173     0.292051     0.315599     0.339826     0.364735      0.39032     0.416562     0.443433      0.47089     0.498877     0.527322     0.556139     0.585225      0.61446     0.643709     0.672819     0.701626      0.72995     0.757605     0.784394     0.810121     0.834588     0.857606     0.878993     0.898587     0.916243     0.931827     0.945287     0.956518     0.965497      0.97222     0.976707      0.97899     0.979177     0.977307     0.973487     0.967812 
           0    0.0202791    0.0406124    0.0610538    0.0816568     0.102474     0.123557     0.144956      0.16672     0.188895     0.211525     0.234651     0.258311     0.282538     0.307361     0.332804     0.358884     0.385611     0.412988     0.441008     0.469656     0.498905     0.528719     0.559046     0.589824     0.620976     0.652414     0.684032     0.715714      0.74733     0.778738     0.809787     0.840317     0.870165     0.899163     0.927147     0.953956     0.979438      1.00345      1.02588      1.04659      1.06554      1.08263      1.09781      1.11107      1.12238      1.13175      1.13923       1.1448       1.1485      1.15035 
           0    0.0230083    0.0460688    0.0692335     0.092554     0.116081     0.139864     0.163952     0.188391     0.213225     0.238498     0.264248     0.290511      0.31732     0.344703     0.372681     0.401273     0.430488     0.460331     0.490796     0.521872     0.553536     0.585756     0.618489     0.651681     0.685267     0.719171     0.753303     0.787565     0.821848     0.856031     0.889989     0.923587      0.95669     0.989158      1.02085      1.05164       1.0814         1.11      1.13734       1.1633      1.18785      1.21087      1.23232      1.25215      1.27032      1.28679      1.30156      1.31456      1.32578      1.33516 
           0    0.0256677    0.0513859    0.0772052     0.103175     0.129345     0.155764     0.182477      0.20953     0.236967     0.264827     0.293151     0.321972     0.351322     0.381228     0.411714     0.442797     0.474488     0.506794     0.539712     0.573234     0.607342     0.642011     0.677205     0.712881     0.748984     0.785451     0.822208     0.859174     0.896259     0.933363     0.970384      1.00721      1.04373      1.07984      1.11541      1.15034      1.18451      1.21784      1.25022      1.28156       1.3118      1.34085      1.36864       1.3951      1.42019      1.44381      1.46593      1.48643      1.50523      1.52222 
           0    0.0282595    0.0565683    0.0849754     0.113529     0.142278     0.171268     0.200546     0.230155     0.260137     0.290533     0.321381     0.352715     0.384566     0.416962     0.449927     0.483479     0.517633     0.552396      0.58777      0.62375     0.660326     0.697477     0.735178     0.773394     0.812081     0.851191     0.890664     0.930436     0.970433      1.01058      1.05079      1.09098      1.13105      1.17093      1.21051      1.24971      1.28844      1.32661      1.36414      1.40096        1.437      1.47216      1.50638      1.53958      1.57167      1.60254      1.63211      1.66023      1.68675      1.71149 
           0    0.0307856    0.0616195    0.0925495     0.123623     0.154888     0.186388     0.218171     0.250278     0.282751     0.315631     0.348955     0.382757     0.417069      0.45192     0.487334     0.523332     0.559931     0.597141     0.634969     0.673415     0.712473     0.752132     0.792373     0.833173     0.874499     0.916314     0.958575      1.00123      1.04423      1.08751      1.13101      1.17467       1.2184      1.26216      1.30586      1.34943      1.39281      1.43593      1.47873      1.52111      1.56304      1.60442      1.64518      1.68522      1.72443      1.76269      1.79987      1.83577      1.87021      1.90294 
           0    0.0332474    0.0665422    0.0999316     0.133462     0.167181     0.201132     0.235361     0.269909      0.30482     0.340132     0.375883     0.412108      0.44884     0.486109     0.523941      0.56236     0.601383     0.641027     0.681301     0.722212      0.76376     0.805941     0.848745     0.892158     0.936161     0.980728      1.02583      1.07143       1.1175      1.16399      1.21085      1.25805      1.30553      1.35325      1.40115      1.44918       1.4973      1.54545      1.59358      1.64163      1.68955      1.73724      1.78464      1.83164      1.87813      1.92394      1.96892      2.01284      2.05546      2.09648 
           0    0.0356459    0.0713387     0.107125     0.143051     0.179163     0.215505     0.252121     0.289056     0.326349     0.364041     0.402171     0.440774     0.479884     0.519533     0.559749     0.600558     0.641982      0.68404     0.726747     0.770115     0.814151     0.858858     0.904237     0.950282     0.996984      1.04433      1.09231       1.1409      1.19008      1.23982       1.2901       1.3409      1.39218      1.44391      1.49607      1.54863      1.60155       1.6548      1.70834      1.76212       1.8161      1.87021      1.92437      1.97847      2.03238      2.08594      2.13896      2.19118      2.24231      2.29198 
           0     0.037982    0.0760104     0.114132     0.152392     0.190836      0.22951     0.268457     0.307721     0.347342     0.387363     0.427822     0.468755       0.5102     0.552188      0.59475     0.637916     0.681712     0.726159     0.771279     0.817089     0.863603     0.910831     0.958783      1.00746      1.05688      1.10702      1.15789      1.20948       1.2618      1.31482      1.36855      1.42298      1.47809      1.53387      1.59033      1.64744       1.7052      1.76359      1.82259      1.88216      1.94229       2.0029      2.06392      2.12526      2.18679      2.24832      2.30965      2.37048      2.43049      2.48927 
           0     0.040256    0.0805583     0.120953     0.161486     0.202204      0.24315      0.28437     0.325906     0.367801     0.410097     0.452833     0.496049     0.539781     0.584065     0.628934      0.67442     0.720552     0.767359     0.814865     0.863093     0.912065     0.961799      1.01231      1.06362      1.11573      1.16867      1.22243      1.27704      1.33249       1.3888      1.44599      1.50405        1.563      1.62284       1.6836      1.74529       1.8079      1.87145      1.93593      2.00134      2.06766      2.13485      2.20285      2.27157      2.34089      2.41062      2.48055      2.55036       2.6197       2.6881 
           0    0.0424681    0.0849826      0.12759     0.170335     0.213265     0.256425     0.299858      0.34361     0.387723      0.43224     0.477202     0.522649      0.56862     0.615153     0.662284     0.710048     0.758478     0.807608     0.857465     0.908081     0.959483       1.0117      1.06475      1.11866      1.17346      1.22917      1.28581       1.3434      1.40198      1.46157      1.52219      1.58387      1.64664      1.71053      1.77558      1.84182      1.90927      1.97798      2.04795      2.11921      2.19176      2.26559      2.34065      2.41688      2.49416      2.57233      2.65117      2.73036      2.80952      2.88812 
           0    0.0446185    0.0892834     0.134041     0.178938      0.22402     0.269333     0.314922     0.360831     0.407105     0.453787      0.50092     0.548545     0.596704     0.645436     0.694781     0.744777     0.795461      0.84687     0.899039     0.952003       1.0058      1.06045      1.11601      1.17249      1.22994      1.28839      1.34787      1.40843       1.4701      1.53292      1.59694       1.6622      1.72875      1.79665      1.86595       1.9367      2.00896      2.08278      2.15822      2.23531       2.3141      2.39459      2.47678      2.56063      2.64605      2.73288      2.82095      2.90992      2.99941      3.08887 
           0    0.0467068    0.0934603     0.140307     0.187294     0.234467     0.281873     0.329557     0.377565     0.425941     0.474731     0.523978     0.573726     0.624018     0.674897     0.726404     0.778581     0.831469     0.885109     0.939542     0.994808      1.05095        1.108      1.16601      1.22502      1.28507      1.34622      1.40849      1.47196      1.53666      1.60267      1.67002      1.73881      1.80908      1.88091      1.95438      2.02957      2.10657      2.18545      2.26629      2.34917      2.43417      2.52132      2.61066       2.7022      2.79588      2.89159      2.98918      3.08835      3.18871      3.28973 
           0    0.0487328    0.0975126     0.146387     0.195402     0.244604     0.294042      0.34376     0.393806     0.444225     0.495064     0.546367      0.59818     0.650548     0.703517      0.75713     0.811432      0.86647     0.922286     0.978928      1.03644      1.09487      1.15427      1.21468      1.27615      1.33875      1.40252      1.46753      1.53384      1.60151      1.67061      1.74123      1.81345      1.88734      1.96302      2.04057       2.1201      2.20173      2.28556      2.37171      2.46029      2.55142      2.64518      2.74166       2.8409      2.94293      3.04769      3.15506      3.26482      3.37661      3.48991 
           0     0.050696     0.101439     0.152278     0.203258     0.254428     0.305836     0.357527     0.409549      0.46195     0.514776     0.568074     0.621892     0.676277     0.731275     0.786934     0.843303     0.900429     0.958361      1.01715      1.07685      1.13751      1.19918      1.26192       1.3258      1.39087       1.4572      1.52485      1.59391      1.66446      1.73658      1.81035      1.88589       1.9633       2.0427       2.1242      2.20794      2.29406       2.3827      2.47401      2.56815      2.66529      2.76555      2.86908        2.976      3.08639      3.20028      3.31765      3.43833      3.56206      3.68838 
           0    0.0525959      0.10524     0.157979     0.210862     0.263937      0.31725     0.370851     0.424787     0.479107     0.533858     0.589089     0.644849     0.701187     0.758151     0.815793     0.874163     0.933313     0.993296      1.05417      1.11598      1.17879      1.24267      1.30767      1.37387      1.44132      1.51012      1.58033      1.65205      1.72537      1.80038      1.87719      1.95593      2.03671      2.11967      2.20496      2.29274      2.38318      2.47645      2.57274      2.67225       2.7752      2.88179      2.99222      3.10669      3.22537       3.3484      3.47586      3.60772      3.74383      3.88384 
           0     0.054432     0.108912     0.163489     0.218211     0.273126     0.328282     0.383729     0.439515     0.495689     0.552301       0.6094     0.667036     0.725261     0.784126     0.843684     0.903987     0.965092      1.02705      1.08993      1.15378      1.21868      1.28468      1.35185      1.42028      1.49003      1.56119      1.63385      1.70811      1.78407      1.86184      1.94155      2.02333      2.10732      2.19368      2.28258      2.37419      2.46872      2.56639      2.66742      2.77206      2.88058      2.99323      3.11031      3.23211       3.3589      3.49094      3.62846      3.77159      3.92038      4.07466 
           0    0.0562039     0.112456     0.168806     0.225302     0.281992     0.338927     0.396155     0.453725     0.511688     0.570094     0.628995     0.688441     0.748485     0.809181     0.870583     0.932748     0.995733       1.0596       1.1244      1.19022       1.2571      1.32514      1.39439      1.46494      1.53688       1.6103      1.68529      1.76197      1.84043      1.92082      2.00327      2.08792      2.17493      2.26448      2.35675      2.45197      2.55035      2.65214      2.75762      2.86707      2.98083      3.09921       3.2226      3.35138      3.48594      3.62671      3.77407      3.92839      4.08994      4.25885 
           0    0.0579109     0.115871     0.173928     0.232133     0.290534     0.349181     0.408124     0.467412     0.527097      0.58723     0.647864      0.70905     0.770843     0.833298     0.896472     0.960422      1.02521       1.0909      1.15755      1.22524      1.29403        1.364      1.43523       1.5078      1.58182      1.65737      1.73456      1.81351      1.89433      1.97717      2.06217       2.1495      2.23932      2.33183      2.42724      2.52579      2.62772      2.73333      2.84291       2.9568      3.07539      3.19908      3.32832       3.4636      3.60546      3.75446      3.91122      4.07634      4.25042      4.43399 
           0    0.0595527     0.119155     0.178855     0.238703     0.298749     0.359042     0.419632     0.480571     0.541911     0.603702     0.665998     0.728853     0.792322     0.856462     0.921331     0.986989       1.0535      1.12093      1.18934       1.2588       1.3294       1.4012      1.47431      1.54879      1.62476      1.70231      1.78156      1.86263      1.94565      2.03076      2.11813      2.20792      2.30032      2.39554      2.49382      2.59539      2.70055       2.8096      2.92288      3.04078      3.16374       3.2922      3.42673       3.5679      3.71638      3.87292      4.03834      4.21355      4.39952      4.59727 
           0    0.0611289     0.122307     0.183584      0.24501     0.306633     0.368506     0.430677     0.493199     0.556123     0.619502     0.683389     0.747841     0.812912      0.87866     0.945146      1.01243      1.08058      1.14966      1.21973      1.29088      1.36319      1.43672      1.51158      1.58785      1.66565      1.74506      1.82622      1.90925      1.99429      2.08148      2.17101      2.26304      2.35778      2.45544      2.55628      2.66055      2.76857      2.88067      2.99721      3.11863      3.24539      3.37803      3.51715      3.66345      3.81771      3.98085       4.1539      4.33808      4.53476      4.74554 
           0    0.0626393     0.125328     0.188116     0.251052     0.314187     0.377571     0.441255     0.505291      0.56973     0.634626     0.700033     0.766006     0.832604     0.899883     0.967906      1.03673      1.10643      1.17707      1.24872      1.32146      1.39536      1.47052      1.54701      1.62495      1.70443      1.78557      1.86848       1.9533      2.04017      2.12925      2.22072      2.31475      2.41156      2.51138      2.61446      2.72108      2.83157      2.94628       3.0656      3.18998      3.31995      3.45606        3.599      3.74954      3.90856      4.07712      4.25646      4.44806      4.65369       4.8755 
           0    0.0640839     0.128217     0.192449      0.25683     0.321409     0.386238     0.451366     0.516846     0.582729     0.649071     0.715924     0.783346     0.851392     0.920123       0.9896      1.05989      1.13105      1.20316      1.27628       1.3505       1.4259      1.50256      1.58058      1.66005      1.74108      1.82378      1.90829      1.99472      2.08324        2.174      2.26718      2.36297      2.46158      2.56325      2.66824      2.77685      2.88939      3.00625      3.12783       3.2546       3.3871      3.52594      3.67182      3.82559       3.9882      4.16081      4.34481      4.54187      4.75409      4.98409 
           0    0.0654626     0.130974     0.196585     0.262343       0.3283     0.394505     0.461009     0.527863     0.595121     0.662836     0.731062     0.799856     0.869274     0.939377      1.01023      1.08189      1.15442      1.22791      1.30241      1.37801      1.45479      1.53284      1.61225      1.69312      1.77556      1.85969      1.94562      2.03349      2.12346      2.21569      2.31035      2.40764      2.50777      2.61098      2.71754      2.82775      2.94193      3.06046      3.18375      3.31229      3.44663      3.58739       3.7353      3.89121      4.05613      4.23127      4.41807      4.61834      4.83432      5.06889 
           0    0.0667757       0.1336     0.200523     0.267593      0.33486     0.402373     0.470185     0.538345     0.606907     0.675923     0.745448     0.815538     0.886251     0.957645      1.02978      1.10273      1.17655      1.25131       1.3271      1.40398      1.48203      1.56135      1.64203      1.72417      1.80788      1.89326      1.98046      2.06959      2.16082       2.2543       2.3502      2.44873       2.5501      2.65455      2.76233      2.87375      2.98913      3.10884      3.23331        3.363      3.49846      3.64032      3.78929      3.94623      4.11213      4.28818      4.47585      4.67689      4.89353      5.12864 
           0    0.0680236     0.136096     0.204265      0.27258     0.341091     0.409846     0.478897     0.548293     0.618088     0.688334     0.759084     0.830396     0.902325     0.974931      1.04827      1.12242      1.19743      1.27339      1.35035       1.4284      1.50762       1.5881      1.66992       1.7532      1.83802      1.92452      2.01281      2.10302      2.19531      2.28982      2.38675      2.48627      2.58859      2.69396      2.80262      2.91486      3.03102      3.15143      3.27652      3.40674      3.54262      3.68475      3.83384      3.99069      4.15624      4.33163      4.51822      4.71762      4.93188      5.16353 
           0    0.0692068     0.138462     0.207812     0.277308     0.346996     0.416926     0.487148     0.557713      0.62867     0.700074     0.771977     0.844435     0.917503     0.991241      1.06571      1.14097      1.21709      1.29413      1.37218       1.4513      1.53157      1.61309      1.69593      1.78021      1.86602      1.95347      2.04269      2.13381      2.22696      2.32231      2.42002      2.52027      2.62328      2.72926      2.83846      2.95116      3.06766      3.18831       3.3135      3.44365      3.57926      3.72088      3.86917      4.02487      4.18883      4.36207      4.54577      4.74135      4.95048       5.1752 
           0    0.0703261     0.140699     0.211167     0.281778     0.352578     0.423618     0.494944     0.566609     0.638661     0.711152     0.784135     0.857665     0.931796      1.00659       1.0821      1.15839      1.23552      1.31357       1.3926      1.47268       1.5539      1.63634      1.72009      1.80524      1.89189      1.98015      2.07014      2.16199      2.25582      2.35179      2.45007      2.55082      2.65424      2.76054      2.86996      2.98275      3.09921      3.21965      3.34442      3.47394      3.60864      3.74903      3.89569      4.04927      4.21051      4.38027      4.55953      4.74942       4.9512      5.16633 
           0    0.0713823     0.142811     0.214333     0.285995     0.357843     0.429926     0.502292     0.574989     0.648067     0.721577     0.795569     0.870098     0.945217      1.02098      1.09745      1.17469      1.25275      1.33171      1.41163      1.49258      1.57464       1.6579      1.74243      1.82832      1.91568      2.00461      2.09522      2.18762      2.28196      2.37836      2.47699        2.578      2.68158      2.78793      2.89726      3.00981      3.12585      3.24566      3.36957      3.49792      3.63113      3.76963      3.91392      4.06453      4.22209      4.38728      4.56084       4.7436      4.93642      5.14018 
           0    0.0723767     0.144799     0.217312     0.289963     0.362796     0.435859     0.509199     0.582863       0.6569      0.73136     0.806292     0.881748     0.957782      1.03445       1.1118       1.1899      1.26881      1.34859      1.42931      1.51103      1.59383      1.67779      1.76299      1.84951      1.93745       2.0269      2.11798      2.21079      2.30545       2.4021      2.50088      2.60194      2.70544      2.81158      2.92054      3.03254      3.14781      3.26662      3.38924      3.51599       3.6472      3.78324      3.92451      4.07147      4.22457      4.38432      4.55125      4.72588      4.90871      5.10012 
           0    0.0733103     0.146665     0.220109     0.293687     0.367443     0.441424     0.515674     0.590242     0.665173     0.740516     0.816319     0.892634      0.96951        1.047      1.12516      1.20405      1.28372      1.36424      1.44566      1.52806      1.61151      1.69607      1.78183      1.86886      1.95726      2.04711      2.13851      2.23157      2.32641      2.42313      2.52187      2.62278      2.72599      2.83167      2.94001      3.05117      3.16539      3.28286      3.40384      3.52857      3.65735      3.79046      3.92822      4.07095        4.219       4.3727      4.53237      4.69828       4.8706      5.04936 
           0    0.0741847     0.148413     0.222727     0.297172     0.371791     0.446629     0.521728     0.597136     0.672898     0.749059     0.825669     0.902774     0.980424      1.05867      1.13757      1.21716      1.29752      1.37869      1.46074      1.54373      1.62772      1.71279        1.799      1.88644      1.97518       2.0653       2.1569      2.25008      2.34494      2.44157      2.54011      2.64068       2.7434      2.84843      2.95591        3.066      3.17888      3.29474      3.41376      3.53616      3.66215      3.79196      3.92581      4.06393      4.20652      4.35378      4.50584      4.66276      4.82447      4.99072 
           0    0.0750014     0.150045     0.225172     0.300426     0.375849     0.451484     0.527373     0.603561     0.680091     0.757009      0.83436      0.91219     0.990548      1.06948      1.14904      1.22928      1.31024      1.39199      1.47459      1.55808      1.64253      1.72801      1.81458      1.90232      1.99129      2.08158      2.17326      2.26643      2.36117      2.45758      2.55576      2.65583      2.75789      2.86208       2.9685      3.07731      3.18864      3.30264      3.41946      3.53926       3.6622      3.78843       3.9181      4.05132      4.18822      4.32884      4.47317      4.62111      4.77241      4.92663 
           0     0.075762     0.151565     0.227449     0.303455     0.379625     0.455999      0.53262     0.609529     0.686769     0.764383     0.842414     0.920908     0.999908      1.07946      1.15962      1.24042      1.32193      1.40418      1.48724      1.57116      1.65599       1.7418      1.82864      1.91659       2.0057      2.09604       2.1877      2.28074      2.37524       2.4713        2.569      2.66842      2.76968      2.87286      2.97807      3.08542      3.19501      3.30697       3.4214      3.53841       3.6581      3.78057      3.90587      4.03407      4.16517      4.29912      4.43579      4.57496      4.71625      4.85912 
           0    0.0764685     0.152976     0.229562     0.306267     0.383128     0.460187     0.537483     0.615057      0.69295     0.771201     0.849854     0.928951      1.00853      1.08865      1.16934      1.25065      1.33262      1.41531      1.49877      1.58304      1.66817      1.75423      1.84126      1.92933      2.01849       2.1088      2.20033      2.29314      2.38731       2.4829      2.57999      2.67866      2.77898      2.88103      2.98489      3.09064      3.19837      3.30814      3.42004      3.53413      3.65045      3.76904      3.88992      4.01305      4.13837      4.26575      4.39497      4.52571      4.65754      4.78984 
           0    0.0771226     0.154283     0.231519     0.308868     0.386369     0.464059     0.541977     0.620162     0.698652     0.777486     0.856705     0.936348      1.01646      1.09707      1.17823      1.25998      1.34237      1.42543      1.50922      1.59377      1.67914      1.76538      1.85252      1.94063      2.02976      2.11996      2.21128      2.30378      2.39752      2.49256      2.58895      2.68675      2.78603      2.88685      2.98926      3.09331      3.19907      3.30657      3.41585      3.52693      3.63983      3.75452      3.87097      3.98908      4.10874      4.22974      4.35181      4.47458      4.59756      4.72012 
           0    0.0777264     0.155489     0.233324     0.311268     0.389357     0.467627     0.546116      0.62486     0.703895      0.78326     0.862992     0.943127      1.02371      1.10476      1.18634      1.26848      1.35122      1.43459      1.51865      1.60343      1.68897      1.77531      1.86251       1.9506      2.03963      2.12964      2.22068      2.31279      2.40603      2.50043      2.59604      2.69291      2.79108      2.89059      2.99147      3.09376      3.19748      3.30265      3.40927      3.51732      3.62679      3.73761       3.8497      3.96292       4.0771        4.192       4.3073       4.4226      4.53739      4.65104 
           0    0.0782818     0.156598     0.234984     0.313474     0.392102     0.470905     0.549915     0.629169       0.7087     0.788546      0.86874     0.949318      1.03032      1.11177      1.19371      1.27618      1.35922      1.44285      1.52713      1.61207      1.69773      1.78413      1.87132      1.95933       2.0482      2.13796      2.22866      2.32033        2.413      2.50671      2.60148      2.69736      2.79436       2.8925      2.99181       3.0923      3.19395      3.29677      3.40073      3.50578      3.61187       3.7189      3.82675      3.93525       4.0442      4.15332      4.26227      4.37063      4.47789      4.58344 
           0    0.0787912     0.157615     0.236506     0.315495     0.394617     0.473904      0.55339     0.633107     0.713088     0.793367     0.873976     0.954949      1.03632      1.11812      1.20038      1.28314      1.36642      1.45027       1.5347      1.61977      1.70549       1.7919      1.87903      1.96691      2.05557      2.14504      2.23535      2.32653      2.41859      2.51156      2.60546       2.7003       2.7961      2.89286      2.99057      3.08924      3.18883      3.28932      3.39065      3.49275      3.59555      3.69891      3.80269      3.90669      4.01069      4.11438      4.21742      4.31939      4.41978        4.518 
           0    0.0792564     0.158544     0.237895      0.31734     0.396911     0.476639     0.556556     0.636692     0.717079     0.797747     0.878728     0.960052      1.04175      1.12385      1.20639      1.28938      1.37287      1.45689      1.54145      1.62659      1.71233      1.79871      1.88574      1.97345      2.06187      2.15101      2.24089      2.33153      2.42295      2.51515      2.60815      2.70194      2.79652      2.89189      2.98802      3.08488      3.18244      3.28063      3.37941      3.47866      3.57828      3.67813      3.77803      3.87779      3.97714      4.07578      4.17336      4.26947      4.36362      4.45525 
           0    0.0796796     0.159389     0.239158     0.319017     0.398996     0.479123     0.559429     0.639943     0.720694     0.801711     0.883022     0.964656      1.04664        1.129      1.21177      1.29497      1.37863      1.46277      1.54742       1.6326      1.71833      1.80464      1.89153      1.97904      2.06718      2.15596      2.24539      2.33548      2.42624      2.51766      2.60975      2.70249      2.79586      2.88984      2.98441       3.0795      3.17508      3.27106      3.36736      3.46387      3.56047      3.65699      3.75324      3.84902      3.94404      4.03802       4.1306      4.22137      4.30987       4.3956 
           0     0.080063     0.160154     0.240302     0.320535     0.400882     0.481369     0.562025     0.642878     0.723954     0.805281     0.886884     0.968791      1.05103      1.13362      1.21658      1.29995      1.38374      1.46798      1.55268      1.63787      1.72355      1.80976       1.8965      1.98379      2.07163      2.16003      2.24899      2.33852      2.42861      2.51925      2.61043      2.70213      2.79431      2.88694      2.97998      3.07337      3.16704      3.26089      3.35484      3.44875      3.54249      3.63588      3.72873       3.8208      3.91184      4.00153      4.08954      4.17548      4.25891      4.33936 
           0    0.0804085     0.160844     0.241333     0.321902     0.402579     0.483389     0.564359     0.645513     0.726879      0.80848     0.890341     0.972486      1.05494      1.13772      1.22085      1.30436      1.38825      1.47255      1.55728      1.64245      1.72808      1.81416      1.90073      1.98777       2.0753      2.16331       2.2518      2.34077       2.4302      2.52007      2.61036      2.70104      2.79207       2.8834      2.97498      3.06674      3.15858      3.25042      3.34214      3.43361      3.52468      3.61515      3.70484      3.79351      3.88089      3.96668      4.05055      4.13214      4.21103      4.28677 
           0    0.0807181     0.161462     0.242256     0.323127     0.404098     0.485196     0.566444     0.647867     0.729489     0.811331     0.893418      0.97577      1.05841      1.14135      1.22462      1.30824      1.39221      1.47655      1.56129      1.64642      1.73196      1.81792      1.90429      1.99108      2.07829      2.16592      2.25394      2.34236      2.43114      2.52026       2.6097       2.6994      2.78933      2.87942      2.96961      3.05982      3.14995       3.2399      3.32955      3.41874      3.50733      3.59512       3.6819      3.76745       3.8515      3.93376      4.01392       4.0916      4.16645      4.23804 
           0    0.0809938     0.162012     0.243078     0.324216     0.405449     0.486802     0.568297     0.649956     0.731802     0.813856     0.896138     0.978669      1.06147      1.14455      1.22793      1.31163      1.39566      1.48003      1.56475      1.64983      1.73528      1.82109      1.90727      1.99381      2.08071      2.16795      2.25552       2.3434      2.43156      2.51997      2.60859      2.69737      2.78625      2.87518      2.96407      3.05283      3.14137      3.22956      3.31729      3.40439       3.4907      3.57603      3.66018      3.74291      3.82396      3.90305      3.97987       4.0541      4.12536      4.19329 
           0    0.0812373     0.162497     0.243803     0.325177     0.406641     0.488218     0.569929     0.651796     0.733837     0.816074     0.898525     0.981208      1.06414      1.14734      1.23081      1.31458      1.39864      1.48302      1.56772      1.65274      1.73808      1.82374      1.90973      1.99602      2.08262      2.16949      2.25663        2.344      2.43158      2.51931      2.60717      2.69508        2.783      2.87084      2.95853      3.04596      3.13303      3.21962      3.30558      3.39078      3.47503      3.55814      3.63991      3.72011      3.79848      3.87474      3.94862      4.01978       4.0879      4.15262 
           0    0.0814503     0.162922     0.244438     0.326017     0.407683     0.489455     0.571354     0.653399      0.73561     0.818005       0.9006     0.983412      1.06646      1.14975      1.23329      1.31711       1.4012      1.48558      1.57024      1.65519      1.74043      1.82595      1.91175       1.9978      2.08411      2.17064      2.25737      2.34427       2.4313      2.51841      2.60556      2.69268      2.77971      2.86656      2.95315      3.03937      3.12511      3.21025      3.29463      3.37811      3.46051      3.54165       3.6213      3.69925      3.77525      3.84903      3.92031       3.9888      4.05418      4.11612 
           0    0.0816344     0.163289     0.244986     0.326743     0.408582     0.490522     0.572583     0.654782     0.737137     0.819665     0.902382     0.985303      1.06844      1.15181      1.23541      1.31926      1.40337      1.48774      1.57236      1.65724      1.74238      1.82776      1.91338      1.99921      2.08525      2.17146      2.25782      2.34429      2.43082      2.51737      2.60388      2.69029      2.77651      2.86247      2.94808      3.03321      3.11777      3.20161      3.28459      3.36656      3.44733      3.52672      3.60451      3.68049      3.75442      3.82605      3.89509      3.96127      4.02429      4.08384 
           0     0.081791     0.163602     0.245452      0.32736     0.409346     0.491429     0.573626     0.655954      0.73843     0.821071     0.903889     0.986899      1.07011      1.15354      1.23719      1.32107      1.40518      1.48953      1.57411      1.65893      1.74397      1.82922      1.91468      2.00031      2.08611      2.17203      2.25806      2.34414      2.43023      2.51628      2.60222        2.688      2.77351      2.85869      2.94343      3.02762      3.11114      3.19386      3.27562      3.35626      3.43562       3.5135       3.5897      3.66399      3.73615      3.80592      3.87305      3.93726      3.99828      4.05582 
           0    0.0819213     0.163862     0.245839     0.327873     0.409982     0.492182     0.574492     0.656927     0.739504     0.822236     0.905137      0.98822      1.07149      1.15497      1.23865      1.32255      1.40667        1.491      1.57554      1.66029      1.74524      1.83038      1.91569      2.00115      2.08674      2.17241      2.25815      2.34389       2.4296      2.51522      2.60068       2.6859      2.77082      2.85532      2.93932      3.02271      3.10534       3.1871      3.26782      3.34735      3.42551      3.50212      3.57697      3.64984      3.72051      3.78874      3.85428      3.91686      3.97621      4.03208 
           0    0.0820265     0.164071     0.246152     0.328287     0.410494     0.492789      0.57519     0.657711     0.740367     0.823172     0.906139     0.989279       1.0726      1.15611      1.23982      1.32373      1.40784      1.49216      1.57666      1.66136      1.74624      1.83128      1.91647      2.00178      2.08718      2.17265      2.25814      2.34361        2.429      2.51426      2.59931      2.68408       2.7685      2.85245      2.93584      3.01856      3.10047      3.18143      3.26131      3.33992      3.41711      3.49268      3.56643      3.63815      3.70761      3.77459      3.83883       3.9001      3.95812      4.01264 
           0    0.0821073     0.164232     0.246392     0.328605     0.410887     0.493255     0.575725     0.658312     0.741029      0.82389     0.906907      0.99009      1.07345      1.15699      1.24071      1.32463      1.40874      1.49303      1.57751      1.66217      1.74698      1.83195      1.91704      2.00223      2.08749      2.17279      2.25809      2.34334      2.42848      2.51345      2.59819      2.68261      2.76662      2.85014      2.93306      3.01525      3.09659      3.17695      3.25616      3.33406      3.41049      3.48526      3.55816      3.62898      3.69752      3.76353      3.82678      3.88702      3.94402      3.99751 
           0    0.0821645     0.164346     0.246563      0.32883     0.411166     0.493585     0.576104     0.658737     0.741497     0.824398     0.907449     0.990662      1.07404       1.1576      1.24134      1.32526      1.40937      1.49365      1.57811      1.66273       1.7475       1.8324      1.91742      2.00253      2.08769      2.17287      2.25803      2.34311      2.42807      2.51284      2.59735      2.68151      2.76525      2.84846      2.93103      3.01285      3.09379       3.1737      3.25244      3.32983      3.40572      3.47991      3.55221       3.6224      3.69027      3.75559      3.81814      3.87767      3.93394       3.9867 
           0    0.0821987     0.164414     0.246664     0.328964     0.411332     0.493782      0.57633      0.65899     0.741776       0.8247     0.907772     0.991003       1.0744      1.15797      1.24171      1.32564      1.40974      1.49401      1.57846      1.66306       1.7478      1.83267      1.91765       2.0027       2.0878      2.17291      2.25798      2.34297      2.42782      2.51247      2.59683      2.68085      2.76441      2.84743       2.9298      3.01139      3.09208      3.17173      3.25018      3.32728      3.40284      3.47669      3.54862      3.61843      3.68591      3.75082      3.81295      3.87205      3.92788      3.98022 
           0      0.08221     0.164437     0.246698     0.329009     0.411387     0.493847     0.576405     0.659074     0.741869       0.8248     0.907879     0.991116      1.07452      1.15809      1.24184      1.32576      1.40986      1.49413      1.57857      1.66317       1.7479      1.83276      1.91772      2.00275      2.08783      2.17292      2.25796      2.34292      2.42773      2.51234      2.59666      2.68062      2.76413      2.84709      2.92938       3.0109      3.09151      3.17107      3.24943      3.32642      3.40188      3.47561      3.54742      3.61711      3.68445      3.74923      3.81122      3.87017      3.92587      3.97806 
           0    0.0821987     0.164414     0.246664     0.328964     0.411332     0.493782      0.57633      0.65899     0.741776       0.8247     0.907772     0.991003       1.0744      1.15797      1.24171      1.32564      1.40974      1.49401      1.57846      1.66306       1.7478      1.83267      1.91765       2.0027       2.0878      2.17291      2.25798      2.34297      2.42782      2.51247      2.59683      2.68085      2.76441      2.84743       2.9298      3.01139      3.09208      3.17173      3.25018      3.32728      3.40284      3.47669      3.54862      3.61843      3.68591      3.75082      3.81295      3.87205      3.92788      3.98022 
           0    0.0821645     0.164346     0.246563      0.32883     0.411166     0.493585     0.576104     0.658737     0.741497     0.824398     0.907449     0.990662      1.07404       1.1576      1.24134      1.32526      1.40937      1.49365      1.57811      1.66273       1.7475       1.8324      1.91742      2.00253      2.08769      2.17287      2.25803      2.34311      2.42807      2.51284      2.59735      2.68151      2.76525      2.84846      2.93103      3.01285      3.09379       3.1737      3.25244      3.32983      3.40572      3.47991      3.55221       3.6224      3.69027      3.75559      3.81814      3.87767      3.93394       3.9867 
           0    0.0821073     0.164232     0.246392     0.328605     0.410887     0.493255     0.575725     0.658312     0.741029      0.82389     0.906907      0.99009      1.07345      1.15699      1.24071      1.32463      1.40874      1.49303      1.57751      1.66217      1.74698      1.83195      1.91704      2.00223      2.08749      2.17279      2.25809      2.34334      2.42848      2.51345      2.59819      2.68261      2.76662      2.85014      2.93306      3.01525      3.09659      3.17695      3.25616      3.33406      3.41049      3.48526      3.55816      3.62898      3.69752      3.76353      3.82678      3.88702      3.94402      3.99751 
           0    0.0820265     0.164071     0.246152     0.328287     0.410494     0.492789      0.57519     0.657711     0.740367     0.823172     0.906139     0.989279       1.0726      1.15611      1.23982      1.32373      1.40784      1.49216      1.57666      1.66136      1.74624      1.83128      1.91647      2.00178      2.08718      2.17265      2.25814      2.34361        2.429      2.51426      2.59931      2.68408       2.7685      2.85245      2.93584      3.01856      3.10047      3.18143      3.26131      3.33992      3.41711      3.49268      3.56643      3.63815      3.70761      3.77459      3.83883       3.9001      3.95812      4.01264 
           0    0.0819213     0.163862     0.245839     0.327873     0.409982     0.492182     0.574492     0.656927     0.739504     0.822236     0.905137      0.98822      1.07149      1.15497      1.23865      1.32255      1.40667        1.491      1.57554      1.66029      1.74524      1.83038      1.91569      2.00115      2.08674      2.17241      2.25815      2.34389       2.4296      2.51522      2.60068       2.6859      2.77082      2.85532      2.93932      3.02271      3.10534       3.1871      3.26782      3.34735      3.42551      3.50212      3.57697      3.64984      3.72051      3.78874      3.85428      3.91686      3.97621      4.03208 
           0     0.081791     0.163602     0.245452      0.32736     0.409346     0.491429     0.573626     0.655954      0.73843     0.821071     0.903889     0.986899      1.07011      1.15354      1.23719      1.32107      1.40518      1.48953      1.57411      1.65893      1.74397      1.82922      1.91468      2.00031      2.08611      2.17203      2.25806      2.34414      2.43023      2.51628      2.60222        2.688      2.77351      2.85869      2.94343      3.02762      3.11114      3.19386      3.27562      3.35626      3.43562       3.5135       3.5897      3.66399      3.73615      3.80592      3.87305      3.93726      3.99828      4.05582 
           0    0.0816344     0.163289     0.244986     0.326743     0.408582     0.490522     0.572583     0.654782     0.737137     0.819665     0.902382     0.985303      1.06844      1.15181      1.23541      1.31926      1.40337      1.48774      1.57236      1.65724      1.74238      1.82776      1.91338      1.99921      2.08525      2.17146      2.25782      2.34429      2.43082      2.51737      2.60388      2.69029      2.77651      2.86247      2.94808      3.03321      3.11777      3.20161      3.28459      3.36656      3.44733      3.52672      3.60451      3.68049      3.75442      3.82605      3.89509      3.96127      4.02429      4.08384 
           0    0.0814503     0.162922     0.244438     0.326017     0.407683     0.489455     0.571354     0.653399      0.73561     0.818005       0.9006     0.983412      1.06646      1.14975      1.23329      1.31711       1.4012      1.48558      1.57024      1.65519      1.74043      1.82595      1.91175       1.9978      2.08411      2.17064      2.25737      2.34427       2.4313      2.51841      2.60556      2.69268      2.77971      2.86656      2.95315      3.03937      3.12511      3.21025      3.29463      3.37811      3.46051      3.54165       3.6213      3.69925      3.77525      3.84903      3.92031       3.9888      4.05418      4.11612 
           0    0.0812373     0.162497     0.243803     0.325177     0.406641     0.488218     0.569929     0.651796     0.733837     0.816074     0.898525     0.981208      1.06414      1.14734      1.23081      1.31458      1.39864      1.48302      1.56772      1.65274      1.73808      1.82374      1.90973      1.99602      2.08262      2.16949      2.25663        2.344      2.43158      2.51931      2.60717      2.69508        2.783      2.87084      2.95853      3.04596      3.13303      3.21962      3.30558      3.39078      3.47503      3.55814      3.63991      3.72011      3.79848      3.87474      3.94862      4.01978       4.0879      4.15262 
           0    0.0809938     0.162012     0.243078     0.324216     0.405449     0.486802     0.568297     0.649956     0.731802     0.813856     0.896138     0.978669      1.06147      1.14455      1.22793      1.31163      1.39566      1.48003      1.56475      1.64983      1.73528      1.82109      1.90727      1.99381      2.08071      2.16795      2.25552       2.3434      2.43156      2.51997      2.60859      2.69737      2.78625      2.87518      2.96407      3.05283      3.14137      3.22956      3.31729      3.40439       3.4907      3.57603      3.66018      3.74291      3.82396      3.90305      3.97987       4.0541      4.12536      4.19329 
           0    0.0807181     0.161462     0.242256     0.323127     0.404098     0.485196     0.566444     0.647867     0.729489     0.811331     0.893418      0.97577      1.05841      1.14135      1.22462      1.30824      1.39221      1.47655      1.56129      1.64642      1.73196      1.81792      1.90429      1.99108      2.07829      2.16592      2.25394      2.34236      2.43114      2.52026       2.6097       2.6994      2.78933      2.87942      2.96961      3.05982      3.14995       3.2399      3.32955      3.41874      3.50733      3.59512       3.6819      3.76745       3.8515      3.93376      4.01392       4.0916      4.16645      4.23804 
           0    0.0804085     0.160844     0.241333     0.321902     0.402579     0.483389     0.564359     0.645513     0.726879      0.80848     0.890341     0.972486      1.05494      1.13772      1.22085      1.30436      1.38825      1.47255      1.55728      1.64245      1.72808      1.81416      1.90073      1.98777       2.0753      2.16331       2.2518      2.34077       2.4302      2.52007      2.61036      2.70104      2.79207       2.8834      2.97498      3.06674      3.15858      3.25042      3.34214      3.43361      3.52468      3.61515      3.70484      3.79351      3.88089      3.96668      4.05055      4.13214      4.21103      4.28677 
           0     0.080063     0.160154     0.240302     0.320535     0.400882     0.481369     0.562025     0.642878     0.723954     0.805281     0.886884     0.968791      1.05103      1.13362      1.21658      1.29995      1.38374      1.46798      1.55268      1.63787      1.72355      1.80976       1.8965      1.98379      2.07163      2.16003      2.24899      2.33852      2.42861      2.51925      2.61043      2.70213      2.79431      2.88694      2.97998      3.07337      3.16704      3.26089      3.35484      3.44875      3.54249      3.63588      3.72873       3.8208      3.91184      4.00153      4.08954      4.17548      4.25891      4.33936 
           0    0.0796796     0.159389     0.239158     0.319017     0.398996     0.479123     0.559429     0.639943     0.720694     0.801711     0.883022     0.964656      1.04664        1.129      1.21177      1.29497      1.37863      1.46277      1.54742       1.6326      1.71833      1.80464      1.89153      1.97904      2.06718      2.15596      2.24539      2.33548      2.42624      2.51766      2.60975      2.70249      2.79586      2.88984      2.98441       3.0795      3.17508      3.27106      3.36736      3.46387      3.56047      3.65699      3.75324      3.84902      3.94404      4.03802       4.1306      4.22137      4.30987       4.3956 
           0    0.0792564     0.158544     0.237895      0.31734     0.396911     0.476639     0.556556     0.636692     0.717079     0.797747     0.878728     0.960052      1.04175      1.12385      1.20639      1.28938      1.37287      1.45689      1.54145      1.62659      1.71233      1.79871      1.88574      1.97345      2.06187      2.15101      2.24089      2.33153      2.42295      2.51515      2.60815      2.70194      2.79652      2.89189      2.98802      3.08488      3.18244      3.28063      3.37941      3.47866      3.57828      3.67813      3.77803      3.87779      3.97714      4.07578      4.17336      4.26947      4.36362      4.45525 
           0    0.0787912     0.157615     0.236506     0.315495     0.394617     0.473904      0.55339     0.633107     0.713088     0.793367     0.873976     0.954949      1.03632      1.11812      1.20038      1.28314      1.36642      1.45027       1.5347      1.61977      1.70549       1.7919      1.87903      1.96691      2.05557      2.14504      2.23535      2.32653      2.41859      2.51156      2.60546       2.7003       2.7961      2.89286      2.99057      3.08924      3.18883      3.28932      3.39065      3.49275      3.59555      3.69891      3.80269      3.90669      4.01069      4.11438      4.21742      4.31939      4.41978        4.518 
           0    0.0782818     0.156598     0.234984     0.313474     0.392102     0.470905     0.549915     0.629169       0.7087     0.788546      0.86874     0.949318      1.03032      1.11177      1.19371      1.27618      1.35922      1.44285      1.52713      1.61207      1.69773      1.78413      1.87132      1.95933       2.0482      2.13796      2.22866      2.32033        2.413      2.50671      2.60148      2.69736      2.79436       2.8925      2.99181       3.0923      3.19395      3.29677      3.40073      3.50578      3.61187       3.7189      3.82675      3.93525       4.0442      4.15332      4.26227      4.37063      4.47789      4.58344 
           0    0.0777264     0.155489     0.233324     0.311268     0.389357     0.467627     0.546116      0.62486     0.703895      0.78326     0.862992     0.943127      1.02371      1.10476      1.18634      1.26848      1.35122      1.43459      1.51865      1.60343      1.68897      1.77531      1.86251       1.9506      2.03963      2.12964      2.22068      2.31279      2.40603      2.50043      2.59604      2.69291      2.79108      2.89059      2.99147      3.09376      3.19748      3.30265      3.40927      3.51732      3.62679      3.73761       3.8497      3.96292       4.0771        4.192       4.3073       4.4226      4.53739      4.65104 
           0    0.0771226     0.154283     0.231519     0.308868     0.386369     0.464059     0.541977     0.620162     0.698652     0.777486     0.856705     0.936348      1.01646      1.09707      1.17823      1.25998      1.34237      1.42543      1.50922      1.59377      1.67914      1.76538      1.85252      1.94063      2.02976      2.11996      2.21128      2.30378      2.39752      2.49256      2.58895      2.68675      2.78603      2.88685      2.98926      3.09331      3.19907      3.30657      3.41585      3.52693      3.63983      3.75452      3.87097      3.98908      4.10874      4.22974      4.35181      4.47458      4.59756      4.72012 
           0    0.0764685     0.152976     0.229562     0.306267     0.383128     0.460187     0.537483     0.615057      0.69295     0.771201     0.849854     0.928951      1.00853      1.08865      1.16934      1.25065      1.33262      1.41531      1.49877      1.58304      1.66817      1.75423      1.84126      1.92933      2.01849       2.1088      2.20033      2.29314      2.38731       2.4829      2.57999      2.67866      2.77898      2.88103      2.98489      3.09064      3.19837      3.30814      3.42004      3.53413      3.65045      3.76904      3.88992      4.01305      4.13837      4.26575      4.39497      4.52571      4.65754      4.78984 
           0     0.075762     0.151565     0.227449     0.303455     0.379625     0.455999      0.53262     0.609529     0.686769     0.764383     0.842414     0.920908     0.999908      1.07946      1.15962      1.24042      1.32193      1.40418      1.48724      1.57116      1.65599       1.7418      1.82864      1.91659       2.0057      2.09604       2.1877      2.28074      2.37524       2.4713        2.569      2.66842      2.76968      2.87286      2.97807      3.08542      3.19501      3.30697       3.4214      3.53841       3.6581      3.78057      3.90587      4.03407      4.16517      4.29912      4.43579      4.57496      4.71625      4.85912 
           0    0.0750014     0.150045     0.225172     0.300426     0.375849     0.451484     0.527373     0.603561     0.680091     0.757009      0.83436      0.91219     0.990548      1.06948      1.14904      1.22928      1.31024      1.39199      1.47459      1.55808      1.64253      1.72801      1.81458      1.90232      1.99129      2.08158      2.17326      2.26643      2.36117      2.45758      2.55576      2.65583      2.75789      2.86208       2.9685      3.07731      3.18864      3.30264      3.41946      3.53926       3.6622      3.78843       3.9181      4.05132      4.18822      4.32884      4.47317      4.62111      4.77241      4.92663 
           0    0.0741847     0.148413     0.222727     0.297172     0.371791     0.446629     0.521728     0.597136     0.672898     0.749059     0.825669     0.902774     0.980424      1.05867      1.13757      1.21716      1.29752      1.37869      1.46074      1.54373      1.62772      1.71279        1.799      1.88644      1.97518       2.0653       2.1569      2.25008      2.34494      2.44157      2.54011      2.64068       2.7434      2.84843      2.95591        3.066      3.17888      3.29474      3.41376      3.53616      3.66215      3.79196      3.92581      4.06393      4.20652      4.35378      4.50584      4.66276      4.82447      4.99072 
           0    0.0733103     0.146665     0.220109     0.293687     0.367443     0.441424     0.515674     0.590242     0.665173     0.740516     0.816319     0.892634      0.96951        1.047      1.12516      1.20405      1.28372      1.36424      1.44566      1.52806      1.61151      1.69607      1.78183      1.86886      1.95726      2.04711      2.13851      2.23157      2.32641      2.42313      2.52187      2.62278      2.72599      2.83167      2.94001      3.05117      3.16539      3.28286      3.40384      3.52857      3.65735      3.79046      3.92822      4.07095        4.219       4.3727      4.53237      4.69828       4.8706      5.04936 
           0    0.0723767     0.144799     0.217312     0.289963     0.362796     0.435859     0.509199     0.582863       0.6569      0.73136     0.806292     0.881748     0.957782      1.03445       1.1118       1.1899      1.26881      1.34859      1.42931      1.51103      1.59383      1.67779      1.76299      1.84951      1.93745       2.0269      2.11798      2.21079      2.30545       2.4021      2.50088      2.60194      2.70544      2.81158      2.92054      3.03254      3.14781      3.26662      3.38924      3.51599       3.6472      3.78324      3.92451      4.07147      4.22457      4.38432      4.55125      4.72588      4.90871      5.10012 
           0    0.0713823     0.142811     0.214333     0.285995     0.357843     0.429926     0.502292     0.574989     0.648067     0.721577     0.795569     0.870098     0.945217      1.02098      1.09745      1.17469      1.25275      1.33171      1.41163      1.49258      1.57464       1.6579      1.74243      1.82832      1.91568      2.00461      2.09522      2.18762      2.28196      2.37836      2.47699        2.578      2.68158      2.78793      2.89726      3.00981      3.12585      3.24566      3.36957      3.49792      3.63113      3.76963      3.91392      4.06453      4.22209      4.38728      4.56084       4.7436      4.93642      5.14018 
           0    0.0703261     0.140699     0.211167     0.281778     0.352578     0.423618     0.494944     0.566609     0.638661     0.711152     0.784135     0.857665     0.931796      1.00659       1.0821      1.15839      1.23552      1.31357       1.3926      1.47268       1.5539      1.63634      1.72009      1.80524      1.89189      1.98015      2.07014      2.16199      2.25582      2.35179      2.45007      2.55082      2.65424      2.76054      2.86996      2.98275      3.09921      3.21965      3.34442      3.47394      3.60864      3.74903      3.89569      4.04927      4.21051      4.38027      4.55953      4.74942       4.9512      5.16633 
           0    0.0692068     0.138462     0.207812     0.277308     0.346996     0.416926     0.487148     0.557713      0.62867     0.700074     0.771977     0.844435     0.917503     0.991241      1.06571      1.14097      1.21709      1.29413      1.37218       1.4513      1.53157      1.61309      1.69593      1.78021      1.86602      1.95347      2.04269      2.13381      2.22696      2.32231      2.42002      2.52027      2.62328      2.72926      2.83846      2.95116      3.06766      3.18831       3.3135      3.44365      3.57926      3.72088      3.86917      4.02487      4.18883      4.36207      4.54577      4.74135      4.95048       5.1752 
           0    0.0680236     0.136096     0.204265      0.27258     0.341091     0.409846     0.478897     0.548293     0.618088     0.688334     0.759084     0.830396     0.902325     0.974931      1.04827      1.12242      1.19743      1.27339      1.35035       1.4284      1.50762       1.5881      1.66992       1.7532      1.83802      1.92452      2.01281      2.10302      2.19531      2.28982      2.38675      2.48627      2.58859      2.69396      2.80262      2.91486      3.03102      3.15143      3.27652      3.40674      3.54262      3.68475      3.83384      3.99069      4.15624      4.33163      4.51822      4.71762      4.93188      5.16353 
           0    0.0667757       0.1336     0.200523     0.267593      0.33486     0.402373     0.470185     0.538345     0.606907     0.675923     0.745448     0.815538     0.886251     0.957645      1.02978      1.10273      1.17655      1.25131       1.3271      1.40398      1.48203      1.56135      1.64203      1.72417      1.80788      1.89326      1.98046      2.06959      2.16082       2.2543       2.3502      2.44873       2.5501      2.65455      2.76233      2.87375      2.98913      3.10884      3.23331        3.363      3.49846      3.64032      3.78929      3.94623      4.11213      4.28818      4.47585      4.67689      4.89353      5.12864 
           0    0.0654626     0.130974     0.196585     0.262343       0.3283     0.394505     0.461009     0.527863     0.595121     0.662836     0.731062     0.799856     0.869274     0.939377      1.01023      1.08189      1.15442      1.22791      1.30241      1.37801      1.45479      1.53284      1.61225      1.69312      1.77556      1.85969      1.94562      2.03349      2.12346      2.21569      2.31035      2.40764      2.50777      2.61098      2.71754      2.82775      2.94193      3.06046      3.18375      3.31229      3.44663      3.58739       3.7353      3.89121      4.05613      4.23127      4.41807      4.61834      4.83432      5.06889 
           0    0.0640839     0.128217     0.192449      0.25683     0.321409     0.386238     0.451366     0.516846     0.582729     0.649071     0.715924     0.783346     0.851392     0.920123       0.9896      1.05989      1.13105      1.20316      1.27628       1.3505       1.4259      1.50256      1.58058      1.66005      1.74108      1.82378      1.90829      1.99472      2.08324        2.174      2.26718      2.36297      2.46158      2.56325      2.66824      2.77685      2.88939      3.00625      3.12783       3.2546       3.3871      3.52594      3.67182      3.82559       3.9882      4.16081      4.34481      4.54187      4.75409      4.98409 
           0    0.0626393     0.125328     0.188116     0.251052     0.314187     0.377571     0.441255     0.505291      0.56973     0.634626     0.700033     0.766006     0.832604     0.899883     0.967906      1.03673      1.10643      1.17707      1.24872      1.32146      1.39536      1.47052      1.54701      1.62495      1.70443      1.78557      1.86848       1.9533      2.04017      2.12925      2.22072      2.31475      2.41156      2.51138      2.61446      2.72108      2.83157      2.94628       3.0656      3.18998      3.31995      3.45606        3.599      3.74954      3.90856      4.07712      4.25646      4.44806      4.65369       4.8755 
           0    0.0611289     0.122307     0.183584      0.24501     0.306633     0.368506     0.430677     0.493199     0.556123     0.619502     0.683389     0.747841     0.812912      0.87866     0.945146      1.01243      1.08058      1.14966      1.21973      1.29088      1.36319      1.43672      1.51158      1.58785      1.66565      1.74506      1.82622      1.90925      1.99429      2.08148      2.17101      2.26304      2.35778      2.45544      2.55628      2.66055      2.76857      2.88067      2.99721      3.11863      3.24539      3.37803      3.51715      3.66345      3.81771      3.98085       4.1539      4.33808      4.53476      4.74554 
           0    0.0595527     0.119155     0.178855     0.238703     0.298749     0.359042     0.419632     0.480571     0.541911     0.603702     0.665998     0.728853     0.792322     0.856462     0.921331     0.986989       1.0535      1.12093      1.18934       1.2588       1.3294       1.4012      1.47431      1.54879      1.62476      1.70231      1.78156      1.86263      1.94565      2.03076      2.11813      2.20792      2.30032      2.39554      2.49382      2.59539      2.70055       2.8096      2.92288      3.04078      3.16374       3.2922      3.42673       3.5679      3.71638      3.87292      4.03834      4.21355      4.39952      4.59727 
           0    0.0579109     0.115871     0.173928     0.232133     0.290534     0.349181     0.408124     0.467412     0.527097      0.58723     0.647864      0.70905     0.770843     0.833298     0.896472     0.960422      1.02521       1.0909      1.15755      1.22524      1.29403        1.364      1.43523       1.5078      1.58182      1.65737      1.73456      1.81351      1.89433      1.97717      2.06217       2.1495      2.23932      2.33183      2.42724      2.52579      2.62772      2.73333      2.84291       2.9568      3.07539      3.19908      3.32832       3.4636      3.60546      3.75446      3.91122      4.07634      4.25042      4.43399 
           0    0.0562039     0.112456     0.168806     0.225302     0.281992     0.338927     0.396155     0.453725     0.511688     0.570094     0.628995     0.688441     0.748485     0.809181     0.870583     0.932748     0.995733       1.0596       1.1244      1.19022       1.2571      1.32514      1.39439      1.46494      1.53688       1.6103      1.68529      1.76197      1.84043      1.92082      2.00327      2.08792      2.17493      2.26448      2.35675      2.45197      2.55035      2.65214      2.75762      2.86707      2.98083      3.09921       3.2226      3.35138      3.48594      3.62671      3.77407      3.92839      4.08994      4.25885 
           0     0.054432     0.108912     0.163489     0.218211     0.273126     0.328282     0.383729     0.439515     0.495689     0.552301       0.6094     0.667036     0.725261     0.784126     0.843684     0.903987     0.965092      1.02705      1.08993      1.15378      1.21868      1.28468      1.35185      1.42028      1.49003      1.56119      1.63385      1.70811      1.78407      1.86184      1.94155      2.02333      2.10732      2.19368      2.28258      2.37419      2.46872      2.56639      2.66742      2.77206      2.88058      2.99323      3.11031      3.23211       3.3589      3.49094      3.62846      3.77159      3.92038      4.07466 
           0    0.0525959      0.10524     0.157979     0.210862     0.263937      0.31725     0.370851     0.424787     0.479107     0.533858     0.589089     0.644849     0.701187     0.758151     0.815793     0.874163     0.933313     0.993296      1.05417      1.11598      1.17879      1.24267      1.30767      1.37387      1.44132      1.51012      1.58033      1.65205      1.72537      1.80038      1.87719      1.95593      2.03671      2.11967      2.20496      2.29274      2.38318      2.47645      2.57274      2.67225       2.7752      2.88179      2.99222      3.10669      3.22537       3.3484      3.47586      3.60772      3.74383      3.88384 
           0     0.050696     0.101439     0.152278     0.203258     0.254428     0.305836     0.357527     0.409549      0.46195     0.514776     0.568074     0.621892     0.676277     0.731275     0.786934     0.843303     0.900429     0.958361      1.01715      1.07685      1.13751      1.19918      1.26192       1.3258      1.39087       1.4572      1.52485      1.59391      1.66446      1.73658      1.81035      1.88589       1.9633       2.0427       2.1242      2.20794      2.29406       2.3827      2.47401      2.56815      2.66529      2.76555      2.86908        2.976      3.08639      3.20028      3.31765      3.43833      3.56206      3.68838 
           0    0.0487328    0.0975126     0.146387     0.195402     0.244604     0.294042      0.34376     0.393806     0.444225     0.495064     0.546367      0.59818     0.650548     0.703517      0.75713     0.811432      0.86647     0.922286     0.978928      1.03644      1.09487      1.15427      1.21468      1.27615      1.33875      1.40252      1.46753      1.53384      1.60151      1.67061      1.74123      1.81345      1.88734      1.96302      2.04057       2.1201      2.20173      2.28556      2.37171      2.46029      2.55142      2.64518      2.74166       2.8409      2.94293      3.04769      3.15506      3.26482      3.37661      3.48991 
           0    0.0467068    0.0934603     0.140307     0.187294     0.234467     0.281873     0.329557     0.377565     0.425941     0.474731     0.523978     0.573726     0.624018     0.674897     0.726404     0.778581     0.831469     0.885109     0.939542     0.994808      1.05095        1.108      1.16601      1.22502      1.28507      1.34622      1.40849      1.47196      1.53666      1.60267      1.67002      1.73881      1.80908      1.88091      1.95438      2.02957      2.10657      2.18545      2.26629      2.34917      2.43417      2.52132      2.61066       2.7022      2.79588      2.89159      2.98918      3.08835      3.18871      3.28973 
           0    0.0446185    0.0892834     0.134041     0.178938      0.22402     0.269333     0.314922     0.360831     0.407105     0.453787      0.50092     0.548545     0.596704     0.645436     0.694781     0.744777     0.795461      0.84687     0.899039     0.952003       1.0058      1.06045      1.11601      1.17249      1.22994      1.28839      1.34787      1.40843       1.4701      1.53292      1.59694       1.6622      1.72875      1.79665      1.86595       1.9367      2.00896      2.08278      2.15822      2.23531       2.3141      2.39459      2.47678      2.56063      2.64605      2.73288      2.82095      2.90992      2.99941      3.08887 
           0    0.0424681    0.0849826      0.12759     0.170335     0.213265     0.256425     0.299858      0.34361     0.387723      0.43224     0.477202     0.522649      0.56862     0.615153     0.662284     0.710048     0.758478     0.807607     0.857465     0.908081     0.959483       1.0117      1.06475      1.11866      1.17346      1.22917      1.28581       1.3434      1.40198      1.46157      1.52219      1.58387      1.64664      1.71053      1.77558      1.84182      1.90927      1.97798      2.04795      2.11921      2.19176      2.26559      2.34065      2.41688      2.49416      2.57233      2.65117      2.73036      2.80952      2.88812 
           0     0.040256    0.0805583     0.120953     0.161486     0.202204      0.24315      0.28437     0.325906     0.367801     0.410097     0.452833     0.496049     0.539781     0.584065     0.628934      0.67442     0.720552     0.767359     0.814865     0.863093     0.912065     0.961799      1.01231      1.06362      1.11573      1.16867      1.22243      1.27704      1.33249       1.3888      1.44599      1.50405        1.563      1.62284       1.6836      1.74529       1.8079      1.87145      1.93593      2.00134      2.06766      2.13485      2.20285      2.27157      2.34089      2.41062      2.48055      2.55036       2.6197       2.6881 
           0     0.037982    0.0760104     0.114132     0.152392     0.190836      0.22951     0.268457     0.307721     0.347342     0.387363     0.427822     0.468755       0.5102     0.552188      0.59475     0.637916     0.681712     0.726159     0.771279     0.817089     0.863603     0.910831     0.958783      1.00746      1.05688      1.10702      1.15789      1.20948       1.2618      1.31482      1.36855      1.42298      1.47809      1.53387      1.59033      1.64744       1.7052      1.76359      1.82258      1.88216      1.94229       2.0029      2.06392      2.12526      2.18679      2.24832      2.30965      2.37048      2.43049      2.48927 
           0    0.0356459    0.0713387     0.107125     0.143051     0.179163     0.215505     0.252121     0.289056     0.326349     0.364041     0.402171     0.440774     0.479884     0.519533     0.559749     0.600558     0.641982      0.68404     0.726747     0.770115     0.814151     0.858858     0.904237     0.950282     0.996984      1.04433      1.09231       1.1409      1.19008      1.23982       1.2901       1.3409      1.39218      1.44391      1.49607      1.54863      1.60155       1.6548      1.70834      1.76212       1.8161      1.87021      1.92437      1.97847      2.03238      2.08594      2.13896      2.19118      2.24231      2.29198 
           0    0.0332474    0.0665422    0.0999316     0.133462     0.167181     0.201132     0.235361     0.269909      0.30482     0.340132     0.375883     0.412108      0.44884     0.486109     0.523941      0.56236     0.601383     0.641027     0.681301     0.722212      0.76376     0.805941     0.848745     0.892158     0.936161     0.980728      1.02583      1.07143       1.1175      1.16399      1.21085      1.25805      1.30553      1.35325      1.40115      1.44918       1.4973      1.54545      1.59358      1.64163      1.68955      1.73724      1.78464      1.83164      1.87813      1.92394      1.96892      2.01284      2.05546      2.09648 
           0    0.0307856    0.0616195    0.0925495     0.123623     0.154888     0.186388     0.218171     0.250278     0.282751     0.315631     0.348955     0.382757     0.417069      0.45192     0.487334     0.523332     0.559931     0.597141     0.634969     0.673415     0.712473     0.752132     0.792373     0.833173     0.874499     0.916314     0.958575      1.00123      1.04423      1.08751      1.13101      1.17467       1.2184      1.26216      1.30586      1.34943      1.39281      1.43593      1.47873      1.52111      1.56304      1.60442      1.64518      1.68522      1.72443      1.76269      1.79987      1.83577      1.87021      1.90294 
           0    0.0282595    0.0565683    0.0849754     0.113529     0.142278     0.171268     0.200546     0.230155     0.260137     0.290533     0.321381     0.352715     0.384566     0.416962     0.449927     0.483479     0.517633     0.552396      0.58777      0.62375     0.660326     0.697477     0.735178     0.773394     0.812081     0.851191     0.890664     0.930436     0.970433      1.01058      1.05079      1.09098      1.13105      1.17093      1.21051      1.24971      1.28844      1.32661      1.36414      1.40096        1.437      1.47216      1.50638      1.53958      1.57167      1.60254      1.63211      1.66023      1.68674      1.71149 
           0    0.0256677    0.0513859    0.0772052     0.103175     0.129345     0.155764     0.182477      0.20953     0.236966     0.264827     0.293151     0.321972     0.351322     0.381228     0.411714     0.442797     0.474488     0.506794     0.539712     0.573234     0.607342     0.642011     0.677205     0.712881     0.748984     0.785451     0.822208     0.859174     0.896259     0.933363     0.970384      1.00721      1.04373      1.07984      1.11541      1.15034      1.18451      1.21784      1.25022      1.28156       1.3118      1.34085      1.36864       1.3951      1.42019      1.44381      1.46593      1.48643      1.50523      1.52222 
           0    0.0230083    0.0460688    0.0692335     0.092554     0.116081     0.139864     0.163952     0.188391     0.213225     0.238498     0.264248     0.290511      0.31732     0.344703     0.372681     0.401273     0.430488     0.460331     0.490796     0.521872     0.553536     0.585756     0.618489     0.651681     0.685267     0.719171     0.753303     0.787565     0.821848     0.856031     0.889989     0.923587      0.95669     0.989158      1.02085      1.05164       1.0814         1.11      1.13734       1.1633      1.18785      1.21087      1.23232      1.25215      1.27032      1.28679      1.30156      1.31456      1.32578      1.33516 
           0    0.0202791    0.0406124    0.0610538    0.0816568     0.102474     0.123557     0.144956      0.16672     0.188895     0.211525     0.234651     0.258311     0.282538     0.307361     0.332804     0.358884     0.385611     0.412988     0.441008     0.469656     0.498905     0.528719     0.559046     0.589824     0.620976     0.652414     0.684032     0.715714      0.74733     0.778738     0.809787     0.840317     0.870165     0.899163     0.927147     0.953956     0.979438      1.00345      1.02588      1.04659      1.06554      1.08263      1.09781      1.11107      1.12238      1.13175      1.13923       1.1448       1.1485      1.15035 
           0    0.0174777    0.0350118    0.0526584    0.0704733    0.0885114     0.106827     0.125472     0.144497     0.163952     0.183883     0.204332     0.225341     0.246944     0.269173     0.292051     0.315599     0.339826     0.364735      0.39032     0.416562     0.443433      0.47089     0.498877     0.527322     0.556139     0.585225      0.61446     0.643709     0.672819     0.701626      0.72995     0.757605     0.784394     0.810121     0.834588     0.857606     0.878993     0.898587     0.916243     0.931827     0.945287     0.956518     0.965497      0.97222     0.976707      0.97899     0.979177     0.977307     0.973487     0.967812 
           0     0.014601    0.0292609    0.0440384    0.0589917    0.0741785    0.0896551     0.105477     0.121698      0.13837     0.155541     0.173259     0.191566       0.2105     0.230095     0.250378     0.271371     0.293087     0.315528     0.338689     0.362551     0.387084     0.412241     0.437962     0.464167     0.490761     0.517627      0.54463     0.571616     0.598409     0.624819     0.650637     0.675644      0.69961     0.722301     0.743483     0.762931     0.780432     0.795793     0.808845     0.819438     0.827514     0.832965     0.835785     0.835988     0.833632      0.82879     0.821631     0.812251     0.800831     0.787545 
           0    0.0116457     0.023353    0.0351836    0.0471984    0.0594579    0.0720218    0.0849484    0.0982947     0.112116     0.126465     0.141391     0.156941     0.173157     0.190077     0.207732     0.226146     0.245335     0.265306     0.286054     0.307562       0.3298      0.35272     0.376256     0.400325     0.424821     0.449617      0.47456     0.499478     0.524172     0.548423      0.57199     0.594617     0.616034     0.635967     0.654139     0.670281     0.684141     0.695488     0.704126     0.709879     0.712684     0.712426     0.709111      0.70278     0.693525     0.681467     0.666841     0.649809      0.63063     0.609564 
           0   0.00860807    0.0172808    0.0260828    0.0350782    0.0443307    0.0539033    0.0638579    0.0742551     0.085154    0.0966114     0.108682     0.121416     0.134861     0.149058     0.164046     0.179851     0.196496     0.213991     0.232336     0.251517     0.271504      0.29225      0.31369     0.335734      0.35827      0.38116     0.404238      0.42731     0.450153     0.472517     0.494128     0.514687      0.53388     0.551383     0.566868     0.580016     0.590524     0.598118     0.602561     0.603646     0.601302       0.5954     0.585959     0.573045      0.55679     0.537366     0.515084     0.490177     0.462993     0.433887 
           0   0.00548417    0.0110362    0.0167239    0.0226149    0.0287761    0.0352743    0.0421753    0.0495438    0.0574433    0.0659354    0.0750794    0.0849317    0.0955451     0.106968     0.119242     0.132404      0.14648     0.161489     0.177435      0.19431     0.212089     0.230728     0.250161     0.270299     0.291024     0.312189     0.333614     0.355087      0.37636     0.397151     0.417146        0.436     0.453348     0.468807      0.48199     0.492513     0.500013      0.50416     0.504667     0.501286     0.493927     0.482446      0.46687     0.447291     0.423884     0.396882     0.366677     0.333583     0.298052     0.260542 
           0   0.00226973   0.00461067   0.00709399   0.00979072    0.0127717    0.0161074    0.0198679    0.0241224    0.0289392    0.0343854    0.0405259    0.0474235    0.0551377    0.0637238     0.073232    0.0837062     0.095182     0.107685      0.12123     0.135815     0.151423     0.168017     0.185535     0.203888     0.222958     0.242591     0.262598     0.282746     0.302764     0.322335     0.341103     0.358674     0.374619      0.38849     0.399825     0.408165      0.41307     0.414137     0.411017     0.403407     0.391191     0.374197      0.35246     0.326099     0.295336     0.260467     0.221985     0.180294     0.135964    0.0895755 
           0  -0.00103969  -0.00200477  -0.00282061  -0.00341257  -0.00370603  -0.00362638   -0.0030992  -0.00205034 -0.000406184   0.00190607   0.00495798   0.00881929    0.0135573    0.0192358    0.0259143    0.0336463     0.042478    0.0524462    0.0635757    0.0758774    0.0893443     0.103948     0.119637     0.136327     0.153902     0.172208     0.191045     0.210168      0.22928     0.248031     0.266018      0.28279     0.297851     0.310671     0.320699     0.327385     0.330192     0.328625     0.322254       0.3107     0.293814     0.271383     0.243446     0.210145     0.171758     0.128655    0.0814413    0.0306293   -0.0230743   -0.0789475 
           0  -0.00444858  -0.00881918   -0.0130337   -0.0170139   -0.0206812    -0.023957   -0.0267621   -0.0290173   -0.0306434   -0.0315612   -0.0316921   -0.0309584   -0.0292842   -0.0265957    -0.022823   -0.0179008   -0.0117703  -0.00438114   0.00430578    0.0143158    0.0256569    0.0383154    0.0522516    0.0673943    0.0836351     0.100822     0.118755     0.137175     0.155765     0.174141     0.191853     0.208387     0.223167      0.23557     0.244939     0.250607     0.251918     0.248262     0.239098     0.223955     0.202629     0.174853     0.140662     0.100225    0.0538786   0.00207761   -0.0544379    -0.115029    -0.178826    -0.244939 
           0  -0.00796144   -0.0158416   -0.0235591   -0.0310321   -0.0381783   -0.0449147   -0.0511577   -0.0568227   -0.0618245   -0.0660774   -0.0694951   -0.0719914   -0.0734806   -0.0738781   -0.0731017   -0.0710726   -0.0677171   -0.0629687   -0.0567706   -0.0490789   -0.0398663   -0.0291268    -0.016881  -0.00318227    0.0118762    0.0281534    0.0454522    0.0635109    0.0819949      0.10049     0.118498     0.135436      0.15064     0.163377     0.172862     0.178283     0.178836      0.17376     0.162375     0.144082     0.118607    0.0856037    0.0450983  -0.00271628    -0.057438    -0.118511    -0.185035    -0.256221    -0.331001    -0.408284 
           0   -0.0115826   -0.0230809   -0.0344103   -0.0454857   -0.0562211   -0.0665294   -0.0763224   -0.0855104    -0.094002    -0.101705    -0.108524    -0.114364     -0.11913    -0.122725    -0.125052    -0.126017    -0.125531    -0.123506    -0.119866    -0.114544    -0.107487   -0.0986645   -0.0880706    -0.075733    -0.061721   -0.0461551   -0.0292185   -0.0111678   0.00765462    0.0268097    0.0457534    0.0638313    0.0802808    0.0942406     0.104771     0.110884     0.111584     0.105918    0.0930259    0.0721406    0.0428877   0.00481759   -0.0420667   -0.0975493    -0.161153    -0.232204    -0.309607     -0.39239    -0.479246    -0.568839 
           0   -0.0153161   -0.0305451   -0.0455998   -0.0603919   -0.0748322   -0.0888296    -0.102292    -0.115123    -0.127227    -0.138504    -0.148851    -0.158163    -0.166333    -0.173252    -0.178808    -0.182891    -0.185391    -0.186199    -0.185214    -0.182341      -0.1775    -0.170625    -0.161677    -0.150649    -0.137575    -0.122543    -0.105709   -0.0873116   -0.0676873   -0.0472892   -0.0267009  -0.00664722    0.0120017    0.0282376    0.0409348    0.0488862    0.0508555      0.04564    0.0321413   0.00937258   -0.0231753   -0.0660942    -0.119418    -0.182912    -0.256011    -0.337904    -0.427253    -0.522867     -0.62314    -0.726434 
           0   -0.0191654   -0.0382416   -0.0571388   -0.0757664    -0.094032    -0.111841    -0.129098    -0.145701    -0.161549    -0.176535    -0.190547    -0.203472     -0.21519    -0.225578    -0.234511    -0.241857    -0.247486    -0.251266    -0.253066     -0.25276    -0.250231    -0.245376    -0.238112    -0.228385    -0.216182    -0.201544    -0.184582    -0.165497    -0.144601    -0.122345   -0.0993365   -0.0763649   -0.0544121   -0.0346523   -0.0184333  -0.00723408  -0.00259955  -0.00605584   -0.0190152   -0.0427561   -0.0779686    -0.125435    -0.185246    -0.257152    -0.340488    -0.434275    -0.536884    -0.646845    -0.762181    -0.880876 
           0   -0.0231336   -0.0461763   -0.0690368   -0.0916223    -0.113838    -0.135587     -0.15677    -0.177281    -0.197012    -0.215851    -0.233679    -0.250371    -0.265797     -0.27982    -0.292296    -0.303078    -0.312009    -0.318932    -0.323685    -0.326105    -0.326035    -0.323323    -0.317835     -0.30946     -0.29812    -0.283792     -0.26652    -0.246444    -0.223825    -0.199081    -0.172822    -0.145884    -0.119356   -0.0945962   -0.0732133   -0.0570254   -0.0479745   -0.0480119    -0.058966   -0.0825034    -0.119554    -0.171155    -0.237475    -0.318256     -0.41272     -0.51969    -0.637169    -0.763348    -0.895776     -1.03196 
           0   -0.0272226   -0.0543536   -0.0813005    -0.107969    -0.134264    -0.160086     -0.18533    -0.209891    -0.233654    -0.256501    -0.278305    -0.298933    -0.318243    -0.336085    -0.352298    -0.366713    -0.379152    -0.389427    -0.397343    -0.402697    -0.405286    -0.404904    -0.401354    -0.394454     -0.38405    -0.370029    -0.352344    -0.331041    -0.306294     -0.27845    -0.248078    -0.216027    -0.183478    -0.151975    -0.123433    -0.100093    -0.084413   -0.0789103    -0.085972    -0.107784    -0.145589     -0.20076    -0.273569    -0.363756    -0.470418    -0.592144    -0.726481    -0.871198     -1.02323     -1.17947 
           0   -0.0314337   -0.0627758   -0.0939339    -0.124814    -0.155318    -0.185348    -0.214796    -0.243554    -0.271504    -0.298522    -0.324475    -0.349222    -0.372609    -0.394473    -0.414638    -0.432915    -0.449099    -0.462975    -0.474311    -0.482862    -0.488373    -0.490579    -0.489212    -0.484006     -0.47471    -0.461102    -0.443014    -0.420359    -0.393175     -0.36168    -0.326343    -0.287966    -0.247772    -0.207482    -0.169354    -0.136154    -0.111021   -0.0972419   -0.0979668    -0.116079    -0.153224    -0.211205    -0.290422    -0.390619    -0.510753    -0.649157     -0.80281    -0.968962     -1.14375     -1.32324 
           0   -0.0357666   -0.0714427    -0.106937    -0.142156    -0.177003    -0.211378    -0.245175    -0.278282    -0.310579     -0.34194    -0.372224    -0.401284    -0.428957    -0.455068    -0.479423    -0.501816    -0.522019    -0.539786    -0.554848    -0.566918    -0.575685     -0.58082    -0.581976    -0.578792    -0.570905    -0.557961    -0.539635    -0.515664    -0.485891     -0.45033    -0.409259    -0.363331    -0.313721    -0.262269    -0.211597    -0.165117    -0.126885    -0.101261   -0.0924617    -0.104319    -0.138973    -0.198767    -0.284225    -0.395101    -0.530211    -0.687626    -0.863645     -1.05488     -1.25643     -1.46319 
           0   -0.0402198   -0.0803515    -0.120306    -0.159992    -0.199314    -0.238173    -0.276464    -0.314075    -0.350886    -0.386765    -0.421572    -0.455151    -0.487332     -0.51793    -0.546738    -0.573531    -0.598059    -0.620048    -0.639194    -0.655165    -0.667597    -0.676092    -0.680219    -0.679515     -0.67349    -0.661636     -0.64344    -0.618416    -0.586143    -0.546338    -0.498957    -0.444354    -0.383485    -0.318172    -0.251355    -0.187229    -0.131108   -0.0889109    -0.066398   -0.0687106   -0.0985488    -0.158888    -0.250316    -0.372586    -0.524398    -0.703627    -0.905786     -1.12677     -1.36022     -1.59942 
           0   -0.0447902    -0.089496    -0.134032    -0.178309    -0.222237    -0.265718    -0.308649     -0.35092    -0.392412    -0.432992    -0.472517    -0.510829    -0.547753    -0.583095    -0.616637    -0.648138    -0.677331    -0.703913    -0.727551    -0.747869    -0.764451    -0.776831    -0.784494     -0.78687    -0.783334    -0.773207    -0.755764    -0.730248    -0.695906    -0.652047     -0.59815    -0.534039    -0.460171     -0.37805    -0.290741    -0.203314    -0.122854   -0.0576746   -0.0158949  -0.00448664   -0.0266543   -0.0860175    -0.183034    -0.317405    -0.487802    -0.692114    -0.925047     -1.18179     -1.45397     -1.73243 
           0    -0.049473   -0.0988665      -0.1481     -0.19709     -0.24575    -0.293987    -0.341703    -0.388789    -0.435128    -0.480592    -0.525036    -0.568302    -0.610212    -0.650566    -0.689139    -0.725681    -0.759905    -0.791491    -0.820074    -0.845244    -0.866536    -0.883421    -0.895304    -0.901511     -0.90128    -0.893757    -0.877985    -0.852909    -0.817382    -0.770201    -0.710185     -0.63634    -0.548182     -0.44632    -0.333395    -0.215222    -0.101414  -0.00426511     0.064218    0.0944781    0.0832632    0.0265082   -0.0756328    -0.222691     -0.41349    -0.646464    -0.915706      -1.2161     -1.53641     -1.86345 
           0   -0.0542612     -0.10845    -0.162491    -0.216309    -0.269822    -0.322945    -0.375583    -0.427635    -0.478987    -0.529516     -0.57908    -0.627522    -0.674665    -0.720309    -0.764224    -0.806153      -0.8458    -0.882828    -0.916853    -0.947433    -0.974064    -0.996165     -1.01307     -1.02401     -1.02809      -1.0243     -1.01144    -0.988169      -0.9529     -0.90385    -0.839019    -0.756281    -0.653623    -0.529777    -0.385629    -0.226775   -0.0662998    0.0761232      0.18133     0.236238     0.239255     0.186474    0.0796573   -0.0803397    -0.292811    -0.557815    -0.869468     -1.22397     -1.60611     -1.99531 
           0   -0.0591461    -0.118228    -0.177179     -0.23593     -0.29441    -0.352539    -0.410232    -0.467393    -0.523919    -0.579688    -0.634569    -0.688409    -0.741034    -0.792246     -0.84182    -0.889495    -0.934971    -0.977905      -1.0179     -1.05449     -1.08715     -1.11525     -1.13808     -1.15478     -1.16438     -1.16569     -1.15734     -1.13767     -1.10473     -1.05613    -0.989004    -0.899866    -0.784604    -0.638721    -0.458642    -0.246068   -0.0173643     0.191833     0.346967     0.431442     0.450956     0.402498     0.291241     0.118713    -0.115255    -0.414284     -0.77337     -1.19563     -1.66151     -2.13455 
           0   -0.0641168    -0.128179     -0.19213    -0.255911    -0.319459    -0.382706    -0.445575    -0.507981    -0.569829    -0.631009    -0.691396    -0.750847    -0.809197    -0.866256    -0.921804    -0.975586     -1.02731     -1.07662     -1.12313     -1.16636     -1.20578     -1.24073     -1.27047     -1.29409     -1.31054     -1.31854     -1.31657     -1.30276     -1.27483     -1.22992      -1.1644     -1.07352    -0.950924    -0.787889    -0.572585    -0.292362    0.0449686     0.361104     0.580491     0.692784     0.729117     0.683161     0.567191     0.383602     0.131059    -0.201451    -0.605835      -1.1105     -1.70086     -2.29794 
           0   -0.0691603    -0.138277    -0.207306    -0.276199    -0.344905    -0.413367    -0.481521    -0.549294    -0.616602    -0.683347    -0.749418    -0.814684    -0.878992    -0.942165     -1.00399     -1.06424     -1.12261     -1.17879     -1.23236     -1.28289     -1.32981     -1.37249     -1.41017     -1.44194     -1.46669     -1.48313     -1.48964     -1.48426     -1.46452     -1.42731     -1.36857     -1.28281     -1.16224    -0.994964    -0.760627    -0.419022     0.111947     0.626143     0.920154      1.02538      1.09126      1.02785     0.898988      0.71403     0.464615    0.0878498    -0.325242    -0.922168     -1.72942     -2.53463 
           0   -0.0742613    -0.148492    -0.222661    -0.296733    -0.370671    -0.444431    -0.517963    -0.591208    -0.664096    -0.736547    -0.808462    -0.879729    -0.950211     -1.01975     -1.08815      -1.1552     -1.22063     -1.28412      -1.3453     -1.40375     -1.45893     -1.51023      -1.5569     -1.59806     -1.63263     -1.65932     -1.67653     -1.68231     -1.67422     -1.64915     -1.60309     -1.53065     -1.42431     -1.27278       -1.057    -0.736869    -0.196519     0.338384     0.641512       0.7113     0.786755     0.686354     0.539429     0.360423     0.135877    -0.262669    -0.653176     -1.27343     -2.11768     -2.94908 
           0   -0.0794025    -0.158789    -0.238143    -0.317444    -0.396669    -0.475791    -0.554775    -0.633578    -0.712149    -0.790423    -0.868323    -0.945755      -1.0226     -1.09873     -1.17398     -1.24814     -1.32099     -1.39223     -1.46155     -1.52852     -1.59268     -1.65345     -1.71014     -1.76192     -1.80778     -1.84651     -1.87662     -1.89629     -1.90327     -1.89474     -1.86717     -1.81603     -1.73554     -1.61839      -1.4566     -1.24884     -1.02985    -0.829763    -0.677346    -0.601497    -0.603989    -0.673601     -0.80876     -1.00855     -1.27353     -1.60468     -2.01206     -2.49176     -3.01192     -3.54291 
           0   -0.0845647    -0.169129    -0.253693    -0.338252      -0.4228    -0.507327    -0.591815     -0.67624    -0.760571    -0.844764    -0.928762      -1.0125     -1.09588     -1.17879     -1.26111     -1.34267     -1.42327     -1.50266     -1.58057     -1.65663     -1.73044     -1.80147     -1.86913     -1.93267      -1.9912     -2.04365     -2.08871     -2.12479     -2.14996     -2.16188     -2.15775     -2.13427     -2.08773     -2.01459     -1.91362     -1.79499     -1.75638     -1.77609     -1.88588     -1.73354     -1.89569     -1.80245     -1.90162      -2.1439      -2.5787     -2.75945     -3.25334     -3.48042     -3.79237     -4.16181 
           0   -0.0897266     -0.17947    -0.269247    -0.359072    -0.448956    -0.538907    -0.628927    -0.719014    -0.809156    -0.899333    -0.989513     -1.07965     -1.16969     -1.25956     -1.34914     -1.43833     -1.52695     -1.61484     -1.70174     -1.78738     -1.87141     -1.95341     -2.03287     -2.10919     -2.18162     -2.24928     -2.31107     -2.36572      -2.4117     -2.44723     -2.47028      -2.4787     -2.47047     -2.44421     -2.39937     -2.32966     -2.15706     -1.98212     -1.91037     -1.96873     -1.99399     -2.14394     -2.31355     -2.49192     -2.68965     -3.01164     -3.30049     -3.72003     -4.24355     -4.76096 
           0   -0.0948654    -0.189766    -0.284737    -0.379811    -0.475019    -0.570388    -0.665943    -0.761701    -0.857675     -0.95387     -1.05028      -1.1469     -1.24368     -1.34061      -1.4376     -1.53459     -1.63147     -1.72811     -1.82433     -1.91994     -2.01467     -2.10822     -2.20019     -2.29013     -2.37747     -2.46154     -2.54153     -2.61649     -2.68531     -2.74675     -2.79949     -2.84229     -2.87425     -2.89541     -2.90793     -2.92005      -2.9591     -3.00893     -3.05374     -3.11416     -3.21206     -3.33627      -3.4942     -3.68708     -3.91422     -4.16865      -4.4619     -4.77241     -5.08018     -5.40329 
           0   -0.0999569    -0.199968    -0.300088    -0.400369    -0.500863    -0.601617    -0.702678    -0.804088    -0.905884      -1.0081     -1.11075     -1.21387     -1.31745     -1.42149     -1.52599      -1.6309     -1.73618     -1.84175     -1.94754      -2.0534      -2.1592     -2.26472     -2.36973     -2.47392     -2.57694     -2.67834     -2.77761     -2.87413     -2.96721      -3.0561     -3.14006     -3.21845     -3.29098     -3.35807      -3.4219      -3.4921     -3.65592     -3.86987     -4.14456     -4.11732     -4.36879     -4.32839     -4.44807     -4.67987     -5.07298     -5.17804     -5.56469      -5.6513     -5.80284     -6.01552 
           0    -0.104976    -0.210026    -0.315224    -0.420643    -0.526357    -0.632434    -0.738944    -0.845953    -0.953524     -1.06172     -1.17059     -1.28018     -1.39055     -1.50173     -1.61375     -1.72663     -1.84038       -1.955     -2.07048     -2.18677     -2.30385     -2.42162        -2.54     -2.65885     -2.77804     -2.89736     -3.01659     -3.13546     -3.25368     -3.37092      -3.4869     -3.60138     -3.71429     -3.82571     -3.93499     -4.03231     -4.03105     -4.01899     -4.08918     -4.25991     -4.36696     -4.56583     -4.75296     -4.91821      -5.0727     -5.32131     -5.51071     -5.80778     -6.19679     -6.58231 
           0    -0.109895    -0.219885    -0.330063    -0.440525    -0.551363    -0.662671    -0.774541    -0.887063     -1.00033     -1.11442     -1.22944     -1.34545     -1.46255     -1.58082     -1.70033     -1.82115     -1.94336     -2.06703     -2.19223       -2.319     -2.44742     -2.57754     -2.70942     -2.84311     -2.97867     -3.11616     -3.25565     -3.39721     -3.54092     -3.68688     -3.83517     -3.98587     -4.13907     -4.29484     -4.45367     -4.61959     -4.81279     -5.00803     -5.18056      -5.3438     -5.51706     -5.68608     -5.85843      -6.0357     -6.21815     -6.40005     -6.59763     -6.79364     -6.97721     -7.17728 
           0    -0.114689    -0.229492    -0.344526    -0.459904    -0.575743    -0.692159    -0.809266    -0.927181     -1.04602      -1.1659     -1.28695     -1.40927     -1.53299     -1.65824     -1.78513      -1.9138     -2.04438     -2.17701     -2.31183       -2.449     -2.58869     -2.73108     -2.87637     -3.02482     -3.17667     -3.33225      -3.4919     -3.65605     -3.82515     -3.99969     -4.18018     -4.36702     -4.56044     -4.76033     -4.96667     -5.18475     -5.49531     -5.84702     -6.24274     -6.31318       -6.636     -6.63726     -6.76851     -6.98197     -7.32785     -7.35842     -7.64806     -7.61956     -7.64597     -7.73264 
           0    -0.119329    -0.238793    -0.358527     -0.47867    -0.599356    -0.720724    -0.842914    -0.966067     -1.09033     -1.21584     -1.34275     -1.47122     -1.60141     -1.73347     -1.86758     -2.00392     -2.14269     -2.28409     -2.42834     -2.57569     -2.72641     -2.88081     -3.03925     -3.20212      -3.3699     -3.54314     -3.72247     -3.90866     -4.10255     -4.30508     -4.51723     -4.73986     -4.97351     -5.21785      -5.4701     -5.71612     -5.86257     -5.98906     -6.18058     -6.44859     -6.62591     -6.86468     -7.06098      -7.2048     -7.30812     -7.47716     -7.56306     -7.73676     -7.99032     -8.23707 
           0    -0.123788    -0.247732    -0.371987     -0.49671    -0.622059    -0.748195    -0.875281     -1.00348     -1.13297     -1.26391     -1.39649      -1.5309     -1.66733     -1.80599     -1.94709     -2.09086     -2.23755     -2.38743     -2.54081       -2.698     -2.85938     -3.02537     -3.19646      -3.3732     -3.55626     -3.74641     -3.94456     -4.15179     -4.36937     -4.59872     -4.84143     -5.09906     -5.37291      -5.6635     -5.97003     -6.29238     -6.64303     -6.98645     -7.28778     -7.55259     -7.79792     -8.00648     -8.18614     -8.33872      -8.4649     -8.55938     -8.64221     -8.69926     -8.72806     -8.76756 
           0    -0.128041    -0.256257    -0.384823    -0.513917    -0.643716    -0.774404    -0.906165     -1.03919     -1.17367     -1.30981     -1.44782     -1.58791     -1.73032     -1.87529     -2.02308     -2.17396     -2.32824     -2.48625     -2.64834     -2.81492     -2.98645     -3.16345     -3.34652     -3.53636     -3.73379     -3.93979     -4.15551     -4.38234     -4.62194     -4.87628     -5.14764     -5.43858     -5.75171     -6.08915     -6.45174     -6.84185      -7.3307     -7.85134     -8.39144     -8.57206       -8.971     -9.01226     -9.14938     -9.33516     -9.61951     -9.55307     -9.71281     -9.52203     -9.36381     -9.25811 
           0     -0.13206    -0.264314    -0.396957    -0.530183    -0.664192    -0.799187    -0.935373     -1.07296     -1.21218     -1.35324     -1.49639     -1.64187     -1.78995      -1.9409     -2.09503     -2.25264     -2.41409     -2.57976     -2.75007     -2.92549     -3.10654     -3.29383     -3.48806     -3.69003     -3.90071     -4.12121     -4.35291     -4.59745     -4.85684     -5.13354     -5.43061     -5.75175     -6.10141     -6.48436     -6.90336     -7.34629     -7.70904     -8.04236      -8.4033     -8.79233     -9.05033     -9.32909     -9.52998     -9.64414     -9.68225     -9.74519     -9.68467     -9.66412     -9.68736     -9.69504 
           0    -0.135822    -0.271855    -0.408312    -0.545407    -0.683358    -0.822386    -0.962717     -1.10459     -1.24823     -1.39391     -1.54188     -1.69241      -1.8458     -2.00236     -2.16241     -2.32632     -2.49447     -2.66729     -2.84524     -3.02884     -3.21869     -3.41544     -3.61987     -3.83286     -4.05546     -4.28891      -4.5347     -4.79467     -5.07106     -5.36674     -5.68534     -6.03167     -6.41219     -6.83584     -7.31522     -7.86747     -8.50554     -9.12653     -9.63077     -10.0218     -10.3504     -10.5961     -10.7787     -10.9016     -10.9634     -10.9463     -10.8733     -10.6969     -10.4184     -10.1422 
           0    -0.139302    -0.278832    -0.418819    -0.559494    -0.701092    -0.843853    -0.988022     -1.13385      -1.2816     -1.43155     -1.58398     -1.73919     -1.89749     -2.05923     -2.22476     -2.39448      -2.5688     -2.74818     -2.93313     -3.12421     -3.32204     -3.52734     -3.74092      -3.9637     -4.19678     -4.44146     -4.69927     -4.97211     -5.26234     -5.57296     -5.90787     -6.27242     -6.67423     -7.12517     -7.64627     -8.28453     -9.20512     -10.1534     -10.9316     -11.2041     -11.6992     -11.7541      -11.884     -12.0502     -12.2936     -12.1024     -12.1392     -11.6764     -11.0554     -10.4879 
           0    -0.142478      -0.2852    -0.428408    -0.572352     -0.71728     -0.86345     -1.01112     -1.16057     -1.31207     -1.46592     -1.62242     -1.78189     -1.94468     -2.11114     -2.28166     -2.45665     -2.63656     -2.82188     -3.01314     -3.21093      -3.4159     -3.62877     -3.85038     -4.08168     -4.32374     -4.57785     -4.84552     -5.12859     -5.42933     -5.75057     -6.09605     -6.47077      -6.8818      -7.3398     -7.86195     -8.47676     -9.21115     -9.92462     -10.4814     -10.8958     -11.2414     -11.4908     -11.6693     -11.7808      -11.823     -11.7721     -11.6576     -11.4087     -11.0158     -10.6201 
           0    -0.145331    -0.290918    -0.437021      -0.5839    -0.731819    -0.881051     -1.03187     -1.18457     -1.33944     -1.49679     -1.65694     -1.82024     -1.98704     -2.15773     -2.33271     -2.51241     -2.69731     -2.88791     -3.08475     -3.28845     -3.49966     -3.71912     -3.94764     -4.18615     -4.43569     -4.69748     -4.97291     -5.26365     -5.57169     -5.89949     -6.25011     -6.62748      -7.0367     -7.48435     -7.97806     -8.52245      -9.1023     -9.66163     -10.1464     -10.5405     -10.8612     -11.1048       -11.28     -11.3891     -11.4313     -11.3996     -11.2996     -11.1167     -10.8703     -10.6163 
           0    -0.147841    -0.295951      -0.4446    -0.594062    -0.744615    -0.896541     -1.05013     -1.20569     -1.36352     -1.52395     -1.68732     -1.85398     -2.02431     -2.19871      -2.3776     -2.56142     -2.75067     -2.94585     -3.14754     -3.35633     -3.57288     -3.79792     -4.03225     -4.27672     -4.53232     -4.80014     -5.08141     -5.37752     -5.69009       -6.021     -6.37241     -6.74683     -7.14698     -7.57532     -8.03261     -8.51419     -9.00409     -9.47412     -9.89693     -10.2566     -10.5545      -10.787     -10.9573     -11.0669     -11.1158     -11.1024     -11.0322     -10.9059     -10.7413     -10.5663 
           0    -0.149993    -0.300266    -0.451098    -0.602775    -0.755584    -0.909821     -1.06579     -1.22379     -1.38416     -1.54723     -1.71336      -1.8829     -2.05625     -2.23382     -2.41603     -2.60337     -2.79631     -2.99538     -3.20115     -3.41421     -3.63522     -3.86488     -4.10394     -4.35321     -4.61356     -4.88594     -5.17138     -5.47098      -5.7859      -6.1174     -6.46671     -6.83495     -7.22285     -7.63006     -8.05397     -8.48785     -8.91924     -9.33121     -9.70726     -10.0351     -10.3117     -10.5324      -10.698      -10.809     -10.8663     -10.8707     -10.8284     -10.7439     -10.6305     -10.5048 
           0    -0.151773    -0.303834    -0.456473    -0.609981    -0.764657    -0.920804     -1.07873     -1.23877     -1.40124     -1.56649     -1.73489     -1.90681     -2.08264     -2.26283     -2.44779     -2.63801     -2.83398     -3.03623     -3.24532     -3.46185     -3.68645     -3.91979     -4.16259     -4.41557     -4.67951     -4.95521     -5.24348     -5.54513     -5.86089     -6.19143     -6.53716     -6.89813     -7.27363     -7.66175     -8.05857     -8.45748     -8.84887      -9.2212     -9.56322     -9.86554     -10.1242     -10.3345     -10.4959     -10.6086     -10.6738     -10.6933     -10.6732     -10.6184     -10.5389     -10.4457 
           0     -0.15317    -0.306634    -0.460689    -0.615635    -0.771775    -0.929421     -1.08889     -1.25051     -1.41463     -1.58159     -1.75177     -1.92555     -2.10334     -2.28557     -2.47267     -2.66514     -2.86347     -3.06819     -3.27985     -3.49906     -3.72641     -3.96255     -4.20815     -4.46387      -4.7304      -5.0084     -5.29849     -5.60119     -5.91691      -6.2458     -6.58767     -6.94178     -7.30656     -7.67928     -8.05569     -8.42972     -8.79365     -9.13883     -9.45684     -9.74021      -9.9851     -10.1871     -10.3452     -10.4594      -10.531     -10.5621     -10.5583      -10.524      -10.467     -10.3955 
           0    -0.154173    -0.308646     -0.46372    -0.619699    -0.776892    -0.935615     -1.09619     -1.25896     -1.42426     -1.59245     -1.76391     -1.93903     -2.11821      -2.3019     -2.49055     -2.68463     -2.88464     -3.09112     -3.30461     -3.52571       -3.755      -3.9931     -4.24064     -4.49824     -4.76651     -5.04598     -5.33714     -5.64031     -5.95561     -6.28286     -6.62143     -6.97009     -7.32677      -7.6884     -8.05068     -8.40807       -8.754     -9.08142     -9.38348     -9.65392     -9.88921     -10.0853     -10.2411     -10.3564     -10.4326     -10.4717     -10.4788     -10.4579     -10.4154     -10.3578 
           0    -0.154778    -0.309859    -0.465547    -0.622148    -0.779976    -0.939348     -1.10059     -1.26405     -1.43006     -1.59899     -1.77122     -1.94714     -2.12717     -2.31174     -2.50131     -2.69636     -2.89738     -3.10491      -3.3195     -3.54172     -3.77217     -4.01143     -4.26011     -4.51881     -4.78806     -5.06835     -5.36006     -5.66339     -5.97829     -6.30437     -6.64076     -6.98595     -7.33765     -7.69262     -8.04662     -8.39443     -8.73013     -9.04747     -9.34041     -9.60337     -9.83303     -10.0256       -10.18      -10.296     -10.3749     -10.4187     -10.4321     -10.4188     -10.3844     -10.3345 
           0     -0.15498    -0.310264    -0.466157    -0.622966    -0.781006    -0.940595     -1.10206     -1.26575       -1.432     -1.60118     -1.77366     -1.94985     -2.13017     -2.31503     -2.50491     -2.70027     -2.90163     -3.10952     -3.32447     -3.54707     -3.77789     -4.01754      -4.2666     -4.52565     -4.79522     -5.07578     -5.36765     -5.67101     -5.98576     -6.31142     -6.64705     -6.99105     -7.34107     -7.69382     -8.04509     -8.38979     -8.72217     -9.03623     -9.32621     -9.58672     -9.81452      -10.006     -10.1599     -10.2761     -10.3559     -10.4012     -10.4167     -10.4058      -10.374     -10.3266 
           0    -0.154778    -0.309859    -0.465547    -0.622148    -0.779976    -0.939348     -1.10059     -1.26405     -1.43006     -1.59899     -1.77122     -1.94714     -2.12717     -2.31174     -2.50131     -2.69636     -2.89738     -3.10491      -3.3195     -3.54172     -3.77217     -4.01143     -4.26011     -4.51881     -4.78806     -5.06835     -5.36006     -5.66339     -5.97829     -6.30437     -6.64076     -6.98595     -7.33765     -7.69262     -8.04662     -8.39443     -8.73013     -9.04747     -9.34041     -9.60337     -9.83303     -10.0256       -10.18      -10.296     -10.3749     -10.4187     -10.4321     -10.4188     -10.3844     -10.3345 
           0    -0.154173    -0.308646     -0.46372    -0.619699    -0.776892    -0.935615     -1.09619     -1.25896     -1.42426     -1.59245     -1.76391     -1.93903     -2.11821      -2.3019     -2.49055     -2.68463     -2.88464     -3.09112     -3.30461     -3.52571       -3.755      -3.9931     -4.24064     -4.49824     -4.76651     -5.04598     -5.33714     -5.64031     -5.95561     -6.28286     -6.62143     -6.97009     -7.32677      -7.6884     -8.05068     -8.40807       -8.754     -9.08142     -9.38348     -9.65392     -9.88921     -10.0853     -10.2411     -10.3564     -10.4326     -10.4717     -10.4788     -10.4579     -10.4154     -10.3578 
           0     -0.15317    -0.306634    -0.460689    -0.615635    -0.771775    -0.929421     -1.08889     -1.25051     -1.41463     -1.58159     -1.75177     -1.92555     -2.10334     -2.28557     -2.47267     -2.66514     -2.86347     -3.06819     -3.27985     -3.49906     -3.72641     -3.96255     -4.20815     -4.46387      -4.7304      -5.0084     -5.29849     -5.60119     -5.91691      -6.2458     -6.58767     -6.94178     -7.30656     -7.67928     -8.05569     -8.42972     -8.79365     -9.13883     -9.45684     -9.74021      -9.9851     -10.1871     -10.3452     -10.4594      -10.531     -10.5621     -10.5583      -10.524      -10.467     -10.3955 
           0    -0.151773    -0.303834    -0.456473    -0.609981    -0.764657    -0.920804     -1.07873     -1.23877     -1.40124     -1.56649     -1.73489     -1.90681     -2.08264     -2.26283     -2.44779     -2.63801     -2.83398     -3.03623     -3.24532     -3.46185     -3.68645     -3.91979     -4.16259     -4.41557     -4.67951     -4.95521     -5.24348     -5.54513     -5.86089     -6.19143     -6.53716     -6.89813     -7.27363     -7.66175     -8.05857     -8.45748     -8.84887      -9.2212     -9.56322     -9.86554     -10.1242     -10.3345     -10.4959     -10.6086     -10.6738     -10.6933     -10.6732     -10.6184     -10.5389     -10.4457 
           0    -0.149993    -0.300266    -0.451098    -0.602775    -0.755584    -0.909821     -1.06579     -1.22379     -1.38416     -1.54723     -1.71336      -1.8829     -2.05625     -2.23382     -2.41603     -2.60337     -2.79631     -2.99538     -3.20115     -3.41421     -3.63522     -3.86488     -4.10394     -4.35321     -4.61356     -4.88594     -5.17138     -5.47098      -5.7859      -6.1174     -6.46671     -6.83495     -7.22285     -7.63006     -8.05397     -8.48785     -8.91924     -9.33121     -9.70726     -10.0351     -10.3117     -10.5324      -10.698      -10.809     -10.8663     -10.8707     -10.8284     -10.7439     -10.6305     -10.5048 
           0    -0.147841    -0.295951      -0.4446    -0.594062    -0.744615    -0.896541     -1.05013     -1.20569     -1.36352     -1.52395     -1.68732     -1.85398     -2.02431     -2.19871      -2.3776     -2.56142     -2.75067     -2.94585     -3.14754     -3.35633     -3.57288     -3.79792     -4.03225     -4.27672     -4.53232     -4.80014     -5.08141     -5.37752     -5.69009       -6.021     -6.37241     -6.74683     -7.14698     -7.57532     -8.03261     -8.51419     -9.00409     -9.47412     -9.89693     -10.2566     -10.5545      -10.787     -10.9573     -11.0669     -11.1158     -11.1024     -11.0322     -10.9059     -10.7413     -10.5663 
           0    -0.145331    -0.290918    -0.437021      -0.5839    -0.731819    -0.881051     -1.03187     -1.18457     -1.33944     -1.49679     -1.65694     -1.82024     -1.98704     -2.15773     -2.33271     -2.51241     -2.69731     -2.88791     -3.08475     -3.28845     -3.49966     -3.71912     -3.94764     -4.18615     -4.43569     -4.69748     -4.97291     -5.26365     -5.57169     -5.89949     -6.25011     -6.62748      -7.0367     -7.48435     -7.97806     -8.52245      -9.1023     -9.66163     -10.1464     -10.5405     -10.8612     -11.1048       -11.28     -11.3891     -11.4313     -11.3996     -11.2996     -11.1167     -10.8703     -10.6163 
           0    -0.142478      -0.2852    -0.428408    -0.572352     -0.71728     -0.86345     -1.01112     -1.16057     -1.31207     -1.46592     -1.62242     -1.78189     -1.94468     -2.11114     -2.28166     -2.45665     -2.63656     -2.82188     -3.01314     -3.21093      -3.4159     -3.62877     -3.85038     -4.08168     -4.32374     -4.57785     -4.84552     -5.12859     -5.42933     -5.75057     -6.09605     -6.47077      -6.8818      -7.3398     -7.86195     -8.47676     -9.21115     -9.92462     -10.4814     -10.8958     -11.2414     -11.4908     -11.6693     -11.7808      -11.823     -11.7721     -11.6576     -11.4087     -11.0158     -10.6201 
           0    -0.139302    -0.278832    -0.418819    -0.559494    -0.701092    -0.843853    -0.988022     -1.13385      -1.2816     -1.43155     -1.58398     -1.73919     -1.89749     -2.05923     -2.22476     -2.39448      -2.5688     -2.74818     -2.93313     -3.12421     -3.32204     -3.52734     -3.74092      -3.9637     -4.19678     -4.44146     -4.69927     -4.97211     -5.26234     -5.57296     -5.90787     -6.27242     -6.67423     -7.12517     -7.64627     -8.28453     -9.20512     -10.1534     -10.9316     -11.2041     -11.6992     -11.7541      -11.884     -12.0502     -12.2936     -12.1024     -12.1392     -11.6764     -11.0554     -10.4879 
           0    -0.135822    -0.271855    -0.408312    -0.545407    -0.683358    -0.822386    -0.962717     -1.10459     -1.24823     -1.39391     -1.54188     -1.69241      -1.8458     -2.00236     -2.16241     -2.32632     -2.49447     -2.66729     -2.84524     -3.02884     -3.21869     -3.41544     -3.61987     -3.83286     -4.05546     -4.28891      -4.5347     -4.79467     -5.07106     -5.36674     -5.68534     -6.03167     -6.41219     -6.83584     -7.31522     -7.86747     -8.50554     -9.12653     -9.63077     -10.0218     -10.3504     -10.5961     -10.7787     -10.9016     -10.9634     -10.9463     -10.8733     -10.6969     -10.4184     -10.1422 
           0     -0.13206    -0.264314    -0.396957    -0.530183    -0.664192    -0.799187    -0.935373     -1.07296     -1.21218     -1.35324     -1.49639     -1.64187     -1.78995      -1.9409     -2.09503     -2.25264     -2.41409     -2.57976     -2.75007     -2.92549     -3.10654     -3.29383     -3.48806     -3.69003     -3.90071     -4.12121     -4.35291     -4.59745     -4.85684     -5.13354     -5.43061     -5.75175     -6.10141     -6.48436     -6.90336     -7.34629     -7.70904     -8.04236      -8.4033     -8.79233     -9.05033     -9.32909     -9.52998     -9.64414     -9.68225     -9.74519     -9.68467     -9.66412     -9.68736     -9.69504 
           0    -0.128041    -0.256257    -0.384823    -0.513917    -0.643716    -0.774404    -0.906165     -1.03919     -1.17367     -1.30981     -1.44782     -1.58791     -1.73032     -1.87529     -2.02308     -2.17396     -2.32824     -2.48625     -2.64834     -2.81492     -2.98645     -3.16345     -3.34652     -3.53636     -3.73379     -3.93979     -4.15551     -4.38234     -4.62194     -4.87628     -5.14764     -5.43858     -5.75171     -6.08915     -6.45174     -6.84185      -7.3307     -7.85134     -8.39144     -8.57206       -8.971     -9.01226     -9.14938     -9.33516     -9.61951     -9.55307     -9.71281     -9.52203     -9.36381     -9.25811 
           0    -0.123788    -0.247732    -0.371987     -0.49671    -0.622059    -0.748195    -0.875281     -1.00348     -1.13297     -1.26391     -1.39649      -1.5309     -1.66733     -1.80599     -1.94709     -2.09086     -2.23755     -2.38743     -2.54081       -2.698     -2.85938     -3.02537     -3.19646      -3.3732     -3.55626     -3.74641     -3.94456     -4.15179     -4.36937     -4.59872     -4.84143     -5.09906     -5.37291      -5.6635     -5.97003     -6.29238     -6.64303     -6.98645     -7.28778     -7.55259     -7.79792     -8.00648     -8.18614     -8.33872      -8.4649     -8.55938     -8.64221     -8.69926     -8.72806     -8.76756 
           0    -0.119329    -0.238793    -0.358527     -0.47867    -0.599356    -0.720724    -0.842914    -0.966067     -1.09033     -1.21584     -1.34275     -1.47122     -1.60141     -1.73347     -1.86758     -2.00392     -2.14269     -2.28409     -2.42834     -2.57569     -2.72641     -2.88081     -3.03925     -3.20212      -3.3699     -3.54314     -3.72247     -3.90866     -4.10255     -4.30508     -4.51723     -4.73986     -4.97351     -5.21785      -5.4701     -5.71612     -5.86257     -5.98906     -6.18058     -6.44859     -6.62591     -6.86468     -7.06098      -7.2048     -7.30812     -7.47716     -7.56306     -7.73676     -7.99032     -8.23707 
           0    -0.114689    -0.229492    -0.344526    -0.459904    -0.575743    -0.692159    -0.809266    -0.927181     -1.04602      -1.1659     -1.28695     -1.40927     -1.53299     -1.65824     -1.78513      -1.9138     -2.04438     -2.17701     -2.31183       -2.449     -2.58869     -2.73108     -2.87637     -3.02482     -3.17667     -3.33225      -3.4919     -3.65605     -3.82515     -3.99969     -4.18018     -4.36702     -4.56044     -4.76033     -4.96667     -5.18475     -5.49531     -5.84702     -6.24274     -6.31318       -6.636     -6.63726     -6.76851     -6.98197     -7.32785     -7.35842     -7.64806     -7.61956     -7.64597     -7.73264 
           0    -0.109895    -0.219885    -0.330063    -0.440525    -0.551363    -0.662671    -0.774541    -0.887063     -1.00033     -1.11442     -1.22944     -1.34545     -1.46255     -1.58082     -1.70033     -1.82115     -1.94336     -2.06703     -2.19223       -2.319     -2.44742     -2.57754     -2.70942     -2.84311     -2.97867     -3.11616     -3.25565     -3.39721     -3.54092     -3.68688     -3.83517     -3.98587     -4.13907     -4.29484     -4.45367     -4.61959     -4.81279     -5.00803     -5.18056      -5.3438     -5.51706     -5.68608     -5.85843      -6.0357     -6.21815     -6.40005     -6.59763     -6.79364     -6.97721     -7.17728 
           0    -0.104976    -0.210026    -0.315224    -0.420643    -0.526357    -0.632434    -0.738944    -0.845953    -0.953524     -1.06172     -1.17059     -1.28018     -1.39055     -1.50173     -1.61375     -1.72663     -1.84038       -1.955     -2.07048     -2.18677     -2.30385     -2.42162        -2.54     -2.65885     -2.77804     -2.89736     -3.01659     -3.13546     -3.25368     -3.37092      -3.4869     -3.60138     -3.71429     -3.82571     -3.93499     -4.03231     -4.03105     -4.01899     -4.08918     -4.25991     -4.36696     -4.56583     -4.75296     -4.91821      -5.0727     -5.32131     -5.51071     -5.80778     -6.19679     -6.58231 
           0   -0.0999569    -0.199968    -0.300088    -0.400369    -0.500863    -0.601617    -0.702678    -0.804088    -0.905884      -1.0081     -1.11075     -1.21387     -1.31745     -1.42149     -1.52599      -1.6309     -1.73618     -1.84175     -1.94754      -2.0534      -2.1592     -2.26472     -2.36973     -2.47392     -2.57694     -2.67834     -2.77761     -2.87413     -2.96721      -3.0561     -3.14006     -3.21845     -3.29098     -3.35807      -3.4219      -3.4921     -3.65592     -3.86987     -4.14456     -4.11732     -4.36879     -4.32839     -4.44807     -4.67987     -5.07298     -5.17804     -5.56469      -5.6513     -5.80284     -6.01552 
           0   -0.0948654    -0.189766    -0.284737    -0.379811    -0.475019    -0.570388    -0.665943    -0.761701    -0.857675     -0.95387     -1.05028      -1.1469     -1.24368     -1.34061      -1.4376     -1.53459     -1.63147     -1.72811     -1.82433     -1.91994     -2.01467     -2.10822     -2.20019     -2.29013     -2.37747     -2.46154     -2.54153     -2.61649     -2.68531     -2.74675     -2.79949     -2.84229     -2.87425     -2.89541     -2.90793     -2.92005      -2.9591     -3.00893     -3.05374     -3.11416     -3.21206     -3.33627      -3.4942     -3.68708     -3.91422     -4.16865      -4.4619     -4.77241     -5.08018     -5.40329 
           0   -0.0897266     -0.17947    -0.269247    -0.359072    -0.448956    -0.538907    -0.628927    -0.719014    -0.809156    -0.899333    -0.989513     -1.07965     -1.16969     -1.25956     -1.34914     -1.43833     -1.52695     -1.61484     -1.70174     -1.78738     -1.87141     -1.95341     -2.03287     -2.10919     -2.18162     -2.24928     -2.31107     -2.36572      -2.4117     -2.44723     -2.47028      -2.4787     -2.47047     -2.44421     -2.39937     -2.32966     -2.15706     -1.98212     -1.91037     -1.96873     -1.99399     -2.14394     -2.31355     -2.49192     -2.68965     -3.01164     -3.30049     -3.72003     -4.24355     -4.76096 
           0   -0.0845647    -0.169129    -0.253693    -0.338252      -0.4228    -0.507327    -0.591815     -0.67624    -0.760571    -0.844764    -0.928762      -1.0125     -1.09588     -1.17879     -1.26111     -1.34267     -1.42327     -1.50266     -1.58057     -1.65663     -1.73044     -1.80147     -1.86913     -1.93267      -1.9912     -2.04365     -2.08871     -2.12479     -2.14996     -2.16188     -2.15775     -2.13427     -2.08773     -2.01459     -1.91362     -1.79499     -1.75638     -1.77609     -1.88588     -1.73354     -1.89569     -1.80245     -1.90162      -2.1439      -2.5787     -2.75945     -3.25334     -3.48042     -3.79237     -4.16181 
           0   -0.0794025    -0.158789    -0.238143    -0.317444    -0.396669    -0.475791    -0.554775    -0.633578    -0.712149    -0.790423    -0.868323    -0.945755      -1.0226     -1.09873     -1.17398     -1.24814     -1.32099     -1.39223     -1.46155     -1.52852     -1.59268     -1.65345     -1.71014     -1.76192     -1.80778     -1.84651     -1.87662     -1.89629     -1.90327     -1.89474     -1.86717     -1.81603     -1.73554     -1.61839      -1.4566     -1.24884     -1.02985    -0.829763    -0.677346    -0.601497    -0.603989    -0.673601     -0.80876     -1.00855     -1.27353     -1.60468     -2.01206     -2.49176     -3.01192     -3.54291 
           0   -0.0742613    -0.148492    -0.222661    -0.296733    -0.370671    -0.444431    -0.517963    -0.591208    -0.664096    -0.736547    -0.808462    -0.879729    -0.950211     -1.01975     -1.08815      -1.1552     -1.22063     -1.28412      -1.3453     -1.40375     -1.45893     -1.51023      -1.5569     -1.59806     -1.63263     -1.65932     -1.67653     -1.68231     -1.67422     -1.64915     -1.60309     -1.53065     -1.42431     -1.27278       -1.057    -0.736869    -0.196519     0.338384     0.641512       0.7113     0.786755     0.686354     0.539429     0.360423     0.135877    -0.262669    -0.653176     -1.27343     -2.11768     -2.94908 
           0   -0.0691603    -0.138277    -0.207306    -0.276199    -0.344905    -0.413367    -0.481521    -0.549294    -0.616602    -0.683347    -0.749418    -0.814684    -0.878992    -0.942165     -1.00399     -1.06424     -1.12261     -1.17879     -1.23236     -1.28289     -1.32981     -1.37249     -1.41017     -1.44194     -1.46669     -1.48313     -1.48964     -1.48426     -1.46452     -1.42731     -1.36857     -1.28281     -1.16224    -0.994964    -0.760627    -0.419022     0.111947     0.626143     0.920154      1.02538      1.09126      1.02785     0.898988      0.71403     0.464615    0.0878498    -0.325242    -0.922168     -1.72942     -2.53463 
           0   -0.0641168    -0.128179     -0.19213    -0.255911    -0.319459    -0.382706    -0.445575    -0.507981    -0.569829    -0.631009    -0.691396    -0.750847    -0.809197    -0.866256    -0.921804    -0.975586     -1.02731     -1.07662     -1.12313     -1.16636     -1.20578     -1.24073     -1.27047     -1.29409     -1.31054     -1.31854     -1.31657     -1.30276     -1.27483     -1.22992      -1.1644     -1.07352    -0.950924    -0.787889    -0.572585    -0.292362    0.0449686     0.361104     0.580491     0.692784     0.729117     0.683161     0.567191     0.383602     0.131059    -0.201451    -0.605835      -1.1105     -1.70086     -2.29794 
           0   -0.0591461    -0.118228    -0.177179     -0.23593     -0.29441    -0.352539    -0.410232    -0.467393    -0.523919    -0.579688    -0.634569    -0.688409    -0.741034    -0.792246     -0.84182    -0.889495    -0.934971    -0.977905      -1.0179     -1.05449     -1.08715     -1.11525     -1.13808     -1.15478     -1.16438     -1.16569     -1.15734     -1.13767     -1.10473     -1.05613    -0.989004    -0.899866    -0.784604    -0.638721    -0.458642    -0.246068   -0.0173643     0.191833     0.346967     0.431442     0.450956     0.402498     0.291241     0.118713    -0.115255    -0.414284     -0.77337     -1.19563     -1.66151     -2.13455 
           0   -0.0542612     -0.10845    -0.162491    -0.216309    -0.269822    -0.322945    -0.375583    -0.427635    -0.478987    -0.529516     -0.57908    -0.627522    -0.674665    -0.720309    -0.764224    -0.806153      -0.8458    -0.882828    -0.916853    -0.947433    -0.974064    -0.996165     -1.01307     -1.02401     -1.02809      -1.0243     -1.01144    -0.988169      -0.9529     -0.90385    -0.839019    -0.756281    -0.653623    -0.529777    -0.385629    -0.226775   -0.0662998    0.0761232      0.18133     0.236238     0.239255     0.186474    0.0796573   -0.0803397    -0.292811    -0.557815    -0.869468     -1.22397     -1.60611     -1.99531 
           0    -0.049473   -0.0988665      -0.1481     -0.19709     -0.24575    -0.293987    -0.341703    -0.388789    -0.435128    -0.480592    -0.525036    -0.568302    -0.610212    -0.650566    -0.689139    -0.725681    -0.759905    -0.791491    -0.820074    -0.845244    -0.866536    -0.883421    -0.895304    -0.901511     -0.90128    -0.893757    -0.877985    -0.852909    -0.817382    -0.770201    -0.710185     -0.63634    -0.548182     -0.44632    -0.333395    -0.215222    -0.101414  -0.00426511     0.064218    0.0944781    0.0832632    0.0265082   -0.0756328    -0.222691     -0.41349    -0.646464    -0.915706      -1.2161     -1.53641     -1.86345 
           0   -0.0447902    -0.089496    -0.134032    -0.178309    -0.222237    -0.265718    -0.308649     -0.35092    -0.392412    -0.432992    -0.472517    -0.510829    -0.547753    -0.583095    -0.616637    -0.648138    -0.677331    -0.703913    -0.727551    -0.747869    -0.764451    -0.776831    -0.784494     -0.78687    -0.783334    -0.773207    -0.755764    -0.730248    -0.695906    -0.652047     -0.59815    -0.534039    -0.460171     -0.37805    -0.290741    -0.203314    -0.122854   -0.0576746   -0.0158949  -0.00448664   -0.0266543   -0.0860175    -0.183034    -0.317405    -0.487802    -0.692114    -0.925047     -1.18179     -1.45397     -1.73243 
           0   -0.0402198   -0.0803515    -0.120306    -0.159992    -0.199314    -0.238173    -0.276464    -0.314075    -0.350886    -0.386765    -0.421572    -0.455151    -0.487332     -0.51793    -0.546738    -0.573531    -0.598059    -0.620048    -0.639194    -0.655165    -0.667597    -0.676092    -0.680219    -0.679515     -0.67349    -0.661636     -0.64344    -0.618416    -0.586143    -0.546338    -0.498957    -0.444354    -0.383485    -0.318172    -0.251355    -0.187229    -0.131108   -0.0889109    -0.066398   -0.0687106   -0.0985488    -0.158888    -0.250316    -0.372586    -0.524398    -0.703627    -0.905786     -1.12677     -1.36022     -1.59942 
           0   -0.0357666   -0.0714427    -0.106937    -0.142156    -0.177003    -0.211378    -0.245175    -0.278282    -0.310579     -0.34194    -0.372224    -0.401284    -0.428957    -0.455068    -0.479423    -0.501816    -0.522019    -0.539786    -0.554848    -0.566918    -0.575685     -0.58082    -0.581976    -0.578792    -0.570905    -0.557961    -0.539635    -0.515664    -0.485891     -0.45033    -0.409259    -0.363331    -0.313721    -0.262269    -0.211597    -0.165117    -0.126885    -0.101261   -0.0924617    -0.104319    -0.138973    -0.198767    -0.284225    -0.395101    -0.530211    -0.687626    -0.863645     -1.05488     -1.25643     -1.46319 
           0   -0.0314337   -0.0627758   -0.0939339    -0.124814    -0.155318    -0.185348    -0.214796    -0.243554    -0.271504    -0.298522    -0.324475    -0.349222    -0.372609    -0.394473    -0.414638    -0.432915    -0.449099    -0.462975    -0.474311    -0.482862    -0.488373    -0.490579    -0.489212    -0.484006     -0.47471    -0.461102    -0.443014    -0.420359    -0.393175     -0.36168    -0.326343    -0.287966    -0.247772    -0.207482    -0.169354    -0.136154    -0.111021   -0.0972419   -0.0979668    -0.116079    -0.153224    -0.211205    -0.290422    -0.390619    -0.510753    -0.649157     -0.80281    -0.968962     -1.14375     -1.32324 
           0   -0.0272226   -0.0543536   -0.0813005    -0.107969    -0.134264    -0.160086     -0.18533    -0.209891    -0.233654    -0.256501    -0.278305    -0.298933    -0.318243    -0.336085    -0.352298    -0.366713    -0.379152    -0.389427    -0.397343    -0.402697    -0.405286    -0.404904    -0.401354    -0.394454     -0.38405    -0.370029    -0.352344    -0.331041    -0.306294     -0.27845    -0.248078    -0.216027    -0.183478    -0.151975    -0.123433    -0.100093    -0.084413   -0.0789103    -0.085972    -0.107784    -0.145589     -0.20076    -0.273569    -0.363756    -0.470418    -0.592144    -0.726481    -0.871198     -1.02323     -1.17947 
           0   -0.0231336   -0.0461763   -0.0690368   -0.0916223    -0.113838    -0.135587     -0.15677    -0.177281    -0.197012    -0.215851    -0.233679    -0.250371    -0.265797     -0.27982    -0.292296    -0.303078    -0.312009    -0.318932    -0.323685    -0.326105    -0.326035    -0.323323    -0.317835     -0.30946     -0.29812    -0.283792     -0.26652    -0.246444    -0.223825    -0.199081    -0.172822    -0.145884    -0.119356   -0.0945962   -0.0732133   -0.0570254   -0.0479745   -0.0480119    -0.058966   -0.0825034    -0.119554    -0.171155    -0.237475    -0.318256     -0.41272     -0.51969    -0.637169    -0.763348    -0.895776     -1.03196 
           0   -0.0191654   -0.0382416   -0.0571388   -0.0757664    -0.094032    -0.111841    -0.129098    -0.145701    -0.161549    -0.176535    -0.190547    -0.203472     -0.21519    -0.225578    -0.234511    -0.241857    -0.247486    -0.251266    -0.253066     -0.25276    -0.250231    -0.245376    -0.238112    -0.228385    -0.216182    -0.201544    -0.184582    -0.165497    -0.144601    -0.122345   -0.0993365   -0.0763649   -0.0544121   -0.0346523   -0.0184333  -0.00723408  -0.00259955  -0.00605584   -0.0190152   -0.0427561   -0.0779686    -0.125435    -0.185246    -0.257152    -0.340488    -0.434275    -0.536884    -0.646845    -0.762181    -0.880876 
           0   -0.0153161   -0.0305451   -0.0455998   -0.0603919   -0.0748322   -0.0888296    -0.102292    -0.115123    -0.127227    -0.138504    -0.148851    -0.158163    -0.166333    -0.173252    -0.178808    -0.182891    -0.185391    -0.186199    -0.185214    -0.182341      -0.1775    -0.170625    -0.161677    -0.150649    -0.137575    -0.122543    -0.105709   -0.0873116   -0.0676873   -0.0472892   -0.0267009  -0.00664722    0.0120017    0.0282376    0.0409348    0.0488862    0.0508555      0.04564    0.0321413   0.00937258   -0.0231753   -0.0660942    -0.119418    -0.182912    -0.256011    -0.337904    -0.427253    -0.522867     -0.62314    -0.726434 
           0   -0.0115826   -0.0230809   -0.0344103   -0.0454857   -0.0562211   -0.0665294   -0.0763224   -0.0855104    -0.094002    -0.101705    -0.108524    -0.114364     -0.11913    -0.122725    -0.125052    -0.126017    -0.125531    -0.123506    -0.119866    -0.114544    -0.107487   -0.0986645   -0.0880706    -0.075733    -0.061721   -0.0461551   -0.0292185   -0.0111678   0.00765462    0.0268097    0.0457534    0.0638313    0.0802808    0.0942406     0.104771     0.110884     0.111584     0.105918    0.0930259    0.0721406    0.0428877   0.00481759   -0.0420667   -0.0975493    -0.161153    -0.232204    -0.309607     -0.39239    -0.479246    -0.568839 
           0  -0.00796144   -0.0158416   -0.0235591   -0.0310321   -0.0381783   -0.0449147   -0.0511577   -0.0568227   -0.0618245   -0.0660774   -0.0694951   -0.0719914   -0.0734806   -0.0738781   -0.0731017   -0.0710726   -0.0677171   -0.0629687   -0.0567706   -0.0490789   -0.0398663   -0.0291268    -0.016881  -0.00318227    0.0118762    0.0281534    0.0454522    0.0635109    0.0819949      0.10049     0.118498     0.135436      0.15064     0.163377     0.172862     0.178283     0.178836      0.17376     0.162375     0.144082     0.118607    0.0856037    0.0450983  -0.00271628    -0.057438    -0.118511    -0.185035    -0.256221    -0.331001    -0.408284 
           0  -0.00444858  -0.00881918   -0.0130337   -0.0170139   -0.0206812    -0.023957   -0.0267621   -0.0290173   -0.0306434   -0.0315612   -0.0316921   -0.0309584   -0.0292842   -0.0265957    -0.022823   -0.0179008   -0.0117703  -0.00438114   0.00430578    0.0143158    0.0256569    0.0383154    0.0522516    0.0673943    0.0836351     0.100822     0.118755     0.137175     0.155765     0.174141     0.191853     0.208387     0.223167      0.23557     0.244939     0.250607     0.251918     0.248262     0.239098     0.223955     0.202629     0.174853     0.140662     0.100225    0.0538786   0.00207761   -0.0544379    -0.115029    -0.178826    -0.244939 
           0  -0.00103969  -0.00200477  -0.00282061  -0.00341257  -0.00370603  -0.00362638   -0.0030992  -0.00205034 -0.000406184   0.00190607   0.00495798   0.00881929    0.0135573    0.0192358    0.0259143    0.0336463     0.042478    0.0524462    0.0635757    0.0758774    0.0893443     0.103948     0.119637     0.136327     0.153902     0.172208     0.191045     0.210168      0.22928     0.248031     0.266018      0.28279     0.297851     0.310671     0.320699     0.327385     0.330192     0.328625     0.322254       0.3107     0.293814     0.271383     0.243446     0.210145     0.171758     0.128655    0.0814413    0.0306293   -0.0230743   -0.0789475 
           0   0.00226973   0.00461067   0.00709399   0.00979072    0.0127717    0.0161074    0.0198679    0.0241224    0.0289392    0.0343854    0.0405259    0.0474235    0.0551377    0.0637238     0.073232    0.0837062     0.095182     0.107685      0.12123     0.135815     0.151423     0.168017     0.185535     0.203888     0.222958     0.242591     0.262598     0.282746     0.302764     0.322335     0.341103     0.358674     0.374619      0.38849     0.399825     0.408165      0.41307     0.414137     0.411017     0.403407     0.391191     0.374197      0.35246     0.326099     0.295336     0.260467     0.221985     0.180294     0.135964    0.0895755 
           0   0.00548417    0.0110362    0.0167239    0.0226149    0.0287761    0.0352743    0.0421753    0.0495438    0.0574433    0.0659354    0.0750794    0.0849317    0.0955451     0.106968     0.119242     0.132404      0.14648     0.161489     0.177435      0.19431     0.212089     0.230728     0.250161     0.270299     0.291024     0.312189     0.333614     0.355087      0.37636     0.397151     0.417146        0.436     0.453348     0.468807      0.48199     0.492513     0.500013      0.50416     0.504667     0.501286     0.493927     0.482446      0.46687     0.447291     0.423884     0.396882     0.366677     0.333583     0.298052     0.260542 
           0   0.00860807    0.0172808    0.0260828    0.0350782    0.0443307    0.0539033    0.0638579    0.0742551     0.085154    0.0966114     0.108682     0.121416     0.134861     0.149058     0.164046     0.179851     0.196496     0.213991     0.232336     0.251517     0.271504      0.29225      0.31369     0.335734      0.35827      0.38116     0.404238      0.42731     0.450153     0.472517     0.494128     0.514687      0.53388     0.551383     0.566868     0.580016     0.590524     0.598118     0.602561     0.603646     0.601302       0.5954     0.585959     0.573045      0.55679     0.537366     0.515084     0.490177     0.462993     0.433887 
           0    0.0116457     0.023353    0.0351836    0.0471984    0.0594579    0.0720218    0.0849484    0.0982947     0.112116     0.126465     0.141391     0.156941     0.173157     0.190077     0.207732     0.226146     0.245335     0.265306     0.286054     0.307562       0.3298      0.35272     0.376256     0.400325     0.424821     0.449617      0.47456     0.499478     0.524172     0.548423      0.57199     0.594617     0.616034     0.635967     0.654139     0.670281     0.684141     0.695488     0.704126     0.709879     0.712684     0.712426     0.709111      0.70278     0.693525     0.681467     0.666841     0.649809      0.63063     0.609564 
           0     0.014601    0.0292609    0.0440384    0.0589917    0.0741785    0.0896551     0.105477     0.121698      0.13837     0.155541     0.173259     0.191566       0.2105     0.230095     0.250378     0.271371     0.293087     0.315528     0.338689     0.362551     0.387084     0.412241     0.437962     0.464167     0.490761     0.517627      0.54463     0.571616     0.598409     0.624819     0.650637     0.675644      0.69961     0.722301     0.743483     0.762931     0.780432     0.795793     0.808845     0.819438     0.827514     0.832965     0.835785     0.835988     0.833632      0.82879     0.821631     0.812251     0.800831     0.787545 
           0    0.0174777    0.0350118    0.0526584    0.0704733    0.0885114     0.106827     0.125472     0.144497     0.163952     0.183883     0.204332     0.225341     0.246944     0.269173     0.292051     0.315599     0.339826     0.364735      0.39032     0.416562     0.443433      0.47089     0.498877     0.527322     0.556139     0.585225      0.61446     0.643709     0.672819     0.701626      0.72995     0.757605     0.784394     0.810121     0.834588     0.857606     0.878993     0.898587     0.916243     0.931827     0.945287     0.956518     0.965497      0.97222     0.976707      0.97899     0.979177     0.977307     0.973487     0.967812 
           0    0.0202791    0.0406124    0.0610538    0.0816568     0.102474     0.123557     0.144956      0.16672     0.188895     0.211525     0.234651     0.258311     0.282538     0.307361     0.332804     0.358884     0.385611     0.412988     0.441008     0.469656     0.498905     0.528719     0.559046     0.589824     0.620976     0.652414     0.684032     0.715714      0.74733     0.778738     0.809787     0.840317     0.870165     0.899163     0.927147     0.953956     0.979438      1.00345      1.02588      1.04659      1.06554      1.08263      1.09781      1.11107      1.12238      1.13175      1.13923       1.1448       1.1485      1.15035 
           0    0.0230083    0.0460688    0.0692335     0.092554     0.116081     0.139864     0.163952     0.188391     0.213225     0.238498     0.264248     0.290511      0.31732     0.344703     0.372681     0.401273     0.430488     0.460331     0.490796     0.521872     0.553536     0.585756     0.618489     0.651681     0.685267     0.719171     0.753303     0.787565     0.821848     0.856031     0.889989     0.923587      0.95669     0.989158      1.02085      1.05164       1.0814         1.11      1.13734       1.1633      1.18785      1.21087      1.23232      1.25215      1.27032      1.28679      1.30156      1.31456      1.32578      1.33516 
           0    0.0256677    0.0513859    0.0772052     0.103175     0.129345     0.155764     0.182477      0.20953     0.236966     0.264827     0.293151     0.321972     0.351322     0.381228     0.411714     0.442797     0.474488     0.506794     0.539712     0.573234     0.607342     0.642011     0.677205     0.712881     0.748984     0.785451     0.822208     0.859174     0.896259     0.933363     0.970384      1.00721      1.04373      1.07984      1.11541      1.15034      1.18451      1.21784      1.25022      1.28156       1.3118      1.34085      1.36864       1.3951      1.42019      1.44381      1.46593      1.48643      1.50523      1.52222 
           0    0.0282595    0.0565683    0.0849754     0.113529     0.142278     0.171268     0.200546     0.230155     0.260137     0.290533     0.321381     0.352715     0.384566     0.416962     0.449927     0.483479     0.517633     0.552396      0.58777      0.62375     0.660326     0.697477     0.735178     0.773394     0.812081     0.851191     0.890664     0.930436     0.970433      1.01058      1.05079      1.09098      1.13105      1.17093      1.21051      1.24971      1.28844      1.32661      1.36414      1.40096        1.437      1.47216      1.50638      1.53958      1.57167      1.60254      1.63211      1.66023      1.68674      1.71149 
           0    0.0307856    0.0616195    0.0925495     0.123623     0.154888     0.186388     0.218171     0.250278     0.282751     0.315631     0.348955     0.382757     0.417069      0.45192     0.487334     0.523332     0.559931     0.597141     0.634969     0.673415     0.712473     0.752132     0.792373     0.833173     0.874499     0.916314     0.958575      1.00123      1.04423      1.08751      1.13101      1.17467       1.2184      1.26216      1.30586      1.34943      1.39281      1.43593      1.47873      1.52111      1.56304      1.60442      1.64518      1.68522      1.72443      1.76269      1.79987      1.83577      1.87021      1.90294 
           0    0.0332474    0.0665422    0.0999316     0.133462     0.167181     0.201132     0.235361     0.269909      0.30482     0.340132     0.375883     0.412108      0.44884     0.486109     0.523941      0.56236     0.601383     0.641027     0.681301     0.722212      0.76376     0.805941     0.848745     0.892158     0.936161     0.980728      1.02583      1.07143       1.1175      1.16399      1.21085      1.25805      1.30553      1.35325      1.40115      1.44918       1.4973      1.54545      1.59358      1.64163      1.68955      1.73724      1.78464      1.83164      1.87813      1.92394      1.96892      2.01284      2.05546      2.09648 
           0    0.0356459    0.0713387     0.107125     0.143051     0.179163     0.215505     0.252121     0.289056     0.326349     0.364041     0.402171     0.440774     0.479884     0.519533     0.559749     0.600558     0.641982      0.68404     0.726747     0.770115     0.814151     0.858858     0.904237     0.950282     0.996984      1.04433      1.09231       1.1409      1.19008      1.23982       1.2901       1.3409      1.39218      1.44391      1.49607      1.54863      1.60155       1.6548      1.70834      1.76212       1.8161      1.87021      1.92437      1.97847      2.03238      2.08594      2.13896      2.19118      2.24231      2.29198 
           0     0.037982    0.0760104     0.114132     0.152392     0.190836      0.22951     0.268457     0.307721     0.347342     0.387363     0.427822     0.468755       0.5102     0.552188      0.59475     0.637916     0.681712     0.726159     0.771279     0.817089     0.863603     0.910831     0.958783      1.00746      1.05688      1.10702      1.15789      1.20948       1.2618      1.31482      1.36855      1.42298      1.47809      1.53387      1.59033      1.64744       1.7052      1.76359      1.82258      1.88216      1.94229       2.0029      2.06392      2.12526      2.18679      2.24832      2.30965      2.37048      2.43049      2.48927 
           0     0.040256    0.0805583     0.120953     0.161486     0.202204      0.24315      0.28437     0.325906     0.367801     0.410097     0.452833     0.496049     0.539781     0.584065     0.628934      0.67442     0.720552     0.767359     0.814865     0.863093     0.912065     0.961799      1.01231      1.06362      1.11573      1.16867      1.22243      1.27704      1.33249       1.3888      1.44599      1.50405        1.563      1.62284       1.6836      1.74529       1.8079      1.87145      1.93593      2.00134      2.06766      2.13485      2.20285      2.27157      2.34089      2.41062      2.48055      2.55036       2.6197       2.6881 
           0    0.0424681    0.0849826      0.12759     0.170335     0.213265     0.256425     0.299858      0.34361     0.387723      0.43224     0.477202     0.522649      0.56862     0.615153     0.662284     0.710048     0.758478     0.807607     0.857465     0.908081     0.959483       1.0117      1.06475      1.11866      1.17346      1.22917      1.28581       1.3434      1.40198      1.46157      1.52219      1.58387      1.64664      1.71053      1.77558      1.84182      1.90927      1.97798      2.04795      2.11921      2.19176      2.26559      2.34065      2.41688      2.49416      2.57233      2.65117      2.73036      2.80952      2.88812 
           0    0.0446185    0.0892834     0.134041     0.178938      0.22402     0.269333     0.314922     0.360831     0.407105     0.453787      0.50092     0.548545     0.596704     0.645436     0.694781     0.744777     0.795461      0.84687     0.899039     0.952003       1.0058      1.06045      1.11601      1.17249      1.22994      1.28839      1.34787      1.40843       1.4701      1.53292      1.59694       1.6622      1.72875      1.79665      1.86595       1.9367      2.00896      2.08278      2.15822      2.23531       2.3141      2.39459      2.47678      2.56063      2.64605      2.73288      2.82095      2.90992      2.99941      3.08887 
           0    0.0467068    0.0934603     0.140307     0.187294     0.234467     0.281873     0.329557     0.377565     0.425941     0.474731     0.523978     0.573726     0.624018     0.674897     0.726404     0.778581     0.831469     0.885109     0.939542     0.994808      1.05095        1.108      1.16601      1.22502      1.28507      1.34622      1.40849      1.47196      1.53666      1.60267      1.67002      1.73881      1.80908      1.88091      1.95438      2.02957      2.10657      2.18545      2.26629      2.34917      2.43417      2.52132      2.61066       2.7022      2.79588      2.89159      2.98918      3.08835      3.18871      3.28973 
           0    0.0487328    0.0975126     0.146387     0.195402     0.244604     0.294042      0.34376     0.393806     0.444225     0.495064     0.546367      0.59818     0.650548     0.703517      0.75713     0.811432      0.86647     0.922286     0.978928      1.03644      1.09487      1.15427      1.21468      1.27615      1.33875      1.40252      1.46753      1.53384      1.60151      1.67061      1.74123      1.81345      1.88734      1.96302      2.04057       2.1201      2.20173      2.28556      2.37171      2.46029      2.55142      2.64518      2.74166       2.8409      2.94293      3.04769      3.15506      3.26482      3.37661      3.48991 
           0     0.050696     0.101439     0.152278     0.203258     0.254428     0.305836     0.357527     0.409549      0.46195     0.514776     0.568074     0.621892     0.676277     0.731275     0.786934     0.843303     0.900429     0.958361      1.01715      1.07685      1.13751      1.19918      1.26192       1.3258      1.39087       1.4572      1.52485      1.59391      1.66446      1.73658      1.81035      1.88589       1.9633       2.0427       2.1242      2.20794      2.29406       2.3827      2.47401      2.56815      2.66529      2.76555      2.86908        2.976      3.08639      3.20028      3.31765      3.43833      3.56206      3.68838 
           0    0.0525959      0.10524     0.157979     0.210862     0.263937      0.31725     0.370851     0.424787     0.479107     0.533858     0.589089     0.644849     0.701187     0.758151     0.815793     0.874163     0.933313     0.993296      1.05417      1.11598      1.17879      1.24267      1.30767      1.37387      1.44132      1.51012      1.58033      1.65205      1.72537      1.80038      1.87719      1.95593      2.03671      2.11967      2.20496      2.29274      2.38318      2.47645      2.57274      2.67225       2.7752      2.88179      2.99222      3.10669      3.22537       3.3484      3.47586      3.60772      3.74383      3.88384 
           0     0.054432     0.108912     0.163489     0.218211     0.273126     0.328282     0.383729     0.439515     0.495689     0.552301       0.6094     0.667036     0.725261     0.784126     0.843684     0.903987     0.965092      1.02705      1.08993      1.15378      1.21868      1.28468      1.35185      1.42028      1.49003      1.56119      1.63385      1.70811      1.78407      1.86184      1.94155      2.02333      2.10732      2.19368      2.28258      2.37419      2.46872      2.56639      2.66742      2.77206      2.88058      2.99323      3.11031      3.23211       3.3589      3.49094      3.62846      3.77159      3.92038      4.07466 
           0    0.0562039     0.112456     0.168806     0.225302     0.281992     0.338927     0.396155     0.453725     0.511688     0.570094     0.628995     0.688441     0.748485     0.809181     0.870583     0.932748     0.995733       1.0596       1.1244      1.19022       1.2571      1.32514      1.39439      1.46494      1.53688       1.6103      1.68529      1.76197      1.84043      1.92082      2.00327      2.08792      2.17493      2.26448      2.35675      2.45197      2.55035      2.65214      2.75762      2.86707      2.98083      3.09921       3.2226      3.35138      3.48594      3.62671      3.77407      3.92839      4.08994      4.25885 
           0    0.0579109     0.115871     0.173928     0.232133     0.290534     0.349181     0.408124     0.467412     0.527097      0.58723     0.647864      0.70905     0.770843     0.833298     0.896472     0.960422      1.02521       1.0909      1.15755      1.22524      1.29403        1.364      1.43523       1.5078      1.58182      1.65737      1.73456      1.81351      1.89433      1.97717      2.06217       2.1495      2.23932      2.33183      2.42724      2.52579      2.62772      2.73333      2.84291       2.9568      3.07539      3.19908      3.32832       3.4636      3.60546      3.75446      3.91122      4.07634      4.25042      4.43399 
           0    0.0595527     0.119155     0.178855     0.238703     0.298749     0.359042     0.419632     0.480571     0.541911     0.603702     0.665998     0.728853     0.792322     0.856462     0.921331     0.986989       1.0535      1.12093      1.18934       1.2588       1.3294       1.4012      1.47431      1.54879      1.62476      1.70231      1.78156      1.86263      1.94565      2.03076      2.11813      2.20792      2.30032      2.39554      2.49382      2.59539      2.70055       2.8096      2.92288      3.04078      3.16374       3.2922      3.42673       3.5679      3.71638      3.87292      4.03834      4.21355      4.39952      4.59727 
           0    0.0611289     0.122307     0.183584      0.24501     0.306633     0.368506     0.430677     0.493199     0.556123     0.619502     0.683389     0.747841     0.812912      0.87866     0.945146      1.01243      1.08058      1.14966      1.21973      1.29088      1.36319      1.43672      1.51158      1.58785      1.66565      1.74506      1.82622      1.90925      1.99429      2.08148      2.17101      2.26304      2.35778      2.45544      2.55628      2.66055      2.76857      2.88067      2.99721      3.11863      3.24539      3.37803      3.51715      3.66345      3.81771      3.98085       4.1539      4.33808      4.53476      4.74554 
           0    0.0626393     0.125328     0.188116     0.251052     0.314187     0.377571     0.441255     0.505291      0.56973     0.634626     0.700033     0.766006     0.832604     0.899883     0.967906      1.03673      1.10643      1.17707      1.24872      1.32146      1.39536      1.47052      1.54701      1.62495      1.70443      1.78557      1.86848       1.9533      2.04017      2.12925      2.22072      2.31475      2.41156      2.51138      2.61446      2.72108      2.83157      2.94628       3.0656      3.18998      3.31995      3.45606        3.599      3.74954      3.90856      4.07712      4.25646      4.44806      4.65369       4.8755 
           0    0.0640839     0.128217     0.192449      0.25683     0.321409     0.386238     0.451366     0.516846     0.582729     0.649071     0.715924     0.783346     0.851392     0.920123       0.9896      1.05989      1.13105      1.20316      1.27628       1.3505       1.4259      1.50256      1.58058      1.66005      1.74108      1.82378      1.90829      1.99472      2.08324        2.174      2.26718      2.36297      2.46158      2.56325      2.66824      2.77685      2.88939      3.00625      3.12783       3.2546       3.3871      3.52594      3.67182      3.82559       3.9882      4.16081      4.34481      4.54187      4.75409      4.98409 
           0    0.0654626     0.130974     0.196585     0.262343       0.3283     0.394505     0.461009     0.527863     0.595121     0.662836     0.731062     0.799856     0.869274     0.939377      1.01023      1.08189      1.15442      1.22791      1.30241      1.37801      1.45479      1.53284      1.61225      1.69312      1.77556      1.85969      1.94562      2.03349      2.12346      2.21569      2.31035      2.40764      2.50777      2.61098      2.71754      2.82775      2.94193      3.06046      3.18375      3.31229      3.44663      3.58739       3.7353      3.89121      4.05613      4.23127      4.41807      4.61834      4.83432      5.06889 
           0    0.0667757       0.1336     0.200523     0.267593      0.33486     0.402373     0.470185     0.538345     0.606907     0.675923     0.745448     0.815538     0.886251     0.957645      1.02978      1.10273      1.17655      1.25131       1.3271      1.40398      1.48203      1.56135      1.64203      1.72417      1.80788      1.89326      1.98046      2.06959      2.16082       2.2543       2.3502      2.44873       2.5501      2.65455      2.76233      2.87375      2.98913      3.10884      3.23331        3.363      3.49846      3.64032      3.78929      3.94623      4.11213      4.28818      4.47585      4.67689      4.89353      5.12864 
           0    0.0680236     0.136096     0.204265      0.27258     0.341091     0.409846     0.478897     0.548293     0.618088     0.688334     0.759084     0.830396     0.902325     0.974931      1.04827      1.12242      1.19743      1.27339      1.35035       1.4284      1.50762       1.5881      1.66992       1.7532      1.83802      1.92452      2.01281      2.10302      2.19531      2.28982      2.38675      2.48627      2.58859      2.69396      2.80262      2.91486      3.03102      3.15143      3.27652      3.40674      3.54262      3.68475      3.83384      3.99069      4.15624      4.33163      4.51822      4.71762      4.93188      5.16353 
           0    0.0692068     0.138462     0.207812     0.277308     0.346996     0.416926     0.487148     0.557713      0.62867     0.700074     0.771977     0.844435     0.917503     0.991241      1.06571      1.14097      1.21709      1.29413      1.37218       1.4513      1.53157      1.61309      1.69593      1.78021      1.86602      1.95347      2.04269      2.13381      2.22696      2.32231      2.42002      2.52027      2.62328      2.72926      2.83846      2.95116      3.06766      3.18831       3.3135      3.44365      3.57926      3.72088      3.86917      4.02487      4.18883      4.36207      4.54577      4.74135      4.95048       5.1752 
           0    0.0703261     0.140699     0.211167     0.281778     0.352578     0.423618     0.494944     0.566609     0.638661     0.711152     0.784135     0.857665     0.931796      1.00659       1.0821      1.15839      1.23552      1.31357       1.3926      1.47268       1.5539      1.63634      1.72009      1.80524      1.89189      1.98015      2.07014      2.16199      2.25582      2.35179      2.45007      2.55082      2.65424      2.76054      2.86996      2.98275      3.09921      3.21965      3.34442      3.47394      3.60864      3.74903      3.89569      4.04927      4.21051      4.38027      4.55953      4.74942       4.9512      5.16633 
           0    0.0713823     0.142811     0.214333     0.285995     0.357843     0.429926     0.502292     0.574989     0.648067     0.721577     0.795569     0.870098     0.945217      1.02098      1.09745      1.17469      1.25275      1.33171      1.41163      1.49258      1.57464       1.6579      1.74243      1.82832      1.91568      2.00461      2.09522      2.18762      2.28196      2.37836      2.47699        2.578      2.68158      2.78793      2.89726      3.00981      3.12585      3.24566      3.36957      3.49792      3.63113      3.76963      3.91392      4.06453      4.22209      4.38728      4.56084       4.7436      4.93642      5.14018 
           0    0.0723767     0.144799     0.217312     0.289963     0.362796     0.435859     0.509199     0.582863       0.6569      0.73136     0.806292     0.881748     0.957782      1.03445       1.1118       1.1899      1.26881      1.34859      1.42931      1.51103      1.59383      1.67779      1.76299      1.84951      1.93745       2.0269      2.11798      2.21079      2.30545       2.4021      2.50088      2.60194      2.70544      2.81158      2.92054      3.03254      3.14781      3.26662      3.38924      3.51599       3.6472      3.78324      3.92451      4.07147      4.22457      4.38432      4.55125      4.72588      4.90871      5.10012 
           0    0.0733103     0.146665     0.220109     0.293687     0.367443     0.441424     0.515674     0.590242     0.665173     0.740516     0.816319     0.892634      0.96951        1.047      1.12516      1.20405      1.28372      1.36424      1.44566      1.52806      1.61151      1.69607      1.78183      1.86886      1.95726      2.04711      2.13851      2.23157      2.32641      2.42313      2.52187      2.62278      2.72599      2.83167      2.94001      3.05117      3.16539      3.28286      3.40384      3.52857      3.65735      3.79046      3.92822      4.07095        4.219       4.3727      4.53237      4.69828       4.8706      5.04936 
           0    0.0741847     0.148413     0.222727     0.297172     0.371791     0.446629     0.521728     0.597136     0.672898     0.749059     0.825669     0.902774     0.980424      1.05867      1.13757      1.21716      1.29752      1.37869      1.46074      1.54373      1.62772      1.71279        1.799      1.88644      1.97518       2.0653       2.1569      2.25008      2.34494      2.44157      2.54011      2.64068       2.7434      2.84843      2.95591        3.066      3.17888      3.29474      3.41376      3.53616      3.66215      3.79196      3.92581      4.06393      4.20652      4.35378      4.50584      4.66276      4.82447      4.99072 
           0    0.0750014     0.150045     0.225172     0.300426     0.375849     0.451484     0.527373     0.603561     0.680091     0.757009      0.83436      0.91219     0.990548      1.06948      1.14904      1.22928      1.31024      1.39199      1.47459      1.55808      1.64253      1.72801      1.81458      1.90232      1.99129      2.08158      2.17326      2.26643      2.36117      2.45758      2.55576      2.65583      2.75789      2.86208       2.9685      3.07731      3.18864      3.30264      3.41946      3.53926       3.6622      3.78843       3.9181      4.05132      4.18822      4.32884      4.47317      4.62111      4.77241      4.92663 
           0     0.075762     0.151565     0.227449     0.303455     0.379625     0.455999      0.53262     0.609529     0.686769     0.764383     0.842414     0.920908     0.999908      1.07946      1.15962      1.24042      1.32193      1.40418      1.48724      1.57116      1.65599       1.7418      1.82864      1.91659       2.0057      2.09604       2.1877      2.28074      2.37524       2.4713        2.569      2.66842      2.76968      2.87286      2.97807      3.08542      3.19501      3.30697       3.4214      3.53841       3.6581      3.78057      3.90587      4.03407      4.16517      4.29912      4.43579      4.57496      4.71625      4.85912 
           0    0.0764685     0.152976     0.229562     0.306267     0.383128     0.460187     0.537483     0.615057      0.69295     0.771201     0.849854     0.928951      1.00853      1.08865      1.16934      1.25065      1.33262      1.41531      1.49877      1.58304      1.66817      1.75423      1.84126      1.92933      2.01849       2.1088      2.20033      2.29314      2.38731       2.4829      2.57999      2.67866      2.77898      2.88103      2.98489      3.09064      3.19837      3.30814      3.42004      3.53413      3.65045      3.76904      3.88992      4.01305      4.13837      4.26575      4.39497      4.52571      4.65754      4.78984 
           0    0.0771226     0.154283     0.231519     0.308868     0.386369     0.464059     0.541977     0.620162     0.698652     0.777486     0.856705     0.936348      1.01646      1.09707      1.17823      1.25998      1.34237      1.42543      1.50922      1.59377      1.67914      1.76538      1.85252      1.94063      2.02976      2.11996      2.21128      2.30378      2.39752      2.49256      2.58895      2.68675      2.78603      2.88685      2.98926      3.09331      3.19907      3.30657      3.41585      3.52693      3.63983      3.75452      3.87097      3.98908      4.10874      4.22974      4.35181      4.47458      4.59756      4.72012 
           0    0.0777264     0.155489     0.233324     0.311268     0.389357     0.467627     0.546116      0.62486     0.703895      0.78326     0.862992     0.943127      1.02371      1.10476      1.18634      1.26848      1.35122      1.43459      1.51865      1.60343      1.68897      1.77531      1.86251       1.9506      2.03963      2.12964      2.22068      2.31279      2.40603      2.50043      2.59604      2.69291      2.79108      2.89059      2.99147      3.09376      3.19748      3.30265      3.40927      3.51732      3.62679      3.73761       3.8497      3.96292       4.0771        4.192       4.3073       4.4226      4.53739      4.65104 
           0    0.0782818     0.156598     0.234984     0.313474     0.392102     0.470905     0.549915     0.629169       0.7087     0.788546      0.86874     0.949318      1.03032      1.11177      1.19371      1.27618      1.35922      1.44285      1.52713      1.61207      1.69773      1.78413      1.87132      1.95933       2.0482      2.13796      2.22866      2.32033        2.413      2.50671      2.60148      2.69736      2.79436       2.8925      2.99181       3.0923      3.19395      3.29677      3.40073      3.50578      3.61187       3.7189      3.82675      3.93525       4.0442      4.15332      4.26227      4.37063      4.47789      4.58344 
           0    0.0787912     0.157615     0.236506     0.315495     0.394617     0.473904      0.55339     0.633107     0.713088     0.793367     0.873976     0.954949      1.03632      1.11812      1.20038      1.28314      1.36642      1.45027       1.5347      1.61977      1.70549       1.7919      1.87903      1.96691      2.05557      2.14504      2.23535      2.32653      2.41859      2.51156      2.60546       2.7003       2.7961      2.89286      2.99057      3.08924      3.18883      3.28932      3.39065      3.49275      3.59555      3.69891      3.80269      3.90669      4.01069      4.11438      4.21742      4.31939      4.41978        4.518 
           0    0.0792564     0.158544     0.237895      0.31734     0.396911     0.476639     0.556556     0.636692     0.717079     0.797747     0.878728     0.960052      1.04175      1.12385      1.20639      1.28938      1.37287      1.45689      1.54145      1.62659      1.71233      1.79871      1.88574      1.97345      2.06187      2.15101      2.24089      2.33153      2.42295      2.51515      2.60815      2.70194      2.79652      2.89189      2.98802      3.08488      3.18244      3.28063      3.37941      3.47866      3.57828      3.67813      3.77803      3.87779      3.97714      4.07578      4.17336      4.26947      4.36362      4.45525 
           0    0.0796796     0.159389     0.239158     0.319017     0.398996     0.479123     0.559429     0.639943     0.720694     0.801711     0.883022     0.964656      1.04664        1.129      1.21177      1.29497      1.37863      1.46277      1.54742       1.6326      1.71833      1.80464      1.89153      1.97904      2.06718      2.15596      2.24539      2.33548      2.42624      2.51766      2.60975      2.70249      2.79586      2.88984      2.98441       3.0795      3.17508      3.27106      3.36736      3.46387      3.56047      3.65699      3.75324      3.84902      3.94404      4.03802       4.1306      4.22137      4.30987       4.3956 
           0     0.080063     0.160154     0.240302     0.320535     0.400882     0.481369     0.562025     0.642878     0.723954     0.805281     0.886884     0.968791      1.05103      1.13362      1.21658      1.29995      1.38374      1.46798      1.55268      1.63787      1.72355      1.80976       1.8965      1.98379      2.07163      2.16003      2.24899      2.33852      2.42861      2.51925      2.61043      2.70213      2.79431      2.88694      2.97998      3.07337      3.16704      3.26089      3.35484      3.44875      3.54249      3.63588      3.72873       3.8208      3.91184      4.00153      4.08954      4.17548      4.25891      4.33936 
           0    0.0804085     0.160844     0.241333     0.321902     0.402579     0.483389     0.564359     0.645513     0.726879      0.80848     0.890341     0.972486      1.05494      1.13772      1.22085      1.30436      1.38825      1.47255      1.55728      1.64245      1.72808      1.81416      1.90073      1.98777       2.0753      2.16331       2.2518      2.34077       2.4302      2.52007      2.61036      2.70104      2.79207       2.8834      2.97498      3.06674      3.15858      3.25042      3.34214      3.43361      3.52468      3.61515      3.70484      3.79351      3.88089      3.96668      4.05055      4.13214      4.21103      4.28677 
           0    0.0807181     0.161462     0.242256     0.323127     0.404098     0.485196     0.566444     0.647867     0.729489     0.811331     0.893418      0.97577      1.05841      1.14135      1.22462      1.30824      1.39221      1.47655      1.56129      1.64642      1.73196      1.81792      1.90429      1.99108      2.07829      2.16592      2.25394      2.34236      2.43114      2.52026       2.6097       2.6994      2.78933      2.87942      2.96961      3.05982      3.14995       3.2399      3.32955      3.41874      3.50733      3.59512       3.6819      3.76745       3.8515      3.93376      4.01392       4.0916      4.16645      4.23804 
           0    0.0809938     0.162012     0.243078     0.324216     0.405449     0.486802     0.568297     0.649956     0.731802     0.813856     0.896138     0.978669      1.06147      1.14455      1.22793      1.31163      1.39566      1.48003      1.56475      1.64983      1.73528      1.82109      1.90727      1.99381      2.08071      2.16795      2.25552       2.3434      2.43156      2.51997      2.60859      2.69737      2.78625      2.87518      2.96407      3.05283      3.14137      3.22956      3.31729      3.40439       3.4907      3.57603      3.66018      3.74291      3.82396      3.90305      3.97987       4.0541      4.12536      4.19329 
           0    0.0812373     0.162497     0.243803     0.325177     0.406641     0.488218     0.569929     0.651796     0.733837     0.816074     0.898525     0.981208      1.06414      1.14734      1.23081      1.31458      1.39864      1.48302      1.56772      1.65274      1.73808      1.82374      1.90973      1.99602      2.08262      2.16949      2.25663        2.344      2.43158      2.51931      2.60717      2.69508        2.783      2.87084      2.95853      3.04596      3.13303      3.21962      3.30558      3.39078      3.47503      3.55814      3.63991      3.72011      3.79848      3.87474      3.94862      4.01978       4.0879      4.15262 
           0    0.0814503     0.162922     0.244438     0.326017     0.407683     0.489455     0.571354     0.653399      0.73561     0.818005       0.9006     0.983412      1.06646      1.14975      1.23329      1.31711       1.4012      1.48558      1.57024      1.65519      1.74043      1.82595      1.91175       1.9978      2.08411      2.17064      2.25737      2.34427       2.4313      2.51841      2.60556      2.69268      2.77971      2.86656      2.95315      3.03937      3.12511      3.21025      3.29463      3.37811      3.46051      3.54165       3.6213      3.69925      3.77525      3.84903      3.92031       3.9888      4.05418      4.11612 
           0    0.0816344     0.163289     0.244986     0.326743     0.408582     0.490522     0.572583     0.654782     0.737137     0.819665     0.902382     0.985303      1.06844      1.15181      1.23541      1.31926      1.40337      1.48774      1.57236      1.65724      1.74238      1.82776      1.91338      1.99921      2.08525      2.17146      2.25782      2.34429      2.43082      2.51737      2.60388      2.69029      2.77651      2.86247      2.94808      3.03321      3.11777      3.20161      3.28459      3.36656      3.44733      3.52672      3.60451      3.68049      3.75442      3.82605      3.89509      3.96127      4.02429      4.08384 
           0     0.081791     0.163602     0.245452      0.32736     0.409346     0.491429     0.573626     0.655954      0.73843     0.821071     0.903889     0.986899      1.07011      1.15354      1.23719      1.32107      1.40518      1.48953      1.57411      1.65893      1.74397      1.82922      1.91468      2.00031      2.08611      2.17203      2.25806      2.34414      2.43023      2.51628      2.60222        2.688      2.77351      2.85869      2.94343      3.02762      3.11114      3.19386      3.27562      3.35626      3.43562       3.5135       3.5897      3.66399      3.73615      3.80592      3.87305      3.93726      3.99828      4.05582 
           0    0.0819213     0.163862     0.245839     0.327873     0.409982     0.492182     0.574492     0.656927     0.739504     0.822236     0.905137      0.98822      1.07149      1.15497      1.23865      1.32255      1.40667        1.491      1.57554      1.66029      1.74524      1.83038      1.91569      2.00115      2.08674      2.17241      2.25815      2.34389       2.4296      2.51522      2.60068       2.6859      2.77082      2.85532      2.93932      3.02271      3.10534       3.1871      3.26782      3.34735      3.42551      3.50212      3.57697      3.64984      3.72051      3.78874      3.85428      3.91686      3.97621      4.03208 
           0    0.0820265     0.164071     0.246152     0.328287     0.410494     0.492789      0.57519     0.657711     0.740367     0.823172     0.906139     0.989279       1.0726      1.15611      1.23982      1.32373      1.40784      1.49216      1.57666      1.66136      1.74624      1.83128      1.91647      2.00178      2.08718      2.17265      2.25814      2.34361        2.429      2.51426      2.59931      2.68408       2.7685      2.85245      2.93584      3.01856      3.10047      3.18143      3.26131      3.33992      3.41711      3.49268      3.56643      3.63815      3.70761      3.77459      3.83883       3.9001      3.95812      4.01264 
           0    0.0821073     0.164232     0.246392     0.328605     0.410887     0.493255     0.575725     0.658312     0.741029      0.82389     0.906907      0.99009      1.07345      1.15699      1.24071      1.32463      1.40874      1.49303      1.57751      1.66217      1.74698      1.83195      1.91704      2.00223      2.08749      2.17279      2.25809      2.34334      2.42848      2.51345      2.59819      2.68261      2.76662      2.85014      2.93306      3.01525      3.09659      3.17695      3.25616      3.33406      3.41049      3.48526      3.55816      3.62898      3.69752      3.76353      3.82678      3.88702      3.94402      3.99751 
           0    0.0821645     0.164346     0.246563      0.32883     0.411166     0.493585     0.576104     0.658737     0.741497     0.824398     0.907449     0.990662      1.07404       1.1576      1.24134      1.32526      1.40937      1.49365      1.57811      1.66273       1.7475       1.8324      1.91742      2.00253      2.08769      2.17287      2.25803      2.34311      2.42807      2.51284      2.59735      2.68151      2.76525      2.84846      2.93103      3.01285      3.09379       3.1737      3.25244      3.32983      3.40572      3.47991      3.55221       3.6224      3.69027      3.75559      3.81814      3.87767      3.93394       3.9867 
           0    0.0821987     0.164414     0.246664     0.328964     0.411332     0.493782      0.57633      0.65899     0.741776       0.8247     0.907772     0.991003       1.0744      1.15797      1.24171      1.32564      1.40974      1.49401      1.57846      1.66306       1.7478      1.83267      1.91765       2.0027       2.0878      2.17291      2.25798      2.34297      2.42782      2.51247      2.59683      2.68085      2.76441      2.84743       2.9298      3.01139      3.09208      3.17173      3.25018      3.32728      3.40284      3.47669      3.54862      3.61843      3.68591      3.75082      3.81295      3.87205      3.92788      3.98022 
           0      0.08221     0.164437     0.246698     0.329009     0.411387     0.493847     0.576405     0.659074     0.741869       0.8248     0.907879     0.991116      1.07452      1.15809      1.24184      1.32576      1.40986      1.49413      1.57857      1.66317       1.7479      1.83276      1.91772      2.00275      2.08783      2.17292      2.25796      2.34292      2.42773      2.51234      2.59666      2.68062      2.76413      2.84709      2.92938       3.0109      3.09151      3.17107      3.24943      3.32642      3.40188      3.47561      3.54742      3.61711      3.68445      3.74923      3.81122      3.87017      3.92587      3.97806 
           0    0.0821987     0.164414     0.246664     0.328964     0.411332     0.493782      0.57633      0.65899     0.741776       0.8247     0.907772     0.991003       1.0744      1.15797      1.24171      1.32564      1.40974      1.49401      1.57846      1.66306       1.7478      1.83267      1.91765       2.0027       2.0878      2.17291      2.25798      2.34297      2.42782      2.51247      2.59683      2.68085      2.76441      2.84743       2.9298      3.01139      3.09208      3.17173      3.25018      3.32728      3.40284      3.47669      3.54862      3.61843      3.68591      3.75082      3.81295      3.87205      3.92788      3.98022 
           0    0.0821645     0.164346     0.246563      0.32883     0.411166     0.493585     0.576104     0.658737     0.741497     0.824398     0.907449     0.990662      1.07404       1.1576      1.24134      1.32526      1.40937      1.49365      1.57811      1.66273       1.7475       1.8324      1.91742      2.00253      2.08769      2.17287      2.25803      2.34311      2.42807      2.51284      2.59735      2.68151      2.76525      2.84846      2.93103      3.01285      3.09379       3.1737      3.25244      3.32983      3.40572      3.47991      3.55221       3.6224      3.69027      3.75559      3.81814      3.87767      3.93394       3.9867 
           0    0.0821073     0.164232     0.246392     0.328605     0.410887     0.493255     0.575725     0.658312     0.741029      0.82389     0.906907      0.99009      1.07345      1.15699      1.24071      1.32463      1.40874      1.49303      1.57751      1.66217      1.74698      1.83195      1.91704      2.00223      2.08749      2.17279      2.25809      2.34334      2.42848      2.51345      2.59819      2.68261      2.76662      2.85014      2.93306      3.01525      3.09659      3.17695      3.25616      3.33406      3.41049      3.48526      3.55816      3.62898      3.69752      3.76353      3.82678      3.88702      3.94402      3.99751 
           0    0.0820265     0.164071     0.246152     0.328287     0.410494     0.492789      0.57519     0.657711     0.740367     0.823172     0.906139     0.989279       1.0726      1.15611      1.23982      1.32373      1.40784      1.49216      1.57666      1.66136      1.74624      1.83128      1.91647      2.00178      2.08718      2.17265      2.25814      2.34361        2.429      2.51426      2.59931      2.68408       2.7685      2.85245      2.93584      3.01856      3.10047      3.18143      3.26131      3.33992      3.41711      3.49268      3.56643      3.63815      3.70761      3.77459      3.83883       3.9001      3.95812      4.01264 
           0    0.0819213     0.163862     0.245839     0.327873     0.409982     0.492182     0.574492     0.656927     0.739504     0.822236     0.905137      0.98822      1.07149      1.15497      1.23865      1.32255      1.40667        1.491      1.57554      1.66029      1.74524      1.83038      1.91569      2.00115      2.08674      2.17241      2.25815      2.34389       2.4296      2.51522      2.60068       2.6859      2.77082      2.85532      2.93932      3.02271      3.10534       3.1871      3.26782      3.34735      3.42551      3.50212      3.57697      3.64984      3.72051      3.78874      3.85428      3.91686      3.97621      4.03208 
           0     0.081791     0.163602     0.245452      0.32736     0.409346     0.491429     0.573626     0.655954      0.73843     0.821071     0.903889     0.986899      1.07011      1.15354      1.23719      1.32107      1.40518      1.48953      1.57411      1.65893      1.74397      1.82922      1.91468      2.00031      2.08611      2.17203      2.25806      2.34414      2.43023      2.51628      2.60222        2.688      2.77351      2.85869      2.94343      3.02762      3.11114      3.19386      3.27562      3.35626      3.43562       3.5135       3.5897      3.66399      3.73615      3.80592      3.87305      3.93726      3.99828      4.05582 
           0    0.0816344     0.163289     0.244986     0.326743     0.408582     0.490522     0.572583     0.654782     0.737137     0.819665     0.902382     0.985303      1.06844      1.15181      1.23541      1.31926      1.40337      1.48774      1.57236      1.65724      1.74238      1.82776      1.91338      1.99921      2.08525      2.17146      2.25782      2.34429      2.43082      2.51737      2.60388      2.69029      2.77651      2.86247      2.94808      3.03321      3.11777      3.20161      3.28459      3.36656      3.44733      3.52672      3.60451      3.68049      3.75442      3.82605      3.89509      3.96127      4.02429      4.08384 
           0    0.0814503     0.162922     0.244438     0.326017     0.407683     0.489455     0.571354     0.653399      0.73561     0.818005       0.9006     0.983412      1.06646      1.14975      1.23329      1.31711       1.4012      1.48558      1.57024      1.65519      1.74043      1.82595      1.91175       1.9978      2.08411      2.17064      2.25737      2.34427       2.4313      2.51841      2.60556      2.69268      2.77971      2.86656      2.95315      3.03937      3.12511      3.21025      3.29463      3.37811      3.46051      3.54165       3.6213      3.69925      3.77525      3.84903      3.92031       3.9888      4.05418      4.11612 
           0    0.0812373     0.162497     0.243803     0.325177     0.406641     0.488218     0.569929     0.651796     0.733837     0.816074     0.898525     0.981208      1.06414      1.14734      1.23081      1.31458      1.39864      1.48302      1.56772      1.65274      1.73808      1.82374      1.90973      1.99602      2.08262      2.16949      2.25663        2.344      2.43158      2.51931      2.60717      2.69508        2.783      2.87084      2.95853      3.04596      3.13303      3.21962      3.30558      3.39078      3.47503      3.55814      3.63991      3.72011      3.79848      3.87474      3.94862      4.01978       4.0879      4.15262 
           0    0.0809938     0.162012     0.243078     0.324216     0.405449     0.486802     0.568297     0.649956     0.731802     0.813856     0.896138     0.978669      1.06147      1.14455      1.22793      1.31163      1.39566      1.48003      1.56475      1.64983      1.73528      1.82109      1.90727      1.99381      2.08071      2.16795      2.25552       2.3434      2.43156      2.51997      2.60859      2.69737      2.78625      2.87518      2.96407      3.05283      3.14137      3.22956      3.31729      3.40439       3.4907      3.57603      3.66018      3.74291      3.82396      3.90305      3.97987       4.0541      4.12536      4.19329 
           0    0.0807181     0.161462     0.242256     0.323127     0.404098     0.485196     0.566444     0.647867     0.729489     0.811331     0.893418      0.97577      1.05841      1.14135      1.22462      1.30824      1.39221      1.47655      1.56129      1.64642      1.73196      1.81792      1.90429      1.99108      2.07829      2.16592      2.25394      2.34236      2.43114      2.52026       2.6097       2.6994      2.78933      2.87942      2.96961      3.05982      3.14995       3.2399      3.32955      3.41874      3.50733      3.59512       3.6819      3.76745       3.8515      3.93376      4.01392       4.0916      4.16645      4.23804 
           0    0.0804085     0.160844     0.241333     0.321902     0.402579     0.483389     0.564359     0.645513     0.726879      0.80848     0.890341     0.972486      1.05494      1.13772      1.22085      1.30436      1.38825      1.47255      1.55728      1.64245      1.72808      1.81416      1.90073      1.98777       2.0753      2.16331       2.2518      2.34077       2.4302      2.52007      2.61036      2.70104      2.79207       2.8834      2.97498      3.06674      3.15858      3.25042      3.34214      3.43361      3.52468      3.61515      3.70484      3.79351      3.88089      3.96668      4.05055      4.13214      4.21103      4.28677 
           0     0.080063     0.160154     0.240302     0.320535     0.400882     0.481369     0.562025     0.642878     0.723954     0.805281     0.886884     0.968791      1.05103      1.13362      1.21658      1.29995      1.38374      1.46798      1.55268      1.63787      1.72355      1.80976       1.8965      1.98379      2.07163      2.16003      2.24899      2.33852      2.42861      2.51925      2.61043      2.70213      2.79431      2.88694      2.97998      3.07337      3.16704      3.26089      3.35484      3.44875      3.54249      3.63588      3.72873       3.8208      3.91184      4.00153      4.08954      4.17548      4.25891      4.33936 
           0    0.0796796     0.159389     0.239158     0.319017     0.398996     0.479123     0.559429     0.639943     0.720694     0.801711     0.883022     0.964656      1.04664        1.129      1.21177      1.29497      1.37863      1.46277      1.54742       1.6326      1.71833      1.80464      1.89153      1.97904      2.06718      2.15596      2.24539      2.33548      2.42624      2.51766      2.60975      2.70249      2.79586      2.88984      2.98441       3.0795      3.17508      3.27106      3.36736      3.46387      3.56047      3.65699      3.75324      3.84902      3.94404      4.03802       4.1306      4.22137      4.30987       4.3956 
           0    0.0792564     0.158544     0.237895      0.31734     0.396911     0.476639     0.556556     0.636692     0.717079     0.797747     0.878728     0.960052      1.04175      1.12385      1.20639      1.28938      1.37287      1.45689      1.54145      1.62659      1.71233      1.79871      1.88574      1.97345      2.06187      2.15101      2.24089      2.33153      2.42295      2.51515      2.60815      2.70194      2.79652      2.89189      2.98802      3.08488      3.18244      3.28063      3.37941      3.47866      3.57828      3.67813      3.77803      3.87779      3.97714      4.07578      4.17336      4.26947      4.36362      4.45525 
           0    0.0787912     0.157615     0.236506     0.315495     0.394617     0.473904      0.55339     0.633107     0.713088     0.793367     0.873976     0.954949      1.03632      1.11812      1.20038      1.28314      1.36642      1.45027       1.5347      1.61977      1.70549       1.7919      1.87903      1.96691      2.05557      2.14504      2.23535      2.32653      2.41859      2.51156      2.60546       2.7003       2.7961      2.89286      2.99057      3.08924      3.18883      3.28932      3.39065      3.49275      3.59555      3.69891      3.80269      3.90669      4.01069      4.11438      4.21742      4.31939      4.41978        4.518 
           0    0.0782818     0.156598     0.234984     0.313474     0.392102     0.470905     0.549915     0.629169       0.7087     0.788546      0.86874     0.949318      1.03032      1.11177      1.19371      1.27618      1.35922      1.44285      1.52713      1.61207      1.69773      1.78413      1.87132      1.95933       2.0482      2.13796      2.22866      2.32033        2.413      2.50671      2.60148      2.69736      2.79436       2.8925      2.99181       3.0923      3.19395      3.29677      3.40073      3.50578      3.61187       3.7189      3.82675      3.93525       4.0442      4.15332      4.26227      4.37063      4.47789      4.58344 
           0    0.0777264     0.155489     0.233324     0.311268     0.389357     0.467627     0.546116      0.62486     0.703895      0.78326     0.862992     0.943127      1.02371      1.10476      1.18634      1.26848      1.35122      1.43459      1.51865      1.60343      1.68897      1.77531      1.86251       1.9506      2.03963      2.12964      2.22068      2.31279      2.40603      2.50043      2.59604      2.69291      2.79108      2.89059      2.99147      3.09376      3.19748      3.30265      3.40927      3.51732      3.62679      3.73761       3.8497      3.96292       4.0771        4.192       4.3073       4.4226      4.53739      4.65104 
           0    0.0771226     0.154283     0.231519     0.308868     0.386369     0.464059     0.541977     0.620162     0.698652     0.777486     0.856705     0.936348      1.01646      1.09707      1.17823      1.25998      1.34237      1.42543      1.50922      1.59377      1.67914      1.76538      1.85252      1.94063      2.02976      2.11996      2.21128      2.30378      2.39752      2.49256      2.58895      2.68675      2.78603      2.88685      2.98926      3.09331      3.19907      3.30657      3.41585      3.52693      3.63983      3.75452      3.87097      3.98908      4.10874      4.22974      4.35181      4.47458      4.59756      4.72012 
           0    0.0764685     0.152976     0.229562     0.306267     0.383128     0.460187     0.537483     0.615057      0.69295     0.771201     0.849854     0.928951      1.00853      1.08865      1.16934      1.25065      1.33262      1.41531      1.49877      1.58304      1.66817      1.75423      1.84126      1.92933      2.01849       2.1088      2.20033      2.29314      2.38731       2.4829      2.57999      2.67866      2.77898      2.88103      2.98489      3.09064      3.19837      3.30814      3.42004      3.53413      3.65045      3.76904      3.88992      4.01305      4.13837      4.26575      4.39497      4.52571      4.65754      4.78984 
           0     0.075762     0.151565     0.227449     0.303455     0.379625     0.455999      0.53262     0.609529     0.686769     0.764383     0.842414     0.920908     0.999908      1.07946      1.15962      1.24042      1.32193      1.40418      1.48724      1.57116      1.65599       1.7418      1.82864      1.91659       2.0057      2.09604       2.1877      2.28074      2.37524       2.4713        2.569      2.66842      2.76968      2.87286      2.97807      3.08542      3.19501      3.30697       3.4214      3.53841       3.6581      3.78057      3.90587      4.03407      4.16517      4.29912      4.43579      4.57496      4.71625      4.85912 
           0    0.0750014     0.150045     0.225172     0.300426     0.375849     0.451484     0.527373     0.603561     0.680091     0.757009      0.83436      0.91219     0.990548      1.06948      1.14904      1.22928      1.31024      1.39199      1.47459      1.55808      1.64253      1.72801      1.81458      1.90232      1.99129      2.08158      2.17326      2.26643      2.36117      2.45758      2.55576      2.65583      2.75789      2.86208       2.9685      3.07731      3.18864      3.30264      3.41946      3.53926       3.6622      3.78843       3.9181      4.05132      4.18822      4.32884      4.47317      4.62111      4.77241      4.92663 
           0    0.0741847     0.148413     0.222727     0.297172     0.371791     0.446629     0.521728     0.597136     0.672898     0.749059     0.825669     0.902774     0.980424      1.05867      1.13757      1.21716      1.29752      1.37869      1.46074      1.54373      1.62772      1.71279        1.799      1.88644      1.97518       2.0653       2.1569      2.25008      2.34494      2.44157      2.54011      2.64068       2.7434      2.84843      2.95591        3.066      3.17888      3.29474      3.41376      3.53616      3.66215      3.79196      3.92581      4.06393      4.20652      4.35378      4.50584      4.66276      4.82447      4.99072 
           0    0.0733103     0.146665     0.220109     0.293687     0.367443     0.441424     0.515674     0.590242     0.665173     0.740516     0.816319     0.892634      0.96951        1.047      1.12516      1.20405      1.28372      1.36424      1.44566      1.52806      1.61151      1.69607      1.78183      1.86886      1.95726      2.04711      2.13851      2.23157      2.32641      2.42313      2.52187      2.62278      2.72599      2.83167      2.94001      3.05117      3.16539      3.28286      3.40384      3.52857      3.65735      3.79046      3.92822      4.07095        4.219       4.3727      4.53237      4.69828       4.8706      5.04936 
           0    0.0723767     0.144799     0.217312     0.289963     0.362796     0.435859     0.509199     0.582863       0.6569      0.73136     0.806292     0.881748     0.957782      1.03445       1.1118       1.1899      1.26881      1.34859      1.42931      1.51103      1.59383      1.67779      1.76299      1.84951      1.93745       2.0269      2.11798      2.21079      2.30545       2.4021      2.50088      2.60194      2.70544      2.81158      2.92054      3.03254      3.14781      3.26662      3.38924      3.51599       3.6472      3.78324      3.92451      4.07147      4.22457      4.38432      4.55125      4.72588      4.90871      5.10012 
           0    0.0713823     0.142811     0.214333     0.285995     0.357843     0.429926     0.502292     0.574989     0.648067     0.721577     0.795569     0.870098     0.945217      1.02098      1.09745      1.17469      1.25275      1.33171      1.41163      1.49258      1.57464       1.6579      1.74243      1.82832      1.91568      2.00461      2.09522      2.18762      2.28196      2.37836      2.47699        2.578      2.68158      2.78793      2.89726      3.00981      3.12585      3.24566      3.36957      3.49792      3.63113      3.76963      3.91392      4.06453      4.22209      4.38728      4.56084       4.7436      4.93642      5.14018 
           0    0.0703261     0.140699     0.211167     0.281778     0.352578     0.423618     0.494944     0.566609     0.638661     0.711152     0.784135     0.857665     0.931796      1.00659       1.0821      1.15839      1.23552      1.31357       1.3926      1.47268       1.5539      1.63634      1.72009      1.80524      1.89189      1.98015      2.07014      2.16199      2.25582      2.35179      2.45007      2.55082      2.65424      2.76054      2.86996      2.98275      3.09921      3.21965      3.34442      3.47394      3.60864      3.74903      3.89569      4.04927      4.21051      4.38027      4.55953      4.74942       4.9512      5.16633 
           0    0.0692068     0.138462     0.207812     0.277308     0.346996     0.416926     0.487148     0.557713      0.62867     0.700074     0.771977     0.844435     0.917503     0.991241      1.06571      1.14097      1.21709      1.29413      1.37218       1.4513      1.53157      1.61309      1.69593      1.78021      1.86602      1.95347      2.04269      2.13381      2.22696      2.32231      2.42002      2.52027      2.62328      2.72926      2.83846      2.95116      3.06766      3.18831       3.3135      3.44365      3.57926      3.72088      3.86917      4.02487      4.18883      4.36207      4.54577      4.74135      4.95048       5.1752 
           0    0.0680236     0.136096     0.204265      0.27258     0.341091     0.409846     0.478897     0.548293     0.618088     0.688334     0.759084     0.830396     0.902325     0.974931      1.04827      1.12242      1.19743      1.27339      1.35035       1.4284      1.50762       1.5881      1.66992       1.7532      1.83802      1.92452      2.01281      2.10302      2.19531      2.28982      2.38675      2.48627      2.58859      2.69396      2.80262      2.91486      3.03102      3.15143      3.27652      3.40674      3.54262      3.68475      3.83384      3.99069      4.15624      4.33163      4.51822      4.71762      4.93188      5.16353 
           0    0.0667757       0.1336     0.200523     0.267593      0.33486     0.402373     0.470185     0.538345     0.606907     0.675923     0.745448     0.815538     0.886251     0.957645      1.02978      1.10273      1.17655      1.25131       1.3271      1.40398      1.48203      1.56135      1.64203      1.72417      1.80788      1.89326      1.98046      2.06959      2.16082       2.2543       2.3502      2.44873       2.5501      2.65455      2.76233      2.87375      2.98913      3.10884      3.23331        3.363      3.49846      3.64032      3.78929      3.94623      4.11213      4.28818      4.47585      4.67689      4.89353      5.12864 
           0    0.0654626     0.130974     0.196585     0.262343       0.3283     0.394505     0.461009     0.527863     0.595121     0.662836     0.731062     0.799856     0.869274     0.939377      1.01023      1.08189      1.15442      1.22791      1.30241      1.37801      1.45479      1.53284      1.61225      1.69312      1.77556      1.85969      1.94562      2.03349      2.12346      2.21569      2.31035      2.40764      2.50777      2.61098      2.71754      2.82775      2.94193      3.06046      3.18375      3.31229      3.44663      3.58739       3.7353      3.89121      4.05613      4.23127      4.41807      4.61834      4.83432      5.06889 
           0    0.0640839     0.128217     0.192449      0.25683     0.321409     0.386238     0.451366     0.516846     0.582729     0.649071     0.715924     0.783346     0.851392     0.920123       0.9896      1.05989      1.13105      1.20316      1.27628       1.3505       1.4259      1.50256      1.58058      1.66005      1.74108      1.82378      1.90829      1.99472      2.08324        2.174      2.26718      2.36297      2.46158      2.56325      2.66824      2.77685      2.88939      3.00625      3.12783       3.2546       3.3871      3.52594      3.67182      3.82559       3.9882      4.16081      4.34481      4.54187      4.75409      4.98409 
           0    0.0626393     0.125328     0.188116     0.251052     0.314187     0.377571     0.441255     0.505291      0.56973     0.634626     0.700033     0.766006     0.832604     0.899883     0.967906      1.03673      1.10643      1.17707      1.24872      1.32146      1.39536      1.47052      1.54701      1.62495      1.70443      1.78557      1.86848       1.9533      2.04017      2.12925      2.22072      2.31475      2.41156      2.51138      2.61446      2.72108      2.83157      2.94628       3.0656      3.18998      3.31995      3.45606        3.599      3.74954      3.90856      4.07712      4.25646      4.44806      4.65369       4.8755 
           0    0.0611289     0.122307     0.183584      0.24501     0.306633     0.368506     0.430677     0.493199     0.556123     0.619502     0.683389     0.747841     0.812912      0.87866     0.945146      1.01243      1.08058      1.14966      1.21973      1.29088      1.36319      1.43672      1.51158      1.58785      1.66565      1.74506      1.82622      1.90925      1.99429      2.08148      2.17101      2.26304      2.35778      2.45544      2.55628      2.66055      2.76857      2.88067      2.99721      3.11863      3.24539      3.37803      3.51715      3.66345      3.81771      3.98085       4.1539      4.33808      4.53476      4.74554 
           0    0.0595527     0.119155     0.178855     0.238703     0.298749     0.359042     0.419632     0.480571     0.541911     0.603702     0.665998     0.728853     0.792322     0.856462     0.921331     0.986989       1.0535      1.12093      1.18934       1.2588       1.3294       1.4012      1.47431      1.54879      1.62476      1.70231      1.78156      1.86263      1.94565      2.03076      2.11813      2.20792      2.30032      2.39554      2.49382      2.59539      2.70055       2.8096      2.92288      3.04078      3.16374       3.2922      3.42673       3.5679      3.71638      3.87292      4.03834      4.21355      4.39952      4.59727 
           0    0.0579109     0.115871     0.173928     0.232133     0.290534     0.349181     0.408124     0.467412     0.527097      0.58723     0.647864      0.70905     0.770843     0.833298     0.896472     0.960422      1.02521       1.0909      1.15755      1.22524      1.29403        1.364      1.43523       1.5078      1.58182      1.65737      1.73456      1.81351      1.89433      1.97717      2.06217       2.1495      2.23932      2.33183      2.42724      2.52579      2.62772      2.73333      2.84291       2.9568      3.07539      3.19908      3.32832       3.4636      3.60546      3.75446      3.91122      4.07634      4.25042      4.43399 
           0    0.0562039     0.112456     0.168806     0.225302     0.281992     0.338927     0.396155     0.453725     0.511688     0.570094     0.628995     0.688441     0.748485     0.809181     0.870583     0.932748     0.995733       1.0596       1.1244      1.19022       1.2571      1.32514      1.39439      1.46494      1.53688       1.6103      1.68529      1.76197      1.84043      1.92082      2.00327      2.08792      2.17493      2.26448      2.35675      2.45197      2.55035      2.65214      2.75762      2.86707      2.98083      3.09921       3.2226      3.35138      3.48594      3.62671      3.77407      3.92839      4.08994      4.25885 
           0     0.054432     0.108912     0.163489     0.218211     0.273126     0.328282     0.383729     0.439515     0.495689     0.552301       0.6094     0.667036     0.725261     0.784126     0.843684     0.903987     0.965092      1.02705      1.08993      1.15378      1.21868      1.28468      1.35185      1.42028      1.49003      1.56119      1.63385      1.70811      1.78407      1.86184      1.94155      2.02333      2.10732      2.19368      2.28258      2.37419      2.46872      2.56639      2.66742      2.77206      2.88058      2.99323      3.11031      3.23211       3.3589      3.49094      3.62846      3.77159      3.92038      4.07466 
           0    0.0525959      0.10524     0.157979     0.210862     0.263937      0.31725     0.370851     0.424787     0.479107     0.533858     0.589089     0.644849     0.701187     0.758151     0.815793     0.874163     0.933313     0.993296      1.05417      1.11598      1.17879      1.24267      1.30767      1.37387      1.44132      1.51012      1.58033      1.65205      1.72537      1.80038      1.87719      1.95593      2.03671      2.11967      2.20496      2.29274      2.38318      2.47645      2.57274      2.67225       2.7752      2.88179      2.99222      3.10669      3.22537       3.3484      3.47586      3.60772      3.74383      3.88384 
           0     0.050696     0.101439     0.152278     0.203258     0.254428     0.305836     0.357527     0.409549      0.46195     0.514776     0.568074     0.621892     0.676277     0.731275     0.786934     0.843303     0.900429     0.958361      1.01715      1.07685      1.13751      1.19918      1.26192       1.3258      1.39087       1.4572      1.52485      1.59391      1.66446      1.73658      1.81035      1.88589       1.9633       2.0427       2.1242      2.20794      2.29406       2.3827      2.47401      2.56815      2.66529      2.76555      2.86908        2.976      3.08639      3.20028      3.31765      3.43833      3.56206      3.68838 
           0    0.0487328    0.0975126     0.146387     0.195402     0.244604     0.294042      0.34376     0.393806     0.444225     0.495064     0.546367      0.59818     0.650548     0.703517      0.75713     0.811432      0.86647     0.922286     0.978928      1.03644      1.09487      1.15427      1.21468      1.27615      1.33875      1.40252      1.46753      1.53384      1.60151      1.67061      1.74123      1.81345      1.88734      1.96302      2.04057       2.1201      2.20173      2.28556      2.37171      2.46029      2.55142      2.64518      2.74166       2.8409      2.94293      3.04769      3.15506      3.26482      3.37661      3.48991 
           0    0.0467068    0.0934603     0.140307     0.187294     0.234467     0.281873     0.329557     0.377565     0.425941     0.474731     0.523978     0.573726     0.624018     0.674897     0.726404     0.778581     0.831469     0.885109     0.939542     0.994808      1.05095        1.108      1.16601      1.22502      1.28507      1.34622      1.40849      1.47196      1.53666      1.60267      1.67002      1.73881      1.80908      1.88091      1.95438      2.02957      2.10657      2.18545      2.26629      2.34917      2.43417      2.52132      2.61066       2.7022      2.79588      2.89159      2.98918      3.08835      3.18871      3.28973 
           0    0.0446185    0.0892834     0.134041     0.178938      0.22402     0.269333     0.314922     0.360831     0.407105     0.453787      0.50092     0.548545     0.596704     0.645436     0.694781     0.744777     0.795461      0.84687     0.899039     0.952003       1.0058      1.06045      1.11601      1.17249      1.22994      1.28839      1.34787      1.40843       1.4701      1.53292      1.59694       1.6622      1.72875      1.79665      1.86595       1.9367      2.00896      2.08278      2.15822      2.23531       2.3141      2.39459      2.47678      2.56063      2.64605      2.73288      2.82095      2.90992      2.99941      3.08887 
           0    0.0424681    0.0849826      0.12759     0.170335     0.213265     0.256425     0.299858      0.34361     0.387723      0.43224     0.477202     0.522649      0.56862     0.615153     0.662284     0.710048     0.758478     0.807608     0.857465     0.908081     0.959483       1.0117      1.06475      1.11866      1.17346      1.22917      1.28581       1.3434      1.40198      1.46157      1.52219      1.58387      1.64664      1.71053      1.77558      1.84182      1.90927      1.97798      2.04795      2.11921      2.19176      2.26559      2.34065      2.41688      2.49416      2.57233      2.65117      2.73036      2.80952      2.88812 
           0     0.040256    0.0805583     0.120953     0.161486     0.202204      0.24315      0.28437     0.325906     0.367801     0.410097     0.452833     0.496049     0.539781     0.584065     0.628934      0.67442     0.720552     0.767359     0.814865     0.863093     0.912065     0.961799      1.01231      1.06362      1.11573      1.16867      1.22243      1.27704      1.33249       1.3888      1.44599      1.50405        1.563      1.62284       1.6836      1.74529       1.8079      1.87145      1.93593      2.00134      2.06766      2.13485      2.20285      2.27157      2.34089      2.41062      2.48055      2.55036       2.6197       2.6881 
           0     0.037982    0.0760104     0.114132     0.152392     0.190836      0.22951     0.268457     0.307721     0.347342     0.387363     0.427822     0.468755       0.5102     0.552188      0.59475     0.637916     0.681712     0.726159     0.771279     0.817089     0.863603     0.910831     0.958783      1.00746      1.05688      1.10702      1.15789      1.20948       1.2618      1.31482      1.36855      1.42298      1.47809      1.53387      1.59033      1.64744       1.7052      1.76359      1.82259      1.88216      1.94229       2.0029      2.06392      2.12526      2.18679      2.24832      2.30965      2.37048      2.43049      2.48927 
           0    0.0356459    0.0713387     0.107125     0.143051     0.179163     0.215505     0.252121     0.289056     0.326349     0.364041     0.402171     0.440774     0.479884     0.519533     0.559749     0.600558     0.641982      0.68404     0.726747     0.770115     0.814151     0.858858     0.904237     0.950282     0.996984      1.04433      1.09231       1.1409      1.19008      1.23982       1.2901       1.3409      1.39218      1.44391      1.49607      1.54863      1.60155       1.6548      1.70834      1.76212       1.8161      1.87021      1.92437      1.97847      2.03238      2.08594      2.13896      2.19118      2.24231      2.29198 
           0    0.0332474    0.0665422    0.0999316     0.133462     0.167181     0.201132     0.235361     0.269909      0.30482     0.340132     0.375883     0.412108      0.44884     0.486109     0.523941      0.56236     0.601383     0.641027     0.681301     0.722212      0.76376     0.805941     0.848745     0.892158     0.936161     0.980728      1.02583      1.07143       1.1175      1.16399      1.21085      1.25805      1.30553      1.35325      1.40115      1.44918       1.4973      1.54545      1.59358      1.64163      1.68955      1.73724      1.78464      1.83164      1.87813      1.92394      1.96892      2.01284      2.05546      2.09648 
           0    0.0307856    0.0616195    0.0925495     0.123623     0.154888     0.186388     0.218171     0.250278     0.282751     0.315631     0.348955     0.382757     0.417069      0.45192     0.487334     0.523332     0.559931     0.597141     0.634969     0.673415     0.712473     0.752132     0.792373     0.833173     0.874499     0.916314     0.958575      1.00123      1.04423      1.08751      1.13101      1.17467       1.2184      1.26216      1.30586      1.34943      1.39281      1.43593      1.47873      1.52111      1.56304      1.60442      1.64518      1.68522      1.72443      1.76269      1.79987      1.83577      1.87021      1.90294 
           0    0.0282595    0.0565683    0.0849754     0.113529     0.142278     0.171268     0.200546     0.230155     0.260137     0.290533     0.321381     0.352715     0.384566     0.416962     0.449927     0.483479     0.517633     0.552396      0.58777      0.62375     0.660326     0.697477     0.735178     0.773394     0.812081     0.851191     0.890664     0.930436     0.970433      1.01058      1.05079      1.09098      1.13105      1.17093      1.21051      1.24971      1.28844      1.32661      1.36414      1.40096        1.437      1.47216      1.50638      1.53958      1.57167      1.60254      1.63211      1.66023      1.68675      1.71149 
           0    0.0256677    0.0513859    0.0772052     0.103175     0.129345     0.155764     0.182477      0.20953     0.236967     0.264827     0.293151     0.321972     0.351322     0.381228     0.411714     0.442797     0.474488     0.506794     0.539712     0.573234     0.607342     0.642011     0.677205     0.712881     0.748984     0.785451     0.822208     0.859174     0.896259     0.933363     0.970384      1.00721      1.04373      1.07984      1.11541      1.15034      1.18451      1.21784      1.25022      1.28156       1.3118      1.34085      1.36864       1.3951      1.42019      1.44381      1.46593      1.48643      1.50523      1.52222 
           0    0.0230083    0.0460688    0.0692335     0.092554     0.116081     0.139864     0.163952     0.188391     0.213225     0.238498     0.264248     0.290511      0.31732     0.344703     0.372681     0.401273     0.430488     0.460331     0.490796     0.521872     0.553536     0.585756     0.618489     0.651681     0.685267     0.719171     0.753303     0.787565     0.821848     0.856031     0.889989     0.923587      0.95669     0.989158      1.02085      1.05164       1.0814         1.11      1.13734       1.1633      1.18785      1.21087      1.23232      1.25215      1.27032      1.28679      1.30156      1.31456      1.32578      1.33516 
           0    0.0202791    0.0406124    0.0610538    0.0816568     0.102474     0.123557     0.144956      0.16672     0.188895     0.211525     0.234651     0.258311     0.282538     0.307361     0.332804     0.358884     0.385611     0.412988     0.441008     0.469656     0.498905     0.528719     0.559046     0.589824     0.620976     0.652414     0.684032     0.715714      0.74733     0.778738     0.809787     0.840317     0.870165     0.899163     0.927147     0.953956     0.979438      1.00345      1.02588      1.04659      1.06554      1.08263      1.09781      1.11107      1.12238      1.13175      1.13923       1.1448       1.1485      1.15035 
           0    0.0174777    0.0350118    0.0526584    0.0704733    0.0885114     0.106827     0.125472     0.144497     0.163952     0.183883     0.204332     0.225341     0.246944     0.269173     0.292051     0.315599     0.339826     0.364735      0.39032     0.416562     0.443433      0.47089     0.498877     0.527322     0.556139     0.585225      0.61446     0.643709     0.672819     0.701626      0.72995     0.757605     0.784394     0.810121     0.834588     0.857606     0.878993     0.898587     0.916243     0.931827     0.945287     0.956518     0.965497      0.97222     0.976707      0.97899     0.979177     0.977307     0.973487     0.967812 
           0     0.014601    0.0292609    0.0440384    0.0589917    0.0741785    0.0896551     0.105477     0.121698      0.13837     0.155541     0.173259     0.191566       0.2105     0.230095     0.250378     0.271371     0.293087     0.315528     0.338689     0.362551     0.387084     0.412241     0.437962     0.464167     0.490761     0.517627      0.54463     0.571616     0.598409     0.624819     0.650637     0.675644      0.69961     0.722301     0.743483     0.762931     0.780432     0.795793     0.808845     0.819438     0.827514     0.832965     0.835785     0.835988     0.833632      0.82879     0.821631     0.812251     0.800831     0.787545 
           0    0.0116457     0.023353    0.0351836    0.0471984    0.0594579    0.0720218    0.0849484    0.0982947     0.112116     0.126465     0.141391     0.156941     0.173157     0.190077     0.207732     0.226146     0.245335     0.265306     0.286054     0.307563       0.3298      0.35272     0.376256     0.400325     0.424821     0.449617      0.47456     0.499478     0.524172     0.548423      0.57199     0.594617     0.616034     0.635967     0.654139     0.670281     0.684141     0.695488     0.704126     0.709879     0.712684     0.712426     0.709111      0.70278     0.693525     0.681467     0.666841     0.649809      0.63063     0.609564 
           0   0.00860807    0.0172808    0.0260828    0.0350782    0.0443307    0.0539033    0.0638579    0.0742551     0.085154    0.0966114     0.108682     0.121416     0.134861     0.149058     0.164046     0.179851     0.196496     0.213991     0.232336     0.251517     0.271504      0.29225      0.31369     0.335734      0.35827      0.38116     0.404238      0.42731     0.450153     0.472517     0.494128     0.514687     0.533881     0.551383     0.566868     0.580016     0.590524     0.598118     0.602561     0.603646     0.601302       0.5954     0.585959     0.573045      0.55679     0.537367     0.515084     0.490177     0.462993     0.433887 
           0   0.00548417    0.0110362    0.0167239    0.0226149    0.0287761    0.0352743    0.0421753    0.0495438    0.0574433    0.0659354    0.0750794    0.0849317    0.0955451     0.106968     0.119242     0.132404      0.14648     0.161489     0.177435      0.19431     0.212089     0.230728     0.250161     0.270299     0.291024     0.312189     0.333614     0.355087      0.37636     0.397151     0.417146        0.436     0.453348     0.468807      0.48199     0.492513     0.500013      0.50416     0.504667     0.501286     0.493927     0.482446      0.46687     0.447291     0.423884     0.396882     0.366677     0.333583     0.298052     0.260542 
           0   0.00226973   0.00461067   0.00709399   0.00979072    0.0127717    0.0161074    0.0198679    0.0241224    0.0289392    0.0343854    0.0405259    0.0474235    0.0551377    0.0637238     0.073232    0.0837062     0.095182     0.107685      0.12123     0.135815     0.151423     0.168017     0.185535     0.203888     0.222958     0.242591     0.262598     0.282746     0.302764     0.322335     0.341103     0.358674     0.374619      0.38849     0.399825     0.408165      0.41307     0.414137     0.411017     0.403407     0.391191     0.374197      0.35246     0.326099     0.295336     0.260467     0.221985     0.180294     0.135964    0.0895755 
           0  -0.00103969  -0.00200477  -0.00282061  -0.00341257  -0.00370602  -0.00362638   -0.0030992  -0.00205034 -0.000406183   0.00190607   0.00495798   0.00881929    0.0135573    0.0192358    0.0259143    0.0336463     0.042478    0.0524462    0.0635757    0.0758774    0.0893443     0.103948     0.119637     0.136327     0.153902     0.172208     0.191045     0.210168      0.22928     0.248031     0.266018      0.28279     0.297851     0.310671     0.320699     0.327385     0.330192     0.328625     0.322254       0.3107     0.293814     0.271383     0.243446     0.210145     0.171758     0.128655    0.0814414    0.0306293   -0.0230743   -0.0789475 
           0  -0.00444858  -0.00881918   -0.0130337   -0.0170139   -0.0206812    -0.023957   -0.0267621   -0.0290173   -0.0306434   -0.0315612   -0.0316921   -0.0309584   -0.0292842   -0.0265957    -0.022823   -0.0179008   -0.0117702  -0.00438114   0.00430579    0.0143158    0.0256569    0.0383154    0.0522516    0.0673943    0.0836351     0.100822     0.118755     0.137175     0.155765     0.174141     0.191853     0.208387     0.223167      0.23557     0.244939     0.250607     0.251918     0.248262     0.239098     0.223955     0.202629     0.174853     0.140662     0.100225    0.0538786   0.00207762   -0.0544379    -0.115029    -0.178826    -0.244939 
           0  -0.00796144   -0.0158416   -0.0235591   -0.0310321   -0.0381783   -0.0449147   -0.0511577   -0.0568227   -0.0618245   -0.0660774   -0.0694951   -0.0719914   -0.0734806   -0.0738781   -0.0731017   -0.0710726   -0.0677171   -0.0629687   -0.0567706   -0.0490789   -0.0398663   -0.0291268    -0.016881  -0.00318227    0.0118762    0.0281534    0.0454522    0.0635109    0.0819949      0.10049     0.118498     0.135436     0.150641     0.163378     0.172862     0.178283     0.178836      0.17376     0.162375     0.144082     0.118607    0.0856037    0.0450983  -0.00271627    -0.057438    -0.118511    -0.185035    -0.256221    -0.331001    -0.408284 
           0   -0.0115826   -0.0230809   -0.0344103   -0.0454857   -0.0562211   -0.0665294   -0.0763224   -0.0855104    -0.094002    -0.101705    -0.108524    -0.114364     -0.11913    -0.122724    -0.125052    -0.126017    -0.125531    -0.123506    -0.119866    -0.114544    -0.107487   -0.0986645   -0.0880706    -0.075733    -0.061721   -0.0461551   -0.0292185   -0.0111678   0.00765462    0.0268098    0.0457534    0.0638313    0.0802808    0.0942406     0.104771     0.110884     0.111584     0.105918    0.0930259    0.0721406    0.0428877    0.0048176   -0.0420667   -0.0975493    -0.161153    -0.232204    -0.309607     -0.39239    -0.479246    -0.568839 
           0   -0.0153161   -0.0305451   -0.0455998   -0.0603919   -0.0748322   -0.0888296    -0.102292    -0.115123    -0.127227    -0.138504    -0.148851    -0.158163    -0.166333    -0.173252    -0.178808    -0.182891    -0.185391    -0.186199    -0.185214    -0.182341      -0.1775    -0.170625    -0.161677    -0.150649    -0.137575    -0.122543    -0.105709   -0.0873116   -0.0676873   -0.0472892   -0.0267009  -0.00664721    0.0120017    0.0282376    0.0409348    0.0488862    0.0508555      0.04564    0.0321413   0.00937259   -0.0231753   -0.0660942    -0.119418    -0.182912    -0.256011    -0.337904    -0.427253    -0.522867     -0.62314    -0.726434 
           0   -0.0191654   -0.0382416   -0.0571388   -0.0757664    -0.094032    -0.111841    -0.129098    -0.145701    -0.161549    -0.176535    -0.190547    -0.203472     -0.21519    -0.225578    -0.234511    -0.241857    -0.247486    -0.251266    -0.253066     -0.25276    -0.250231    -0.245376    -0.238112    -0.228385    -0.216182    -0.201544    -0.184582    -0.165497    -0.144601    -0.122345   -0.0993365   -0.0763649   -0.0544121   -0.0346523   -0.0184333  -0.00723407  -0.00259954  -0.00605583   -0.0190152   -0.0427561   -0.0779685    -0.125435    -0.185246    -0.257152    -0.340488    -0.434275    -0.536884    -0.646845    -0.762181    -0.880876 
           0   -0.0231336   -0.0461763   -0.0690368   -0.0916223    -0.113838    -0.135587     -0.15677    -0.177281    -0.197012    -0.215851    -0.233679    -0.250371    -0.265797     -0.27982    -0.292296    -0.303078    -0.312009    -0.318932    -0.323685    -0.326105    -0.326035    -0.323323    -0.317835     -0.30946     -0.29812    -0.283792     -0.26652    -0.246444    -0.223825    -0.199081    -0.172822    -0.145884    -0.119356   -0.0945962   -0.0732133   -0.0570254   -0.0479745   -0.0480119    -0.058966   -0.0825034    -0.119554    -0.171155    -0.237475    -0.318255     -0.41272     -0.51969    -0.637169    -0.763348    -0.895776     -1.03196 
           0   -0.0272226   -0.0543536   -0.0813005    -0.107969    -0.134264    -0.160086     -0.18533    -0.209891    -0.233654    -0.256501    -0.278305    -0.298933    -0.318243    -0.336085    -0.352298    -0.366713    -0.379152    -0.389427    -0.397343    -0.402697    -0.405286    -0.404904    -0.401354    -0.394454     -0.38405    -0.370029    -0.352344    -0.331041    -0.306294     -0.27845    -0.248078    -0.216027    -0.183478    -0.151975    -0.123433    -0.100093    -0.084413   -0.0789103    -0.085972    -0.107784    -0.145589     -0.20076    -0.273569    -0.363756    -0.470418    -0.592144    -0.726481    -0.871198     -1.02323     -1.17947 
           0   -0.0314337   -0.0627758   -0.0939339    -0.124814    -0.155318    -0.185348    -0.214796    -0.243554    -0.271504    -0.298522    -0.324475    -0.349222    -0.372609    -0.394473    -0.414638    -0.432915    -0.449099    -0.462975    -0.474311    -0.482862    -0.488373    -0.490579    -0.489212    -0.484006     -0.47471    -0.461102    -0.443014    -0.420359    -0.393175     -0.36168    -0.326343    -0.287966    -0.247772    -0.207482    -0.169354    -0.136154     -0.11102   -0.0972419   -0.0979668    -0.116079    -0.153223    -0.211205    -0.290422    -0.390619    -0.510753    -0.649157     -0.80281    -0.968962     -1.14375     -1.32324 
           0   -0.0357666   -0.0714427    -0.106937    -0.142156    -0.177003    -0.211378    -0.245175    -0.278282    -0.310579    -0.341939    -0.372224    -0.401284    -0.428957    -0.455068    -0.479423    -0.501816    -0.522019    -0.539786    -0.554848    -0.566918    -0.575685     -0.58082    -0.581976    -0.578792    -0.570905    -0.557961    -0.539635    -0.515664    -0.485891     -0.45033    -0.409259    -0.363331    -0.313721    -0.262269    -0.211597    -0.165117    -0.126885    -0.101261   -0.0924616    -0.104319    -0.138973    -0.198767    -0.284225    -0.395101    -0.530211    -0.687626    -0.863645     -1.05488     -1.25643     -1.46319 
           0   -0.0402198   -0.0803515    -0.120306    -0.159992    -0.199314    -0.238173    -0.276464    -0.314075    -0.350886    -0.386765    -0.421572    -0.455151    -0.487332     -0.51793    -0.546738    -0.573531    -0.598059    -0.620048    -0.639194    -0.655165    -0.667597    -0.676092    -0.680219    -0.679515     -0.67349    -0.661636     -0.64344    -0.618416    -0.586143    -0.546338    -0.498957    -0.444354    -0.383485    -0.318172    -0.251355    -0.187229    -0.131108   -0.0889109    -0.066398   -0.0687106   -0.0985488    -0.158888    -0.250316    -0.372586    -0.524398    -0.703627    -0.905786     -1.12677     -1.36022     -1.59942 
           0   -0.0447902    -0.089496    -0.134032    -0.178309    -0.222237    -0.265718    -0.308649     -0.35092    -0.392412    -0.432992    -0.472517    -0.510829    -0.547753    -0.583095    -0.616637    -0.648138    -0.677331    -0.703913    -0.727551    -0.747869    -0.764451    -0.776831    -0.784494     -0.78687    -0.783334    -0.773207    -0.755764    -0.730248    -0.695906    -0.652047     -0.59815    -0.534039    -0.460171     -0.37805    -0.290741    -0.203314    -0.122854   -0.0576745   -0.0158949  -0.00448663   -0.0266543   -0.0860175    -0.183034    -0.317405    -0.487802    -0.692114    -0.925047     -1.18179     -1.45397     -1.73243 
           0    -0.049473   -0.0988665      -0.1481     -0.19709     -0.24575    -0.293987    -0.341703    -0.388789    -0.435128    -0.480592    -0.525036    -0.568302    -0.610212    -0.650566    -0.689139    -0.725681    -0.759905    -0.791491    -0.820074    -0.845244    -0.866536    -0.883421    -0.895304    -0.901511     -0.90128    -0.893757    -0.877985    -0.852909    -0.817382    -0.770201    -0.710185     -0.63634    -0.548182     -0.44632    -0.333395    -0.215222    -0.101414   -0.0042651     0.064218    0.0944782    0.0832632    0.0265082   -0.0756328    -0.222691     -0.41349    -0.646464    -0.915706      -1.2161     -1.53641     -1.86345 
           0   -0.0542612     -0.10845    -0.162491    -0.216309    -0.269822    -0.322945    -0.375583    -0.427635    -0.478987    -0.529516     -0.57908    -0.627522    -0.674665    -0.720309    -0.764224    -0.806153      -0.8458    -0.882828    -0.916853    -0.947433    -0.974064    -0.996165     -1.01307     -1.02401     -1.02809      -1.0243     -1.01144    -0.988169      -0.9529     -0.90385    -0.839019    -0.756281    -0.653623    -0.529777    -0.385629    -0.226775   -0.0662998    0.0761232      0.18133     0.236238     0.239255     0.186474    0.0796573   -0.0803397    -0.292811    -0.557815    -0.869468     -1.22397     -1.60611     -1.99531 
           0   -0.0591461    -0.118228    -0.177179     -0.23593     -0.29441    -0.352539    -0.410232    -0.467393    -0.523919    -0.579688    -0.634569    -0.688409    -0.741034    -0.792246     -0.84182    -0.889495    -0.934971    -0.977905      -1.0179     -1.05449     -1.08715     -1.11525     -1.13808     -1.15478     -1.16438     -1.16569     -1.15733     -1.13767     -1.10473     -1.05613    -0.989004    -0.899866    -0.784604    -0.638721    -0.458642    -0.246068   -0.0173643     0.191833     0.346967     0.431442     0.450956     0.402498     0.291241     0.118713    -0.115255    -0.414284     -0.77337     -1.19563     -1.66151     -2.13454 
           0   -0.0641168    -0.128179     -0.19213    -0.255911    -0.319459    -0.382706    -0.445575    -0.507981    -0.569829    -0.631009    -0.691396    -0.750847    -0.809197    -0.866256    -0.921804    -0.975586     -1.02731     -1.07662     -1.12313     -1.16636     -1.20578     -1.24073     -1.27047     -1.29409     -1.31054     -1.31854     -1.31657     -1.30276     -1.27483     -1.22992      -1.1644     -1.07352    -0.950924    -0.787889    -0.572585    -0.292362    0.0449687     0.361104     0.580491     0.692784     0.729117     0.683161     0.567191     0.383602     0.131059    -0.201451    -0.605835      -1.1105     -1.70086     -2.29794 
           0   -0.0691603    -0.138277    -0.207306    -0.276199    -0.344905    -0.413367    -0.481521    -0.549294    -0.616602    -0.683347    -0.749418    -0.814684    -0.878992    -0.942164     -1.00399     -1.06424     -1.12261     -1.17879     -1.23236     -1.28289     -1.32981     -1.37249     -1.41017     -1.44194     -1.46669     -1.48313     -1.48964     -1.48426     -1.46452     -1.42731     -1.36857     -1.28281     -1.16224    -0.994964    -0.760626    -0.419022     0.111947     0.626143     0.920154      1.02538      1.09126      1.02785     0.898988      0.71403     0.464615    0.0878499    -0.325242    -0.922168     -1.72942     -2.53463 
           0   -0.0742613    -0.148492    -0.222661    -0.296733    -0.370671    -0.444431    -0.517963    -0.591208    -0.664096    -0.736547    -0.808462    -0.879729    -0.950211     -1.01975     -1.08815      -1.1552     -1.22063     -1.28412      -1.3453     -1.40375     -1.45893     -1.51023      -1.5569     -1.59806     -1.63263     -1.65932     -1.67653     -1.68231     -1.67422     -1.64915     -1.60309     -1.53065     -1.42431     -1.27278       -1.057    -0.736869    -0.196519     0.338384     0.641512       0.7113     0.786755     0.686354     0.539429     0.360423     0.135877    -0.262669    -0.653176     -1.27343     -2.11768     -2.94908 
           0   -0.0794025    -0.158789    -0.238143    -0.317444    -0.396669    -0.475791    -0.554775    -0.633578    -0.712149    -0.790423    -0.868323    -0.945755      -1.0226     -1.09873     -1.17398     -1.24814     -1.32099     -1.39223     -1.46155     -1.52852     -1.59268     -1.65345     -1.71014     -1.76192     -1.80778     -1.84651     -1.87662     -1.89629     -1.90327     -1.89474     -1.86717     -1.81603     -1.73554     -1.61839      -1.4566     -1.24884     -1.02985    -0.829763    -0.677346    -0.601497    -0.603989    -0.673601     -0.80876     -1.00855     -1.27353     -1.60468     -2.01206     -2.49176     -3.01192     -3.54291 
           0   -0.0845647    -0.169129    -0.253693    -0.338252      -0.4228    -0.507327    -0.591815     -0.67624    -0.760571    -0.844764    -0.928762      -1.0125     -1.09588     -1.17879     -1.26111     -1.34267     -1.42327     -1.50266     -1.58057     -1.65663     -1.73044     -1.80147     -1.86913     -1.93267      -1.9912     -2.04365     -2.08871     -2.12479     -2.14996     -2.16188     -2.15775     -2.13427     -2.08773     -2.01459     -1.91362     -1.79499     -1.75638     -1.77609     -1.88588     -1.73354     -1.89569     -1.80245     -1.90162      -2.1439      -2.5787     -2.75945     -3.25334     -3.48042     -3.79237     -4.16181 
           0   -0.0897266     -0.17947    -0.269247    -0.359072    -0.448956    -0.538907    -0.628927    -0.719014    -0.809156    -0.899333    -0.989513     -1.07965     -1.16969     -1.25956     -1.34914     -1.43833     -1.52695     -1.61484     -1.70174     -1.78738     -1.87141     -1.95341     -2.03287     -2.10919     -2.18162     -2.24928     -2.31107     -2.36572      -2.4117     -2.44723     -2.47028      -2.4787     -2.47047     -2.44421     -2.39937     -2.32966     -2.15706     -1.98212     -1.91037     -1.96873     -1.99399     -2.14394     -2.31355     -2.49192     -2.68965     -3.01164     -3.30049     -3.72003     -4.24355     -4.76096 
           0   -0.0948654    -0.189766    -0.284737    -0.379811    -0.475019    -0.570388    -0.665943    -0.761701    -0.857675     -0.95387     -1.05028      -1.1469     -1.24368     -1.34061      -1.4376     -1.53459     -1.63147     -1.72811     -1.82433     -1.91994     -2.01467     -2.10822     -2.20019     -2.29013     -2.37747     -2.46154     -2.54153     -2.61649     -2.68531     -2.74675     -2.79949     -2.84229     -2.87425     -2.89541     -2.90793     -2.92005      -2.9591     -3.00893     -3.05374     -3.11416     -3.21206     -3.33627      -3.4942     -3.68708     -3.91422     -4.16865      -4.4619     -4.77241     -5.08018     -5.40329 
           0   -0.0999569    -0.199968    -0.300088    -0.400369    -0.500863    -0.601617    -0.702678    -0.804088    -0.905884      -1.0081     -1.11075     -1.21387     -1.31745     -1.42149     -1.52599      -1.6309     -1.73618     -1.84175     -1.94754      -2.0534      -2.1592     -2.26472     -2.36973     -2.47392     -2.57694     -2.67834     -2.77761     -2.87413     -2.96721      -3.0561     -3.14006     -3.21845     -3.29098     -3.35807      -3.4219      -3.4921     -3.65592     -3.86987     -4.14456     -4.11732     -4.36879     -4.32839     -4.44807     -4.67987     -5.07298     -5.17804     -5.56469      -5.6513     -5.80284     -6.01552 
           0    -0.104976    -0.210026    -0.315224    -0.420643    -0.526357    -0.632434    -0.738944    -0.845953    -0.953524     -1.06172     -1.17059     -1.28018     -1.39055     -1.50173     -1.61375     -1.72663     -1.84038       -1.955     -2.07048     -2.18677     -2.30385     -2.42162        -2.54     -2.65885     -2.77804     -2.89736     -3.01659     -3.13546     -3.25368     -3.37092      -3.4869     -3.60138     -3.71429     -3.82571     -3.93499     -4.03231     -4.03105     -4.01899     -4.08918     -4.25991     -4.36696     -4.56583     -4.75296     -4.91821      -5.0727     -5.32131     -5.51071     -5.80778     -6.19679     -6.58231 
           0    -0.109895    -0.219885    -0.330063    -0.440525    -0.551363    -0.662671    -0.774541    -0.887063     -1.00033     -1.11442     -1.22944     -1.34545     -1.46255     -1.58082     -1.70033     -1.82115     -1.94336     -2.06703     -2.19223       -2.319     -2.44742     -2.57754     -2.70942     -2.84311     -2.97867     -3.11616     -3.25565     -3.39721     -3.54092     -3.68688     -3.83517     -3.98587     -4.13907     -4.29484     -4.45367     -4.61959     -4.81279     -5.00803     -5.18056      -5.3438     -5.51706     -5.68608     -5.85843      -6.0357     -6.21815     -6.40005     -6.59763     -6.79364     -6.97721     -7.17728 
           0    -0.114689    -0.229492    -0.344526    -0.459904    -0.575743    -0.692159    -0.809266    -0.927181     -1.04602      -1.1659     -1.28695     -1.40927     -1.53299     -1.65824     -1.78513      -1.9138     -2.04438     -2.17701     -2.31183       -2.449     -2.58869     -2.73108     -2.87637     -3.02482     -3.17667     -3.33225      -3.4919     -3.65605     -3.82515     -3.99969     -4.18018     -4.36702     -4.56044     -4.76033     -4.96667     -5.18475     -5.49531     -5.84702     -6.24274     -6.31318       -6.636     -6.63726     -6.76851     -6.98197     -7.32785     -7.35842     -7.64806     -7.61956     -7.64597     -7.73264 
           0    -0.119329    -0.238793    -0.358527     -0.47867    -0.599356    -0.720724    -0.842914    -0.966067     -1.09033     -1.21584     -1.34275     -1.47122     -1.60141     -1.73347     -1.86758     -2.00392     -2.14269     -2.28409     -2.42834     -2.57569     -2.72641     -2.88081     -3.03925     -3.20212      -3.3699     -3.54314     -3.72247     -3.90866     -4.10255     -4.30508     -4.51723     -4.73986     -4.97351     -5.21785      -5.4701     -5.71612     -5.86257     -5.98906     -6.18058     -6.44859     -6.62591     -6.86468     -7.06098      -7.2048     -7.30812     -7.47716     -7.56306     -7.73676     -7.99032     -8.23707 
           0    -0.123788    -0.247732    -0.371987     -0.49671    -0.622059    -0.748195    -0.875281     -1.00348     -1.13297     -1.26391     -1.39649      -1.5309     -1.66733     -1.80599     -1.94709     -2.09086     -2.23755     -2.38743     -2.54081       -2.698     -2.85938     -3.02537     -3.19646      -3.3732     -3.55626     -3.74641     -3.94456     -4.15179     -4.36937     -4.59872     -4.84143     -5.09906     -5.37291      -5.6635     -5.97003     -6.29238     -6.64303     -6.98645     -7.28778     -7.55259     -7.79792     -8.00648     -8.18614     -8.33872      -8.4649     -8.55938     -8.64221     -8.69926     -8.72806     -8.76756 
           0    -0.128041    -0.256257    -0.384823    -0.513917    -0.643716    -0.774404    -0.906165     -1.03919     -1.17367     -1.30981     -1.44782     -1.58791     -1.73032     -1.87529     -2.02308     -2.17396     -2.32824     -2.48625     -2.64834     -2.81492     -2.98645     -3.16345     -3.34652     -3.53636     -3.73379     -3.93979     -4.15551     -4.38234     -4.62194     -4.87628     -5.14764     -5.43858     -5.75171     -6.08915     -6.45174     -6.84185      -7.3307     -7.85134     -8.39144     -8.57206       -8.971     -9.01226     -9.14938     -9.33516     -9.61951     -9.55307     -9.71281     -9.52203     -9.36381     -9.25811 
           0     -0.13206    -0.264314    -0.396957    -0.530183    -0.664192    -0.799187    -0.935373     -1.07296     -1.21218     -1.35324     -1.49639     -1.64187     -1.78995      -1.9409     -2.09503     -2.25264     -2.41409     -2.57976     -2.75007     -2.92549     -3.10654     -3.29383     -3.48806     -3.69003     -3.90071     -4.12121     -4.35291     -4.59745     -4.85684     -5.13354     -5.43061     -5.75175     -6.10141     -6.48436     -6.90336     -7.34629     -7.70904     -8.04236      -8.4033     -8.79233     -9.05033     -9.32909     -9.52998     -9.64414     -9.68225     -9.74519     -9.68467     -9.66412     -9.68736     -9.69504 
           0    -0.135822    -0.271855    -0.408312    -0.545407    -0.683358    -0.822386    -0.962717     -1.10459     -1.24823     -1.39391     -1.54188     -1.69241      -1.8458     -2.00236     -2.16241     -2.32632     -2.49447     -2.66729     -2.84524     -3.02884     -3.21869     -3.41544     -3.61987     -3.83286     -4.05546     -4.28891      -4.5347     -4.79467     -5.07106     -5.36674     -5.68534     -6.03167     -6.41219     -6.83584     -7.31522     -7.86747     -8.50554     -9.12653     -9.63077     -10.0218     -10.3504     -10.5961     -10.7787     -10.9016     -10.9634     -10.9463     -10.8733     -10.6969     -10.4184     -10.1422 
           0    -0.139302    -0.278832    -0.418819    -0.559494    -0.701092    -0.843853    -0.988022     -1.13385      -1.2816     -1.43155     -1.58398     -1.73919     -1.89749     -2.05923     -2.22476     -2.39448      -2.5688     -2.74818     -2.93313     -3.12421     -3.32204     -3.52734     -3.74092      -3.9637     -4.19678     -4.44146     -4.69927     -4.97211     -5.26234     -5.57296     -5.90787     -6.27242     -6.67423     -7.12517     -7.64627     -8.28453     -9.20512     -10.1534     -10.9316     -11.2041     -11.6992     -11.7541      -11.884     -12.0502     -12.2936     -12.1024     -12.1392     -11.6764     -11.0554     -10.4879 
           0    -0.142478      -0.2852    -0.428408    -0.572352     -0.71728     -0.86345     -1.01112     -1.16057     -1.31207     -1.46592     -1.62242     -1.78189     -1.94468     -2.11114     -2.28166     -2.45665     -2.63656     -2.82188     -3.01314     -3.21093      -3.4159     -3.62877     -3.85038     -4.08168     -4.32374     -4.57785     -4.84552     -5.12859     -5.42933     -5.75057     -6.09605     -6.47077      -6.8818      -7.3398     -7.86195     -8.47676     -9.21115     -9.92462     -10.4814     -10.8958     -11.2414     -11.4908     -11.6693     -11.7808      -11.823     -11.7721     -11.6576     -11.4087     -11.0158     -10.6201 
           0    -0.145331    -0.290918    -0.437021      -0.5839    -0.731819    -0.881051     -1.03187     -1.18457     -1.33944     -1.49679     -1.65694     -1.82024     -1.98704     -2.15773     -2.33271     -2.51241     -2.69731     -2.88791     -3.08475     -3.28845     -3.49966     -3.71912     -3.94764     -4.18615     -4.43569     -4.69748     -4.97291     -5.26365     -5.57169     -5.89949     -6.25011     -6.62748      -7.0367     -7.48435     -7.97806     -8.52245      -9.1023     -9.66163     -10.1464     -10.5405     -10.8612     -11.1048       -11.28     -11.3891     -11.4313     -11.3996     -11.2996     -11.1167     -10.8703     -10.6163 
           0    -0.147841    -0.295951      -0.4446    -0.594062    -0.744615    -0.896541     -1.05013     -1.20569     -1.36352     -1.52395     -1.68732     -1.85398     -2.02431     -2.19871      -2.3776     -2.56142     -2.75067     -2.94585     -3.14754     -3.35633     -3.57288     -3.79792     -4.03225     -4.27672     -4.53232     -4.80014     -5.08141     -5.37752     -5.69009       -6.021     -6.37241     -6.74683     -7.14698     -7.57532     -8.03261     -8.51419     -9.00409     -9.47412     -9.89693     -10.2566     -10.5545      -10.787     -10.9573     -11.0669     -11.1158     -11.1024     -11.0322     -10.9059     -10.7413     -10.5663 
           0    -0.149993    -0.300266    -0.451098    -0.602775    -0.755584    -0.909821     -1.06579     -1.22379     -1.38416     -1.54723     -1.71336      -1.8829     -2.05625     -2.23382     -2.41603     -2.60337     -2.79631     -2.99538     -3.20115     -3.41421     -3.63522     -3.86488     -4.10394     -4.35321     -4.61356     -4.88594     -5.17138     -5.47098      -5.7859      -6.1174     -6.46671     -6.83495     -7.22285     -7.63006     -8.05397     -8.48785     -8.91924     -9.33121     -9.70726     -10.0351     -10.3117     -10.5324      -10.698      -10.809     -10.8663     -10.8707     -10.8284     -10.7439     -10.6305     -10.5048 
           0    -0.151773    -0.303834    -0.456473    -0.609981    -0.764657    -0.920804     -1.07873     -1.23877     -1.40124     -1.56649     -1.73489     -1.90681     -2.08264     -2.26283     -2.44779     -2.63801     -2.83398     -3.03623     -3.24532     -3.46185     -3.68645     -3.91979     -4.16259     -4.41557     -4.67951     -4.95521     -5.24348     -5.54513     -5.86089     -6.19143     -6.53716     -6.89813     -7.27363     -7.66175     -8.05857     -8.45748     -8.84887      -9.2212     -9.56322     -9.86554     -10.1242     -10.3345     -10.4959     -10.6086     -10.6738     -10.6933     -10.6732     -10.6184     -10.5389     -10.4457 
           0     -0.15317    -0.306634    -0.460689    -0.615635    -0.771775    -0.929421     -1.08889     -1.25051     -1.41463     -1.58159     -1.75177     -1.92555     -2.10334     -2.28557     -2.47267     -2.66514     -2.86347     -3.06819     -3.27985     -3.49906     -3.72641     -3.96255     -4.20815     -4.46387      -4.7304      -5.0084     -5.29849     -5.60119     -5.91691      -6.2458     -6.58767     -6.94178     -7.30656     -7.67928     -8.05569     -8.42972     -8.79365     -9.13883     -9.45684     -9.74021      -9.9851     -10.1871     -10.3452     -10.4594      -10.531     -10.5621     -10.5583      -10.524      -10.467     -10.3955 
           0    -0.154173    -0.308646     -0.46372    -0.619699    -0.776892    -0.935615     -1.09619     -1.25896     -1.42426     -1.59245     -1.76391     -1.93903     -2.11821      -2.3019     -2.49055     -2.68463     -2.88464     -3.09112     -3.30461     -3.52571       -3.755      -3.9931     -4.24064     -4.49824     -4.76651     -5.04598     -5.33714     -5.64031     -5.95561     -6.28286     -6.62143     -6.97009     -7.32677      -7.6884     -8.05068     -8.40807       -8.754     -9.08142     -9.38348     -9.65392     -9.88921     -10.0853     -10.2411     -10.3564     -10.4326     -10.4717     -10.4788     -10.4579     -10.4154     -10.3578 
           0    -0.154778    -0.309859    -0.465547    -0.622148    -0.779976    -0.939348     -1.10059     -1.26405     -1.43006     -1.59899     -1.77122     -1.94714     -2.12717     -2.31174     -2.50131     -2.69636     -2.89738     -3.10491      -3.3195     -3.54172     -3.77217     -4.01143     -4.26011     -4.51881     -4.78806     -5.06835     -5.36006     -5.66339     -5.97829     -6.30437     -6.64076     -6.98595     -7.33765     -7.69262     -8.04662     -8.39443     -8.73013     -9.04747     -9.34041     -9.60337     -9.83303     -10.0256       -10.18      -10.296     -10.3749     -10.4187     -10.4321     -10.4188     -10.3844     -10.3345 
           0     -0.15498    -0.310264    -0.466157    -0.622966    -0.781006    -0.940595     -1.10206     -1.26575       -1.432     -1.60118     -1.77366     -1.94985     -2.13017     -2.31503     -2.50491     -2.70027     -2.90163     -3.10952     -3.32447     -3.54707     -3.77789     -4.01754      -4.2666     -4.52565     -4.79522     -5.07578     -5.36765     -5.67101     -5.98576     -6.31142     -6.64705     -6.99105     -7.34107     -7.69382     -8.04509     -8.38979     -8.72217     -9.03623     -9.32621     -9.58672     -9.81452      -10.006     -10.1599     -10.2761     -10.3559     -10.4012     -10.4167     -10.4058      -10.374     -10.3266 